,id,latitude,longitude,time,magnitude,mc_current
49,nc72572935,36.6753333,-121.3046667,2016-01-03 01:49:09.860,2.1,2.0
88,nc72573315,36.4556667,-121.019,2016-01-03 23:51:14.880,2.2,2.0
106,ci37510112,33.7663333,-116.0705,2016-01-04 10:25:41.220,2.3000000000000003,2.0
160,ci37510616,33.9585,-116.8883333,2016-01-06 14:42:34.880,4.4,2.0
170,ci37510720,34.0055,-117.1795,2016-01-07 00:24:23.240,2.4000000000000004,2.0
179,ci37510776,34.004,-117.1821667,2016-01-07 05:24:05.540,2.2,2.0
218,nc72577646,36.6561667,-121.2841667,2016-01-08 22:18:16.770,2.8000000000000003,2.0
222,nc72577666,36.6573333,-121.2861667,2016-01-08 23:46:58.560,2.4000000000000004,2.0
235,nc72577866,36.8496667,-121.5826667,2016-01-09 17:43:30.120,3.1,2.0
236,nc72577871,36.8503333,-121.5836667,2016-01-09 17:46:51.400,2.9000000000000004,2.0
237,nc72577876,36.85,-121.5825,2016-01-09 17:49:38.050,2.6,2.0
238,nc72577896,36.8493333,-121.5828333,2016-01-09 18:07:57.310,2.3000000000000003,2.0
245,nc72577951,36.8486667,-121.5798333,2016-01-09 20:35:48.110,2.1,2.0
278,ci37511880,34.1848333,-117.4098333,2016-01-11 03:49:32.300,2.0,2.0
286,ci37512080,34.0015,-117.0468333,2016-01-11 19:47:58.200,2.1,2.0
301,nc72578756,36.4416667,-121.006,2016-01-12 02:55:28.070,2.1,2.0
307,nc72578776,36.6841667,-121.3245,2016-01-12 05:03:20.080,2.2,2.0
317,ci37512520,33.969,-116.8671667,2016-01-12 17:37:24.650,2.4000000000000004,2.0
339,ci37295487,34.9343333,-118.9981667,2016-01-13 14:11:40.820,2.1,2.0
450,nc72581161,36.8448333,-121.5771667,2016-01-17 18:09:36.320,2.1,2.0
454,ci37297335,34.0333333,-117.2275,2016-01-17 20:53:45.320,2.0,2.0
466,nc72581366,36.8461667,-121.5775,2016-01-18 09:51:23.680,2.6,2.0
481,ci37297575,34.0571667,-116.991,2016-01-18 20:19:46.210,2.6,2.0
530,ci37298087,34.1936667,-117.4505,2016-01-20 17:08:48.430,2.1,2.0
548,nc72582791,36.8423333,-121.5731667,2016-01-21 10:37:29.770,2.5,2.0
585,nc72583476,36.5845,-121.1798333,2016-01-22 23:37:15.310,2.2,2.0
592,nc72583556,36.9338333,-121.5001667,2016-01-23 04:10:51.250,2.3000000000000003,2.0
630,nc72584141,36.2181667,-120.7933333,2016-01-24 19:14:06.560,2.0,2.0
656,ci37299991,33.9478333,-117.2153333,2016-01-26 14:15:56.270,2.3000000000000003,2.0
672,ci37300407,34.0356667,-117.2353333,2016-01-27 11:42:52.180,2.5,2.0
694,nc72585796,37.3215,-122.1026667,2016-01-28 22:04:30.000,2.0,2.0
699,nc72586071,36.5865,-121.1825,2016-01-29 13:27:07.940,2.6,2.0
701,nc72586146,36.5843333,-121.1883333,2016-01-29 16:57:54.490,2.3000000000000003,2.0
759,nc72587101,36.757,-121.4685,2016-02-01 12:32:51.330,2.6,2.0
771,nc72587271,36.6536667,-121.28,2016-02-02 00:48:37.930,2.0,2.0
776,nc72587386,36.6536667,-121.2805,2016-02-02 09:06:17.680,2.2,2.0
806,nc72588086,36.9441667,-121.4395,2016-02-03 14:17:29.530,2.2,2.0
807,ci37519872,34.1475,-117.5815,2016-02-03 16:37:18.340,2.9000000000000004,2.0
816,ci37520200,35.4606667,-119.9756667,2016-02-04 07:20:58.120,3.5,2.0
820,ci37520328,34.1833333,-117.3985,2016-02-04 14:05:24.420,2.5,2.0
840,ci37520688,33.7428333,-116.1658333,2016-02-05 11:23:28.160,2.1,2.0
843,ci37520720,33.7425,-116.1625,2016-02-05 12:43:11.230,2.1,2.0
855,ci37520848,33.7436667,-116.1636667,2016-02-05 21:39:11.420,2.2,2.0
899,ci37521568,35.4643333,-119.9733333,2016-02-08 06:20:42.400,3.5,2.0
915,nc72588105,36.9563333,-121.4465,2016-02-08 21:00:29.780,2.6,2.0
957,nc72589300,36.9565,-121.4486667,2016-02-11 13:29:26.110,2.0,2.0
976,ci37523360,34.016,-117.2195,2016-02-13 01:55:23.620,2.2,2.0
1013,nc72591105,36.399,-120.9821667,2016-02-14 16:19:33.640,2.4000000000000004,2.0
1019,nc72591185,36.4776667,-121.058,2016-02-14 20:19:00.410,2.2,2.0
1052,nc72592170,36.588,-121.1846667,2016-02-16 03:53:39.220,2.6,2.0
1097,nc72592975,36.8108333,-121.5318333,2016-02-17 09:27:57.260,2.5,2.0
1134,nc72593910,37.7225,-122.5421667,2016-02-19 03:49:15.930,2.0,2.0
1137,nc72593955,36.869,-121.5988333,2016-02-19 05:28:35.910,2.0,2.0
1147,nc72594280,36.871,-121.6021667,2016-02-19 17:08:03.770,2.0,2.0
1197,ci37526984,34.1748333,-117.4231667,2016-02-21 09:57:59.700,2.5,2.0
1240,nc72596060,37.3528333,-122.21,2016-02-23 02:45:29.390,2.9000000000000004,2.0
1280,ci37528112,34.0408333,-116.6956667,2016-02-24 02:02:32.730,2.1,2.0
1284,nc72596700,36.1963333,-120.7626667,2016-02-24 04:26:22.850,2.8000000000000003,2.0
1305,ci37528392,33.9966667,-117.2683333,2016-02-24 20:03:19.460,2.0,2.0
1344,nc72598005,36.6191667,-121.2206667,2016-02-25 23:54:31.860,2.0,2.0
1367,nc72598620,35.9723333,-120.5321667,2016-02-27 01:55:36.400,2.8000000000000003,2.0
1379,nc72598775,36.5553333,-121.0563333,2016-02-27 12:27:32.440,2.4000000000000004,2.0
1392,nc72598935,36.5548333,-121.0585,2016-02-27 20:49:20.970,2.0,2.0
1401,nc72599115,36.5388333,-121.0955,2016-02-28 05:04:57.030,2.2,2.0
1402,nc72599130,36.6223333,-121.2318333,2016-02-28 05:56:47.390,2.8000000000000003,2.0
1452,nc72600610,37.3228333,-122.1015,2016-03-01 21:12:25.930,2.1,2.0
1508,ci37314047,34.0021667,-117.2005,2016-03-03 18:22:37.610,2.6,2.0
1511,nc72601685,36.7278333,-121.3956667,2016-03-03 21:31:14.140,2.0,2.0
1517,nc72601825,38.9018333,-123.6023333,2016-03-04 05:34:46.260,2.1,2.0
1548,nc72602525,36.6233333,-121.2311667,2016-03-05 15:43:45.080,2.2,2.0
1578,nc72603055,36.9808333,-121.4626667,2016-03-07 03:09:20.220,2.9000000000000004,2.0
1630,nc72604140,36.0333333,-120.6048333,2016-03-09 02:50:21.840,2.0,2.0
1631,nc72604200,36.667,-121.2876667,2016-03-09 06:20:42.950,2.4000000000000004,2.0
1677,ci37534352,33.887,-116.2385,2016-03-11 10:50:23.460,2.0,2.0
1706,nc72605720,36.4776667,-121.0566667,2016-03-12 12:00:42.110,2.5,2.0
1747,nc72606285,36.7688333,-121.4641667,2016-03-13 23:32:18.530,2.4000000000000004,2.0
1749,ci37535344,34.2095,-117.5653333,2016-03-14 01:01:10.230,2.6,2.0
1750,ci37535352,33.9975,-116.3723333,2016-03-14 01:07:30.880,2.1,2.0
1759,ci37535464,33.2471667,-115.6481667,2016-03-14 09:55:37.780,2.2,2.0
1775,nc72606785,36.562,-121.072,2016-03-15 08:59:02.810,2.5,2.0
1776,nc72606855,35.5418333,-120.2598333,2016-03-15 13:08:06.180,2.6,2.0
1787,ci37535944,34.156,-116.8136667,2016-03-16 04:16:59.300,2.0,2.0
1803,nc72607520,36.9548333,-121.5728333,2016-03-16 23:43:01.640,2.2,2.0
1884,nc72609590,37.0421667,-121.4891667,2016-03-20 05:39:03.410,2.3000000000000003,2.0
1986,ci37538936,34.0061667,-116.7871667,2016-03-23 16:45:57.010,2.1,2.0
2004,ci37322335,34.9116667,-119.0203333,2016-03-24 16:35:21.720,2.0,2.0
2005,nc72612035,36.811,-121.5353333,2016-03-24 18:04:28.460,2.8000000000000003,2.0
2008,nc72612165,39.1436667,-123.5541667,2016-03-25 02:21:58.790,2.2,2.0
2095,ci37324311,33.8818333,-116.7413333,2016-03-29 22:19:57.780,2.3000000000000003,2.0
2131,nc72615080,37.6215,-122.4755,2016-03-30 23:14:53.320,2.0,2.0
2188,nc72616265,36.035,-120.596,2016-04-02 11:22:05.070,2.0,2.0
2226,nc72617665,36.5863333,-121.1871667,2016-04-04 18:24:12.910,2.1,2.0
2321,nc72619435,36.5886667,-121.1833333,2016-04-08 12:31:56.120,2.3000000000000003,2.0
2336,nc72619755,36.028,-120.5893333,2016-04-08 17:59:54.080,2.2,2.0
2377,nc72620765,36.4985,-121.0785,2016-04-11 14:19:36.470,2.1,2.0
2403,nc72621320,36.6196667,-121.2268333,2016-04-12 21:23:03.770,2.2,2.0
2409,nc72621445,36.0171667,-120.5838333,2016-04-13 04:45:42.420,2.3000000000000003,2.0
2417,ci37549176,34.6093333,-118.6328333,2016-04-13 13:05:42.810,2.2,2.0
2423,nc72621810,36.2423333,-120.8075,2016-04-13 18:05:03.610,2.2,2.0
2439,nc72622070,36.9691667,-121.6166667,2016-04-14 03:52:07.160,2.3000000000000003,2.0
2448,nc72622315,36.6161667,-121.2231667,2016-04-14 22:23:04.940,2.6,2.0
2459,ci37549920,34.0108333,-117.2063333,2016-04-15 08:04:55.400,2.0,2.0
2499,ci37550504,34.6123333,-118.63,2016-04-17 15:14:39.510,2.1,2.0
2548,nc72624590,38.9821667,-123.433,2016-04-19 18:34:38.480,2.9000000000000004,2.0
2600,nc72625865,36.8001667,-121.2166667,2016-04-22 02:06:53.340,2.1,2.0
2630,ci37335807,34.614,-118.6341667,2016-04-23 10:59:06.410,2.7,2.0
2639,ci37335927,34.6128333,-118.6373333,2016-04-23 17:50:05.550,2.0,2.0
2666,nc72626975,36.6543333,-121.2683333,2016-04-24 20:59:29.800,2.8000000000000003,2.0
2692,ci37336479,34.2798333,-117.0321667,2016-04-26 08:07:21.040,2.9000000000000004,2.0
2727,ci37337151,34.0158333,-117.2093333,2016-04-28 05:51:41.790,2.2,2.0
2741,nc72628395,36.5658333,-121.0398333,2016-04-28 20:07:45.020,2.1,2.0
2846,ci37339575,33.7446667,-116.0295,2016-05-04 05:25:16.980,2.2,2.0
2849,ci37339751,33.7468333,-116.0283333,2016-05-04 13:47:54.550,2.4000000000000004,2.0
2852,ci37339815,33.7475,-116.0278333,2016-05-04 15:51:19.290,2.2,2.0
2853,ci37559336,33.7481667,-116.0295,2016-05-04 17:15:35.180,2.2,2.0
2861,nc72630965,36.8393333,-121.57,2016-05-05 03:03:17.100,3.0,2.0
2869,nc72630990,36.8351667,-121.5653333,2016-05-05 06:05:16.880,2.0,2.0
2936,ci37561016,33.7495,-116.0281667,2016-05-07 14:44:07.420,2.2,2.0
2939,ci37561144,33.7485,-116.0276667,2016-05-07 20:16:17.720,2.4000000000000004,2.0
2944,ci37561256,33.7501667,-116.0305,2016-05-07 23:04:58.610,2.2,2.0
2949,nc72632390,35.998,-120.5626667,2016-05-08 07:55:00.040,2.7,2.0
2969,ci37561888,34.4586667,-117.9343333,2016-05-09 01:40:45.980,2.1,2.0
2975,ci37562088,33.87,-116.7756667,2016-05-09 09:44:35.370,2.4000000000000004,2.0
2977,ci37562120,34.4585,-118.0126667,2016-05-09 11:15:47.450,2.1,2.0
3003,nc72633060,36.47,-121.0496667,2016-05-09 20:14:55.900,2.1,2.0
3034,nc72633490,36.6555,-121.2816667,2016-05-10 22:50:53.270,2.6,2.0
3044,nc72633760,36.6538333,-121.2813333,2016-05-11 09:26:51.630,2.1,2.0
3112,nc72635510,36.4096667,-120.9918333,2016-05-14 07:36:32.290,2.6,2.0
3125,nc72635710,37.0313333,-121.4865,2016-05-14 19:39:18.530,3.0,2.0
3183,ci37568784,33.2455,-115.6358333,2016-05-16 11:50:36.670,2.5,2.0
3184,ci37568816,34.0703333,-116.7276667,2016-05-16 12:47:50.650,2.0,2.0
3186,ci37568856,33.2426667,-115.6341667,2016-05-16 14:54:15.160,2.2,2.0
3204,nc72636855,35.9686667,-120.5261667,2016-05-17 22:58:06.000,3.5,2.0
3215,nc72637000,36.9231667,-121.3868333,2016-05-18 08:13:11.790,2.2,2.0
3229,ci37570720,33.9166667,-116.1215,2016-05-19 09:05:40.260,2.2,2.0
3235,nc72637850,36.5376667,-121.1233333,2016-05-19 21:10:01.520,2.3000000000000003,2.0
3237,nc72637870,36.5381667,-121.1208333,2016-05-19 22:17:22.930,2.0,2.0
3245,ci37571304,33.766,-116.0733333,2016-05-20 06:19:07.020,2.0,2.0
3308,nc72641246,36.5818333,-121.147,2016-05-23 22:20:18.590,2.1,2.0
3312,nc72641331,40.0868333,-123.995,2016-05-24 01:44:47.940,2.2,2.0
3313,ci37573280,34.1716667,-117.6311667,2016-05-24 02:28:26.850,3.5,2.0
3394,nc72642566,36.7575,-121.072,2016-05-28 00:20:17.150,2.0,2.0
3403,nc72642836,37.7383333,-122.5795,2016-05-28 21:31:43.570,2.1,2.0
3417,ci37578184,34.1023333,-116.9386667,2016-05-29 20:12:28.420,2.2,2.0
3420,nc72643171,36.0475,-120.6175,2016-05-30 04:58:27.110,2.0,2.0
3421,nc72643186,36.9623333,-121.5958333,2016-05-30 05:42:32.990,2.0,2.0
3423,nc72643201,36.781,-121.4998333,2016-05-30 06:35:22.620,2.0,2.0
3469,nc72644231,36.5796667,-121.1696667,2016-06-01 19:29:18.660,2.1,2.0
3480,nc72644576,36.0466667,-120.6101667,2016-06-02 05:45:22.210,2.5,2.0
3513,ci37367951,34.1796667,-117.2931667,2016-06-02 23:06:15.930,3.1,2.0
3542,nc72645676,37.2076667,-122.1655,2016-06-04 13:04:18.520,3.4000000000000004,2.0
3559,ci37370663,34.0275,-117.203,2016-06-05 18:44:26.010,2.1,2.0
3637,nc72648601,36.7346667,-121.4115,2016-06-10 02:09:45.950,2.5,2.0
3744,nc72649486,36.0031667,-120.5635,2016-06-10 19:52:50.290,2.5,2.0
3782,nc72650061,36.213,-120.777,2016-06-11 20:32:50.650,3.0,2.0
3805,ci37384415,34.1205,-116.9228333,2016-06-12 18:55:47.220,2.0,2.0
3873,nc72651646,36.4458333,-121.0156667,2016-06-15 13:43:24.130,2.1,2.0
3888,ci37389015,34.0723333,-116.3785,2016-06-16 17:02:02.530,3.5,2.0
3893,nc72652061,36.5455,-121.1355,2016-06-16 23:41:56.330,2.1,2.0
3898,nc72652131,36.982,-121.6381667,2016-06-17 04:14:57.850,2.5,2.0
3907,ci37389823,34.2021667,-116.8313333,2016-06-17 13:39:59.470,3.1,2.0
3927,nc72652481,36.4733333,-121.0551667,2016-06-18 03:14:32.440,2.0,2.0
4001,ci37393751,34.0735,-117.2758333,2016-06-21 03:22:10.470,2.1,2.0
4036,nc72654316,36.6343333,-121.256,2016-06-22 18:43:03.320,3.0,2.0
4052,nc72654526,35.973,-120.5275,2016-06-23 10:17:35.490,2.8000000000000003,2.0
4093,ci37613408,34.8278333,-118.9211667,2016-06-26 11:50:06.420,2.0,2.0
4103,nc72655911,35.977,-120.536,2016-06-27 12:06:50.270,2.4000000000000004,2.0
4151,nc72657016,36.8066667,-121.5346667,2016-06-30 14:02:15.030,2.3000000000000003,2.0
4165,nc72657271,36.586,-121.1276667,2016-07-01 12:37:45.230,2.9000000000000004,2.0
4167,ci37618152,34.1168333,-116.9226667,2016-07-01 15:56:35.240,2.9000000000000004,2.0
4183,nc72657661,36.6878333,-121.2873333,2016-07-02 13:44:36.360,2.3000000000000003,2.0
4184,nc72657696,36.4046667,-120.9848333,2016-07-02 16:13:35.430,2.0,2.0
4247,nc72659251,36.6908333,-121.286,2016-07-07 13:41:04.750,2.0,2.0
4302,nc72659811,37.8176667,-122.5963333,2016-07-09 19:20:09.120,2.6,2.0
4335,nc72660386,38.9918333,-123.4895,2016-07-11 15:56:53.230,2.6,2.0
4357,nc72660651,36.447,-121.0048333,2016-07-12 07:09:11.930,2.3000000000000003,2.0
4404,nc72661811,36.6108333,-121.22,2016-07-15 08:20:23.000,2.3000000000000003,2.0
4412,nc72662191,37.0026667,-121.4638333,2016-07-16 06:31:59.760,2.3000000000000003,2.0
4419,ci37416895,34.1568333,-116.8093333,2016-07-16 16:07:03.250,2.0,2.0
4443,nc72662796,36.6908333,-121.3201667,2016-07-18 05:26:12.530,3.1,2.0
4444,nc72662801,36.6941667,-121.3251667,2016-07-18 05:29:00.920,2.4000000000000004,2.0
4445,nc72662806,36.6933333,-121.3246667,2016-07-18 05:37:48.410,2.3000000000000003,2.0
4446,nc72662816,36.6898333,-121.3251667,2016-07-18 05:53:31.160,3.8000000000000003,2.0
4447,nc72662821,36.6903333,-121.3211667,2016-07-18 05:56:34.120,2.0,2.0
4448,nc72662831,36.6971667,-121.331,2016-07-18 06:01:27.050,3.3000000000000003,2.0
4449,nc72662836,36.6936667,-121.3246667,2016-07-18 06:03:51.210,2.7,2.0
4450,nc72662841,36.6948333,-121.3256667,2016-07-18 06:06:16.920,2.9000000000000004,2.0
4451,nc72662846,36.6926667,-121.3291667,2016-07-18 06:06:48.460,2.3000000000000003,2.0
4452,nc72662851,36.6855,-121.333,2016-07-18 06:14:36.410,3.3000000000000003,2.0
4453,nc72662856,36.693,-121.3495,2016-07-18 06:15:10.660,2.9000000000000004,2.0
4458,nc72662876,36.6936667,-121.3261667,2016-07-18 06:54:12.200,2.8000000000000003,2.0
4471,nc72663146,36.8808333,-121.4131667,2016-07-19 01:28:57.040,2.2,2.0
4487,nc72663326,36.9823333,-121.6423333,2016-07-19 13:12:10.480,2.1,2.0
4497,nc72663506,36.6925,-121.3296667,2016-07-19 21:38:38.910,4.2,2.0
4498,nc71103759,36.697,-121.3413333,2016-07-19 21:39:20.380,3.9000000000000004,2.0
4501,nc72663526,36.6895,-121.3215,2016-07-19 21:48:15.440,2.9000000000000004,2.0
4502,nc72663541,36.6928333,-121.324,2016-07-19 22:03:14.460,2.0,2.0
4505,nc72663586,36.6938333,-121.324,2016-07-19 23:43:43.750,2.3000000000000003,2.0
4507,nc72663596,36.6938333,-121.3245,2016-07-20 00:08:27.370,2.1,2.0
4517,nc72663766,36.6911667,-121.316,2016-07-20 05:14:04.090,2.9000000000000004,2.0
4519,nc72663826,36.833,-121.5643333,2016-07-20 07:08:04.360,2.9000000000000004,2.0
4522,nc72663866,36.8313333,-121.563,2016-07-20 07:47:45.740,2.2,2.0
4546,nc72664261,36.6921667,-121.3231667,2016-07-21 13:33:02.590,2.0,2.0
4576,nc72664891,36.4125,-120.993,2016-07-22 15:22:00.770,2.2,2.0
4579,nc72664946,36.6955,-121.3251667,2016-07-22 18:20:10.320,2.4000000000000004,2.0
4581,nc72664991,36.6688333,-121.2858333,2016-07-22 21:01:15.600,2.9000000000000004,2.0
4595,nc72665411,36.631,-121.25,2016-07-23 23:24:01.950,3.0,2.0
4617,nc72666151,37.0013333,-121.4576667,2016-07-25 15:04:28.810,2.1,2.0
4624,nc72666296,36.4683333,-121.0485,2016-07-25 22:47:36.210,2.1,2.0
4657,nc72667016,36.646,-121.2611667,2016-07-27 13:50:11.500,2.1,2.0
4659,ci37640856,33.7266667,-115.9446667,2016-07-27 16:17:34.070,2.2,2.0
4661,ci37640896,33.9368333,-116.7363333,2016-07-27 17:22:12.460,2.0,2.0
4663,ci37640960,34.1613333,-116.8086667,2016-07-27 17:59:44.910,2.6,2.0
4680,nc72667661,36.81,-121.5371667,2016-07-28 19:48:59.850,2.0,2.0
4686,nc72667826,36.6876667,-121.318,2016-07-29 00:20:08.280,2.2,2.0
4694,ci37642496,33.1893333,-115.6475,2016-07-29 13:07:58.440,2.5,2.0
4703,ci37642888,33.1861667,-115.6403333,2016-07-29 18:56:09.770,2.0,2.0
4705,ci37143692,33.1928333,-115.6418333,2016-07-29 18:56:37.700,2.3000000000000003,2.0
4706,ci37642896,33.1908333,-115.6421667,2016-07-29 18:58:36.000,2.4000000000000004,2.0
4709,ci37643032,33.1895,-115.6435,2016-07-29 19:52:49.050,2.0,2.0
4745,ci37644008,34.9318333,-119.017,2016-07-31 01:50:26.430,2.7,2.0
4750,nc72669716,36.5815,-121.1793333,2016-07-31 04:16:59.640,2.1,2.0
4796,nc72669035,36.4963333,-121.0745,2016-08-01 19:26:10.040,2.1,2.0
4803,ci37645368,34.0383333,-117.2508333,2016-08-02 00:48:56.090,2.3000000000000003,2.0
4862,ci37647208,34.225,-117.4558333,2016-08-04 09:05:49.660,2.3000000000000003,2.0
4874,nc72670365,36.5781667,-121.1721667,2016-08-04 14:57:22.350,2.1,2.0
4925,ci37437519,33.9491667,-116.3245,2016-08-06 21:52:10.550,2.4000000000000004,2.0
4934,nc72671555,36.701,-121.3356667,2016-08-07 06:30:04.860,2.0,2.0
4954,ci37438863,33.9485,-116.7901667,2016-08-08 16:07:06.660,2.0,2.0
4956,ci37439407,34.045,-117.248,2016-08-08 23:31:57.260,2.0,2.0
4959,nc72672265,37.6273333,-122.4728333,2016-08-09 02:31:26.490,2.0,2.0
4967,nc72672430,36.2965,-120.7951667,2016-08-09 12:55:39.540,3.3000000000000003,2.0
4971,nc72672485,36.2966667,-120.7921667,2016-08-09 16:19:44.980,2.7,2.0
5076,nc72675881,37.0281667,-121.4911667,2016-08-12 05:03:21.020,2.1,2.0
5082,nc72675941,36.5765,-121.1765,2016-08-12 09:08:05.890,3.4000000000000004,2.0
5104,nc72676261,37.8585,-122.5893333,2016-08-13 00:23:35.550,2.0,2.0
5166,nc72677331,36.8873333,-121.401,2016-08-14 20:53:16.950,2.3000000000000003,2.0
5178,nc72677741,36.7015,-121.338,2016-08-15 16:17:21.510,3.6,2.0
5186,ci37446943,33.9803333,-116.7178333,2016-08-15 21:02:16.440,3.3000000000000003,2.0
5191,ci37447039,33.7665,-115.912,2016-08-15 22:35:44.780,2.2,2.0
5217,nc72678431,36.6996667,-121.332,2016-08-16 21:54:23.550,2.5,2.0
5218,nc72678436,36.6945,-121.3365,2016-08-16 21:54:28.690,3.1,2.0
5219,nc72678441,36.6943333,-121.3271667,2016-08-16 22:05:28.530,3.2,2.0
5281,nc72680576,36.5501667,-121.137,2016-08-19 18:04:05.880,2.1,2.0
5282,nc72680626,36.2456667,-120.819,2016-08-19 18:48:56.990,2.1,2.0
5337,ci37668064,34.0836667,-117.2981667,2016-08-22 04:22:05.070,2.4000000000000004,2.0
5370,ci37669952,34.0093333,-116.4448333,2016-08-23 20:04:24.340,2.3000000000000003,2.0
5385,nc72684676,35.7391667,-120.2965,2016-08-25 01:52:45.740,2.4000000000000004,2.0
5390,nc72684746,36.6778333,-121.3048333,2016-08-25 04:10:35.620,2.0,2.0
5407,ci37672144,34.1663333,-117.4451667,2016-08-25 23:46:34.220,2.0,2.0
5410,nc72685246,36.5158333,-121.1001667,2016-08-26 03:19:01.960,2.4000000000000004,2.0
5416,ci37672752,33.8213333,-116.9701667,2016-08-26 11:05:06.130,2.1,2.0
5430,nc72685821,36.5746667,-121.1716667,2016-08-27 08:19:35.180,2.1,2.0
5431,nc72685826,36.4636667,-121.0068333,2016-08-27 08:26:22.020,2.3000000000000003,2.0
5450,nc72686391,36.5751667,-121.1686667,2016-08-28 02:24:37.080,2.8000000000000003,2.0
5451,ci37674728,34.7458333,-118.7683333,2016-08-28 05:45:46.020,2.7,2.0
5483,nc72687101,36.8196667,-121.3523333,2016-08-29 09:32:03.340,2.8000000000000003,2.0
5484,nc72687111,36.8193333,-121.3511667,2016-08-29 09:37:05.460,2.3000000000000003,2.0
5521,nc72688216,36.1698333,-120.7338333,2016-08-31 16:45:22.520,2.8000000000000003,2.0
5546,nc72688676,36.5693333,-121.126,2016-09-01 20:03:32.150,2.2,2.0
5548,nc72688736,37.021,-121.475,2016-09-01 22:57:19.340,2.0,2.0
5559,ci37467503,34.0831667,-116.7145,2016-09-02 15:42:14.610,3.1,2.0
5586,nc72689501,36.5628333,-121.0935,2016-09-03 16:15:20.160,2.3000000000000003,2.0
5615,ci37469791,34.061,-117.2528333,2016-09-05 03:32:39.800,2.5,2.0
5631,nc72690341,36.4678333,-121.0471667,2016-09-05 20:21:51.120,2.3000000000000003,2.0
5641,ci37470495,34.025,-117.2305,2016-09-06 05:21:10.100,2.8000000000000003,2.0
5657,nc72691026,36.567,-121.1631667,2016-09-06 23:03:11.610,2.3000000000000003,2.0
5664,nc72691146,35.4425,-120.2306667,2016-09-07 07:28:31.050,2.2,2.0
5715,nc72692996,36.7808333,-121.4316667,2016-09-09 19:37:55.730,2.4000000000000004,2.0
5733,ci37474863,33.8915,-116.927,2016-09-10 09:45:48.900,2.0,2.0
5743,nc72693596,36.5895,-121.1935,2016-09-10 22:45:44.330,2.1,2.0
5757,nc72693991,36.0015,-120.8703333,2016-09-11 14:06:06.820,2.0,2.0
5777,ci37476343,34.2398333,-116.7523333,2016-09-12 09:53:18.970,2.4000000000000004,2.0
5779,nc72694341,37.2445,-122.0655,2016-09-12 11:28:45.560,2.1,2.0
5844,nc72695921,36.8543333,-121.4115,2016-09-15 02:00:43.310,2.2,2.0
5855,nc72696331,36.547,-121.0475,2016-09-15 18:33:48.070,2.3000000000000003,2.0
5856,nc72696336,36.5475,-121.045,2016-09-15 18:49:39.320,2.3000000000000003,2.0
5877,ci37693240,34.2126667,-117.5678333,2016-09-17 14:05:20.840,2.2,2.0
5879,nc72697881,35.9665,-120.5235,2016-09-17 18:35:02.560,2.0,2.0
5898,ci37694480,33.9916667,-116.3911667,2016-09-18 23:18:09.880,2.4000000000000004,2.0
5903,nc72698746,38.9526667,-123.3793333,2016-09-19 03:38:43.260,2.4000000000000004,2.0
5913,nc72699086,36.4733333,-121.0435,2016-09-19 17:52:00.970,2.1,2.0
5945,nc72700171,36.0333333,-120.5995,2016-09-21 11:49:37.120,2.0,2.0
5952,nc72700551,35.9745,-120.5351667,2016-09-22 01:22:12.730,2.0,2.0
5962,ci37697648,34.118,-116.922,2016-09-22 20:38:05.510,2.2,2.0
5972,nc72701141,36.5688333,-121.1603333,2016-09-23 07:11:31.850,2.0,2.0
5974,nc72701251,37.6293333,-122.4706667,2016-09-23 13:59:33.050,2.0,2.0
5976,nc72701336,36.567,-121.1583333,2016-09-23 17:26:12.450,2.1,2.0
5983,ci37698568,33.991,-116.3896667,2016-09-24 09:11:14.460,3.4000000000000004,2.0
5998,ci37699136,34.0178333,-116.3493333,2016-09-25 00:07:35.100,2.2,2.0
6003,ci37699224,33.2155,-115.6506667,2016-09-25 03:47:43.130,2.6,2.0
6028,nc72702551,36.7738333,-121.4315,2016-09-26 00:06:01.460,2.1,2.0
6029,nc72702556,36.781,-121.4343333,2016-09-26 00:06:29.360,2.1,2.0
6032,ci37699840,34.0298333,-116.832,2016-09-26 03:23:43.950,2.0,2.0
6036,nc72702661,36.5636667,-121.13,2016-09-26 04:24:04.690,2.1,2.0
6044,ci37700136,33.2951667,-115.7195,2016-09-26 11:38:27.060,2.7,2.0
6045,ci37700152,33.2905,-115.7196667,2016-09-26 11:39:55.090,2.8000000000000003,2.0
6048,ci37700208,33.2921667,-115.7136667,2016-09-26 13:14:19.430,3.3000000000000003,2.0
6052,ci37700296,33.2976667,-115.7136667,2016-09-26 14:31:08.040,4.3,2.0
6053,ci37700304,33.2936667,-115.7186667,2016-09-26 14:33:45.320,2.7,2.0
6054,ci37382661,33.2998333,-115.7105,2016-09-26 14:35:02.130,2.4000000000000004,2.0
6055,ci37700312,33.29,-115.7226667,2016-09-26 14:35:45.880,2.6,2.0
6057,ci37382725,33.3031667,-115.7063333,2016-09-26 14:40:32.070,2.0,2.0
6058,ci37700328,33.2926667,-115.7126667,2016-09-26 14:41:28.910,2.4000000000000004,2.0
6059,ci37700336,33.2968333,-115.6976667,2016-09-26 14:44:39.530,2.0,2.0
6060,ci37700344,33.2916667,-115.7198333,2016-09-26 14:45:30.140,2.7,2.0
6062,ci37700352,33.2965,-115.7048333,2016-09-26 14:46:35.370,2.5,2.0
6063,ci37700368,33.2903333,-115.7163333,2016-09-26 14:58:24.260,2.2,2.0
6064,ci37700376,33.2915,-115.7176667,2016-09-26 14:59:43.080,2.2,2.0
6066,ci37700384,33.2973333,-115.7116667,2016-09-26 15:01:55.790,2.5,2.0
6067,ci37382701,33.2955,-115.7136667,2016-09-26 15:02:10.700,2.8000000000000003,2.0
6068,ci37382709,33.2783333,-115.7105,2016-09-26 15:03:19.380,2.1,2.0
6069,ci37700400,33.2953333,-115.7131667,2016-09-26 15:03:29.570,2.3000000000000003,2.0
6070,ci37700408,33.2941667,-115.7128333,2016-09-26 15:04:58.610,2.5,2.0
6073,ci37700432,33.2913333,-115.7163333,2016-09-26 15:11:34.930,2.0,2.0
6075,ci37700456,33.2946667,-115.7176667,2016-09-26 15:26:37.070,2.3000000000000003,2.0
6076,ci37700464,33.3026667,-115.7116667,2016-09-26 15:28:22.900,2.4000000000000004,2.0
6077,ci37700488,33.2945,-115.7173333,2016-09-26 15:30:15.140,2.5,2.0
6078,ci37700504,33.3013333,-115.6895,2016-09-26 15:34:57.560,2.4000000000000004,2.0
6079,ci37700520,33.3025,-115.7005,2016-09-26 15:42:14.980,2.3000000000000003,2.0
6080,ci37382773,33.2908333,-115.711,2016-09-26 15:42:42.090,2.0,2.0
6081,ci37700544,33.2925,-115.7216667,2016-09-26 15:47:28.670,3.1,2.0
6082,ci37700560,33.293,-115.719,2016-09-26 15:48:39.110,2.5,2.0
6083,ci37382677,33.2958333,-115.7153333,2016-09-26 15:48:40.110,3.2,2.0
6086,ci37700584,33.2928333,-115.7125,2016-09-26 16:06:06.310,2.2,2.0
6090,ci37700632,33.3048333,-115.6963333,2016-09-26 16:29:53.430,2.3000000000000003,2.0
6091,ci37700640,33.3045,-115.6988333,2016-09-26 16:30:18.450,2.4000000000000004,2.0
6092,ci37382685,33.2423333,-115.794,2016-09-26 16:30:36.420,2.1,2.0
6096,ci37700672,33.2905,-115.7213333,2016-09-26 16:39:04.310,2.0,2.0
6097,ci37700680,33.309,-115.6941667,2016-09-26 16:42:08.860,2.0,2.0
6099,ci37700688,33.3055,-115.6978333,2016-09-26 16:48:06.760,2.1,2.0
6100,ci37700704,33.2863333,-115.7256667,2016-09-26 16:53:04.580,2.3000000000000003,2.0
6102,nc72703011,40.2295,-124.0896667,2016-09-26 17:00:11.780,2.1,2.0
6103,ci37700720,33.3038333,-115.7158333,2016-09-26 17:03:13.600,2.0,2.0
6107,ci37700808,33.3121667,-115.7085,2016-09-26 17:45:47.080,2.2,2.0
6111,ci37700920,33.2913333,-115.7215,2016-09-26 18:51:13.400,2.4000000000000004,2.0
6118,ci37701016,33.294,-115.7145,2016-09-26 20:01:22.070,2.1,2.0
6123,ci37701144,33.2858333,-115.7236667,2016-09-26 21:48:11.950,2.0,2.0
6128,ci37701248,33.2883333,-115.7295,2016-09-26 22:48:30.210,2.4000000000000004,2.0
6133,ci37701312,33.2958333,-115.7056667,2016-09-26 23:33:37.160,3.2,2.0
6134,ci37382749,33.2951667,-115.7065,2016-09-26 23:34:01.180,3.0,2.0
6136,ci37701328,33.2995,-115.7003333,2016-09-27 00:09:04.790,2.6,2.0
6140,ci37701400,33.2955,-115.7143333,2016-09-27 01:56:22.940,2.5,2.0
6144,ci37701496,34.0148333,-117.1941667,2016-09-27 02:57:46.070,2.2,2.0
6145,ci37701512,33.2971667,-115.716,2016-09-27 03:06:14.250,3.3000000000000003,2.0
6146,ci37701528,33.2976667,-115.7138333,2016-09-27 03:14:33.750,2.5,2.0
6148,ci37701544,33.2998333,-115.7123333,2016-09-27 03:23:58.150,4.3,2.0
6149,ci37147076,33.3026667,-115.6945,2016-09-27 03:24:44.710,3.1,2.0
6150,ci37701552,33.2905,-115.7118333,2016-09-27 03:25:06.150,3.3000000000000003,2.0
6151,ci37147068,33.2941667,-115.7158333,2016-09-27 03:25:56.960,2.6,2.0
6152,ci37701560,33.2973333,-115.7253333,2016-09-27 03:28:00.900,2.5,2.0
6153,ci37701568,33.2876667,-115.7268333,2016-09-27 03:28:38.410,2.6,2.0
6154,ci37701576,33.2905,-115.7181667,2016-09-27 03:29:10.660,2.8000000000000003,2.0
6155,ci37701584,33.2915,-115.7143333,2016-09-27 03:29:32.130,3.0,2.0
6156,ci37701592,33.2916667,-115.7128333,2016-09-27 03:31:01.420,2.3000000000000003,2.0
6157,ci37701600,33.297,-115.7096667,2016-09-27 03:31:19.550,2.3000000000000003,2.0
6158,ci37701608,33.308,-115.693,2016-09-27 03:32:30.910,2.1,2.0
6159,ci37383237,33.2946667,-115.6778333,2016-09-27 03:32:35.190,2.2,2.0
6161,ci37701624,33.3018333,-115.7136667,2016-09-27 03:34:59.540,2.2,2.0
6162,ci37382781,33.3045,-115.702,2016-09-27 03:35:27.530,2.0,2.0
6163,ci37701632,33.3058333,-115.701,2016-09-27 03:36:15.240,4.1000000000000005,2.0
6164,ci37701640,33.3091667,-115.6933333,2016-09-27 03:39:40.620,3.4000000000000004,2.0
6166,ci37701656,33.308,-115.6973333,2016-09-27 03:46:30.410,3.5,2.0
6167,ci37382933,33.2896667,-115.7123333,2016-09-27 03:48:04.230,2.0,2.0
6171,ci37701688,33.3088333,-115.6885,2016-09-27 03:53:45.220,2.0,2.0
6172,ci37701680,33.2948333,-115.7098333,2016-09-27 03:53:57.900,2.1,2.0
6174,ci37701712,33.3066667,-115.7013333,2016-09-27 03:55:51.080,2.0,2.0
6180,ci37701752,33.3103333,-115.6916667,2016-09-27 04:04:08.070,2.2,2.0
6182,ci37701768,33.3103333,-115.699,2016-09-27 04:15:02.530,2.1,2.0
6186,ci37701816,33.29,-115.7181667,2016-09-27 04:39:22.390,2.5,2.0
6188,ci37701832,33.3095,-115.6975,2016-09-27 04:41:13.580,2.3000000000000003,2.0
6189,ci37701840,33.3241667,-115.6825,2016-09-27 04:41:34.440,2.3000000000000003,2.0
6190,ci37701848,33.2951667,-115.7148333,2016-09-27 04:43:48.930,2.6,2.0
6191,ci37701856,33.287,-115.719,2016-09-27 04:43:51.280,3.0,2.0
6197,ci37702048,33.3096667,-115.703,2016-09-27 05:17:03.940,2.3000000000000003,2.0
6198,ci37702056,33.2993333,-115.7193333,2016-09-27 05:18:43.350,2.2,2.0
6200,ci37702120,33.3068333,-115.6986667,2016-09-27 05:49:13.570,2.5,2.0
6202,ci37702144,33.2906667,-115.711,2016-09-27 05:52:50.520,3.2,2.0
6205,ci37702160,33.293,-115.7218333,2016-09-27 05:56:45.750,2.4000000000000004,2.0
6209,ci37702248,33.2846667,-115.7273333,2016-09-27 06:40:02.430,2.5,2.0
6210,ci37702256,33.2943333,-115.7078333,2016-09-27 06:42:21.510,2.5,2.0
6211,ci37702312,33.2938333,-115.72,2016-09-27 07:13:43.420,2.2,2.0
6212,ci37702320,33.2951667,-115.7121667,2016-09-27 07:13:57.080,2.4000000000000004,2.0
6215,ci37702376,33.2941667,-115.7185,2016-09-27 07:49:40.940,2.5,2.0
6216,ci37702440,33.304,-115.6983333,2016-09-27 08:56:45.770,2.1,2.0
6219,ci37702528,33.2978333,-115.7136667,2016-09-27 09:46:31.370,2.7,2.0
6223,ci37702648,33.295,-115.7193333,2016-09-27 13:33:21.520,2.1,2.0
6224,ci37702704,33.3116667,-115.6898333,2016-09-27 14:01:38.680,2.6,2.0
6225,ci37702736,33.3006667,-115.7111667,2016-09-27 14:26:57.810,2.2,2.0
6230,ci37702928,33.297,-115.7088333,2016-09-27 16:47:08.590,2.2,2.0
6243,ci37703424,33.3028333,-115.7081667,2016-09-27 23:22:59.890,2.1,2.0
6245,ci37703472,33.3028333,-115.7068333,2016-09-28 00:28:17.450,2.7,2.0
6246,ci37703504,33.2986667,-115.7118333,2016-09-28 01:05:51.190,3.6,2.0
6247,ci37703520,33.294,-115.7086667,2016-09-28 01:08:46.010,2.0,2.0
6248,ci37703544,33.2981667,-115.714,2016-09-28 01:11:24.270,2.9000000000000004,2.0
6249,ci37703552,33.2988333,-115.7053333,2016-09-28 01:13:03.710,3.5,2.0
6250,ci37703560,33.299,-115.7123333,2016-09-28 01:14:01.400,2.6,2.0
6253,ci37703584,33.2976667,-115.713,2016-09-28 01:27:10.470,2.0,2.0
6254,ci37703592,33.3081667,-115.7053333,2016-09-28 01:27:25.700,2.7,2.0
6256,ci37703656,33.2973333,-115.7166667,2016-09-28 02:33:50.330,3.3000000000000003,2.0
6259,ci37703704,33.3028333,-115.7016667,2016-09-28 03:00:29.230,2.2,2.0
6267,ci37703816,33.2993333,-115.7156667,2016-09-28 05:41:37.670,2.2,2.0
6268,ci37703848,33.315,-115.6921667,2016-09-28 05:56:43.800,2.2,2.0
6269,ci37703856,33.2898333,-115.7155,2016-09-28 05:59:17.760,2.1,2.0
6271,ci37703880,33.3061667,-115.7023333,2016-09-28 07:24:23.850,2.6,2.0
6272,ci37703912,33.2976667,-115.7185,2016-09-28 09:11:24.530,2.1,2.0
6282,nc72703876,36.621,-121.2303333,2016-09-28 13:21:18.600,2.0,2.0
6298,nc72704406,36.6413333,-121.2635,2016-09-29 09:18:01.480,2.8000000000000003,2.0
6299,ci37705152,33.3041667,-115.7008333,2016-09-29 11:34:11.720,2.1,2.0
6306,ci37705744,33.2873333,-115.7248333,2016-09-29 18:07:59.280,3.2,2.0
6314,nc72704996,36.7071667,-121.3456667,2016-09-29 21:45:26.190,2.1,2.0
6326,nc72705426,36.8145,-121.541,2016-09-30 11:21:46.380,2.0,2.0
6349,nc72705811,37.6295,-122.474,2016-10-01 09:37:02.140,2.0,2.0
6355,ci37707792,33.2983333,-115.7173333,2016-10-01 17:23:16.430,3.0,2.0
6356,ci37707824,33.2973333,-115.7148333,2016-10-01 18:18:23.550,2.0,2.0
6366,nc72706046,36.6986667,-121.3281667,2016-10-01 23:47:59.890,2.1,2.0
6376,ci37708232,33.2998333,-115.7171667,2016-10-02 04:32:36.760,2.0,2.0
6378,ci37708264,33.3001667,-115.7223333,2016-10-02 05:23:12.220,2.1,2.0
6389,nc72706501,35.9045,-120.4508333,2016-10-02 22:37:15.940,3.0,2.0
6417,ci37709680,33.9438333,-116.8281667,2016-10-04 12:17:11.830,2.2,2.0
6455,nc72707921,36.1923333,-120.7576667,2016-10-06 01:24:09.230,2.0,2.0
6465,nc72708211,36.1903333,-120.7571667,2016-10-06 13:39:11.390,2.0,2.0
6506,nc72709196,37.7171667,-122.544,2016-10-08 13:11:40.610,2.4000000000000004,2.0
6520,ci37713424,34.0075,-117.2521667,2016-10-08 22:43:49.150,3.7,2.0
6536,ci37713888,33.2893333,-115.7166667,2016-10-09 17:56:17.720,2.0,2.0
6547,nc72710211,36.6386667,-121.2598333,2016-10-10 08:32:15.360,2.7,2.0
6551,ci37714472,33.9715,-116.5135,2016-10-10 13:03:27.930,2.5,2.0
6553,ci37714656,34.056,-117.1308333,2016-10-10 17:07:45.580,2.3000000000000003,2.0
6554,nc72710496,36.8198333,-121.5458333,2016-10-10 18:19:12.060,2.1,2.0
6596,nc72711946,36.2261667,-120.8003333,2016-10-13 10:24:34.070,2.0,2.0
6647,nc72712926,36.6888333,-121.3183333,2016-10-15 20:34:58.040,2.0,2.0
6650,nc72713006,36.4296667,-120.8516667,2016-10-16 00:42:01.740,2.0,2.0
6673,ci37718952,33.7416667,-116.0231667,2016-10-17 08:07:31.200,2.2,2.0
6675,nc72713896,36.6818333,-121.3051667,2016-10-17 13:43:30.860,2.2,2.0
6691,nc72714131,38.123,-122.8181667,2016-10-18 09:59:14.320,2.1,2.0
6694,nc72714261,36.9553333,-121.5683333,2016-10-18 20:21:58.430,2.1,2.0
6696,nc72714296,36.713,-121.3113333,2016-10-18 22:09:07.690,3.5,2.0
6737,nc72715296,36.5731667,-121.1683333,2016-10-21 01:54:52.330,2.5,2.0
6752,nc72715731,36.3906667,-120.9368333,2016-10-21 22:30:32.730,2.1,2.0
6767,nc72716351,36.9223333,-121.4118333,2016-10-23 07:33:09.700,2.3000000000000003,2.0
6776,nc72716621,36.9205,-121.4106667,2016-10-24 01:04:26.080,2.0,2.0
6811,nc72717266,36.4681667,-121.0478333,2016-10-25 08:53:19.650,2.1,2.0
6819,ci37511383,34.0796667,-117.2551667,2016-10-25 19:21:58.780,2.4000000000000004,2.0
6891,nc72717305,36.8593333,-121.5948333,2016-10-28 18:14:37.340,2.8000000000000003,2.0
6892,nc72717310,36.859,-121.5903333,2016-10-28 18:14:55.710,2.7,2.0
6893,nc72717350,36.8598333,-121.5965,2016-10-28 19:07:38.440,2.7,2.0
6900,nc72717560,36.8575,-121.5945,2016-10-29 02:20:27.560,2.6,2.0
6922,nc72718040,36.5896667,-121.1866667,2016-10-30 06:57:34.200,2.6,2.0
6926,nc72718090,36.5905,-121.1876667,2016-10-30 11:11:27.350,2.2,2.0
6927,ci37514199,34.0491667,-117.2403333,2016-10-30 11:42:53.460,2.0,2.0
6963,nc72718690,36.2493333,-120.8175,2016-10-31 11:35:05.810,3.2,2.0
6991,ci37515991,34.0393333,-117.2585,2016-11-01 18:02:45.630,2.4000000000000004,2.0
7023,ci37517087,34.1426667,-116.7171667,2016-11-03 11:15:13.810,2.1,2.0
7057,ci37518175,34.0475,-117.2513333,2016-11-04 21:21:18.190,2.9000000000000004,2.0
7060,nc72720605,36.6,-121.2101667,2016-11-05 01:10:18.620,2.5,2.0
7102,nc72721435,38.6998333,-123.5556667,2016-11-07 07:42:41.370,2.9000000000000004,2.0
7118,ci37519575,34.5793333,-118.0375,2016-11-08 02:46:54.780,2.2,2.0
7140,nc72722235,36.4631667,-121.007,2016-11-09 00:55:46.860,3.6,2.0
7144,nc72722350,36.4605,-121.0041667,2016-11-09 04:16:46.900,2.0,2.0
7160,nc72722925,36.4586667,-121.0033333,2016-11-10 08:07:23.080,2.3000000000000003,2.0
7177,nc72723335,36.5641667,-121.151,2016-11-10 22:43:44.060,2.1,2.0
7185,ci37737672,34.9191667,-119.0778333,2016-11-11 10:24:53.190,2.2,2.0
7198,nc72723755,37.3235,-122.104,2016-11-11 19:34:09.950,2.0,2.0
7241,nc72724630,37.3525,-122.225,2016-11-13 22:32:38.790,2.1,2.0
7307,nc72725895,36.4423333,-121.0113333,2016-11-16 01:43:29.750,2.0,2.0
7308,nc72725900,36.5626667,-121.1513333,2016-11-16 01:44:28.230,2.1,2.0
7314,nc72726090,36.5996667,-121.2008333,2016-11-16 11:46:50.300,2.3000000000000003,2.0
7325,nc72726400,37.361,-122.4488333,2016-11-17 01:32:34.330,2.0,2.0
7331,nc72726570,36.0756667,-120.6448333,2016-11-17 15:20:55.230,2.6,2.0
7337,ci37743456,33.9906667,-116.2838333,2016-11-18 02:07:53.250,2.4000000000000004,2.0
7377,nc72727755,40.2541667,-124.1878333,2016-11-20 13:38:33.370,2.2,2.0
7379,ci37745672,33.8608333,-116.6503333,2016-11-20 16:14:27.330,2.2,2.0
7387,ci37746168,33.7863333,-116.1228333,2016-11-21 05:07:44.290,2.4000000000000004,2.0
7415,ci37747168,34.1546667,-116.8636667,2016-11-22 17:28:58.220,2.1,2.0
7416,ci37747232,33.7866667,-116.1213333,2016-11-22 19:23:20.100,2.8000000000000003,2.0
7460,ci37749104,34.1256667,-116.6943333,2016-11-25 02:32:09.130,2.1,2.0
7560,nc72730290,36.014,-120.5745,2016-11-28 10:54:54.410,2.0,2.0
7561,nc72730295,36.0108333,-120.576,2016-11-28 10:56:48.300,2.5,2.0
7562,nc72730300,36.0086667,-120.579,2016-11-28 10:57:27.410,2.2,2.0
7564,nc72730350,37.6281667,-122.4713333,2016-11-28 15:36:26.070,2.9000000000000004,2.0
7572,nc72730570,36.8645,-121.5965,2016-11-29 01:43:22.960,2.3000000000000003,2.0
7600,nc72731085,36.7865,-121.3855,2016-11-30 05:25:39.890,2.3000000000000003,2.0
7617,ci37535679,33.962,-116.8695,2016-11-30 17:50:55.230,2.1,2.0
7642,ci37538223,34.2211667,-117.5791667,2016-12-02 10:55:36.890,2.0,2.0
7656,nc72732285,36.551,-121.1103333,2016-12-03 01:56:35.190,2.2,2.0
7683,nc72732830,37.6256667,-122.4713333,2016-12-04 08:09:47.080,2.0,2.0
7702,ci37540639,33.9801667,-116.8895,2016-12-05 13:21:37.030,2.1,2.0
7722,nc72733810,36.5336667,-121.0736667,2016-12-06 15:32:26.950,2.3000000000000003,2.0
7723,nc72733835,36.4656667,-121.0143333,2016-12-06 16:51:23.220,2.0,2.0
7729,nc72734005,36.5515,-121.111,2016-12-07 01:00:04.070,2.0,2.0
7750,ci37760448,34.0306667,-117.197,2016-12-08 09:40:49.830,2.0,2.0
7782,ci37761408,33.9185,-116.3481667,2016-12-10 03:35:15.160,2.0,2.0
7862,ci37763664,34.2691667,-117.1855,2016-12-13 17:22:35.220,2.2,2.0
7951,ci37765344,34.0485,-117.2493333,2016-12-15 06:04:15.790,3.0,2.0
7954,nc72738950,36.5658333,-121.1023333,2016-12-15 14:24:14.370,2.5,2.0
7976,ci37766056,33.8956667,-117.0485,2016-12-16 20:28:23.710,2.1,2.0
8037,nc72741460,36.0326667,-120.5958333,2016-12-19 13:23:56.470,2.2,2.0
8042,nc72741570,36.6543333,-121.271,2016-12-19 20:33:25.340,3.0,2.0
8046,nc72741680,36.2853333,-120.8471667,2016-12-20 04:00:49.760,2.1,2.0
8068,ci37768600,33.9706667,-116.7216667,2016-12-21 15:45:46.980,2.1,2.0
8092,ci37769472,33.7931667,-116.1401667,2016-12-22 12:19:38.170,2.2,2.0
8142,nc72743930,36.4663333,-121.0015,2016-12-26 21:56:24.780,2.2,2.0
8151,nc72744180,36.7623333,-121.479,2016-12-27 15:01:21.340,2.9000000000000004,2.0
8393,ci37772688,34.1513333,-116.7071667,2016-12-28 17:56:59.830,3.9000000000000004,2.0
8394,ci37772696,34.1498333,-116.7083333,2016-12-28 17:57:47.230,2.6,2.0
8409,ci37772784,34.153,-116.7048333,2016-12-28 19:18:16.700,2.2,2.0
8421,nc72745235,36.8415,-121.4343333,2016-12-28 20:58:28.260,2.1,2.0
8444,ci37773008,34.1525,-116.704,2016-12-29 01:13:17.520,2.8000000000000003,2.0
8482,ci37773232,33.9181667,-116.7386667,2016-12-29 10:11:57.340,2.1,2.0
8508,nc72745710,36.0458333,-120.6103333,2016-12-29 18:08:46.990,2.4000000000000004,2.0
8530,ci37773664,34.1505,-116.7048333,2016-12-30 00:36:41.180,2.4000000000000004,2.0
8591,ci37774816,34.1181667,-116.9225,2016-12-31 20:04:11.190,2.4000000000000004,2.0
8594,ci37774864,33.7611667,-116.0401667,2016-12-31 20:51:40.420,2.2,2.0
8601,nc72746655,36.0343333,-120.5898333,2016-12-31 21:26:25.870,2.4000000000000004,2.0
8851,ci37778952,33.198,-115.6105,2017-01-02 14:14:39.560,2.0,2.0
8908,ci37780048,34.3373333,-117.1641667,2017-01-04 02:35:24.440,2.6,2.0
8937,ci37780608,33.888,-116.2235,2017-01-05 02:16:41.200,2.1,2.0
8986,nc72748985,37.616,-122.4658333,2017-01-06 13:27:59.600,2.0,2.0
9011,ci37781896,34.8158333,-118.9341667,2017-01-07 14:55:27.920,2.1,2.0
9012,ci37781912,34.8148333,-118.932,2017-01-07 15:09:43.770,2.4000000000000004,2.0
9014,nc72749625,35.9776667,-120.534,2017-01-07 17:24:48.120,2.2,2.0
9027,nc72749820,40.238,-124.1216667,2017-01-08 08:45:05.540,2.1,2.0
9036,ci37782440,34.2045,-116.8591667,2017-01-08 16:11:17.760,2.4000000000000004,2.0
9043,ci37782696,34.0745,-116.3771667,2017-01-09 03:06:39.860,2.1,2.0
9075,ci37783528,33.2385,-115.6683333,2017-01-10 18:44:23.170,2.1,2.0
9097,nc72751015,36.4028333,-120.9396667,2017-01-11 16:16:24.910,2.4000000000000004,2.0
9104,nc72751160,37.4063333,-122.2098333,2017-01-11 23:04:40.630,2.0,2.0
9108,nc72751245,36.4043333,-120.9378333,2017-01-12 10:14:04.660,2.6,2.0
9113,nc72751330,37.5598333,-122.379,2017-01-12 14:44:52.590,2.0,2.0
9116,nc72751380,36.4748333,-121.0525,2017-01-12 19:20:44.600,2.1,2.0
9117,ci37784416,33.7925,-116.152,2017-01-12 20:32:31.250,2.7,2.0
9124,nc72751530,36.5738333,-121.128,2017-01-13 04:03:18.590,2.4000000000000004,2.0
9167,ci37568535,33.7853333,-115.9935,2017-01-15 02:00:47.830,2.0,2.0
9169,ci37568615,33.3006667,-115.6688333,2017-01-15 04:46:34.170,2.3000000000000003,2.0
9172,ci37568703,34.0276667,-117.23,2017-01-15 12:27:54.740,2.1,2.0
9174,ci37568719,33.3045,-115.6868333,2017-01-15 13:35:00.510,2.7,2.0
9176,ci37568743,33.3008333,-115.6798333,2017-01-15 13:50:10.800,2.2,2.0
9186,ci37568927,33.3085,-115.6826667,2017-01-15 20:41:05.390,2.9000000000000004,2.0
9209,ci37569743,33.3135,-115.6891667,2017-01-17 00:59:22.080,2.0,2.0
9231,ci37570359,33.3513333,-115.743,2017-01-18 02:38:10.360,2.1,2.0
9319,nc72754980,36.8205,-121.4113333,2017-01-22 11:23:59.680,2.8000000000000003,2.0
9336,nc72755195,36.5886667,-121.1448333,2017-01-23 03:15:19.780,3.5,2.0
9337,nc72755200,36.589,-121.1448333,2017-01-23 03:27:05.810,2.5,2.0
9338,nc72755210,36.5908333,-121.1445,2017-01-23 03:43:27.650,2.2,2.0
9356,nc72755440,36.063,-120.6278333,2017-01-23 17:51:55.490,2.5,2.0
9359,nc72755540,36.5911667,-121.1416667,2017-01-23 20:00:07.510,2.5,2.0
9364,ci37572791,33.8866667,-116.8766667,2017-01-24 01:16:02.590,2.5,2.0
9376,ci37572943,33.8798333,-116.3248333,2017-01-24 16:38:37.360,2.2,2.0
9385,nc72755885,36.3415,-120.9171667,2017-01-25 02:19:02.040,2.8000000000000003,2.0
9440,nc72756980,36.4736667,-121.0606667,2017-01-28 01:16:20.310,2.0,2.0
9444,ci37574727,34.0151667,-117.2286667,2017-01-28 13:04:17.110,2.3000000000000003,2.0
9446,ci37574879,34.0386667,-116.8005,2017-01-28 16:07:22.970,2.9000000000000004,2.0
9478,ci37575823,33.7913333,-116.1506667,2017-01-30 23:02:30.640,2.6,2.0
9485,ci37575983,34.0051667,-117.2538333,2017-01-31 02:46:44.250,2.0,2.0
9493,nc72758290,36.7593333,-121.3531667,2017-01-31 05:35:08.660,3.3000000000000003,2.0
9504,ci37576495,33.9975,-116.6805,2017-01-31 23:49:09.390,2.0,2.0
9542,ci37577479,33.9925,-116.807,2017-02-03 12:26:12.000,2.0,2.0
9556,ci37577783,33.8973333,-116.2128333,2017-02-04 03:12:49.590,2.5,2.0
9567,nc72759860,36.6571667,-121.2741667,2017-02-04 23:47:05.990,2.5,2.0
9631,nc72761806,36.3015,-120.878,2017-02-08 09:18:53.420,2.1,2.0
9640,nc72761971,36.8055,-121.5186667,2017-02-08 16:19:05.130,3.0,2.0
9641,nc72761976,36.8046667,-121.5176667,2017-02-08 16:30:51.130,2.5,2.0
9642,nc72761981,36.8036667,-121.5211667,2017-02-08 16:43:36.110,2.0,2.0
9647,nc72762091,36.0111667,-120.5686667,2017-02-09 00:23:12.920,2.0,2.0
9671,ci37580807,34.1305,-117.046,2017-02-10 10:10:32.620,3.4000000000000004,2.0
9705,ci37582087,34.1045,-117.5286667,2017-02-12 16:17:32.110,2.2,2.0
9778,nc72764556,37.7981667,-122.5973333,2017-02-15 18:41:31.150,2.4000000000000004,2.0
9786,ci37584623,34.1206667,-116.9116667,2017-02-16 01:54:54.160,2.5,2.0
9800,ci37585279,33.9345,-116.8215,2017-02-17 09:05:50.910,2.0,2.0
9811,nc72765211,36.5485,-121.1168333,2017-02-18 00:57:08.220,2.1,2.0
9831,nc72765426,36.7728333,-121.5153333,2017-02-18 23:46:41.720,2.0,2.0
9864,nc72765911,35.9218333,-120.474,2017-02-20 14:21:03.600,2.3000000000000003,2.0
9885,nc72766286,38.844,-123.6213333,2017-02-21 13:28:06.930,2.9000000000000004,2.0
9887,nc72766361,36.7033333,-121.3408333,2017-02-21 16:34:12.570,2.3000000000000003,2.0
9891,nc72766431,36.6251667,-120.9921667,2017-02-21 22:46:23.830,3.3000000000000003,2.0
9897,nc72766646,36.5441667,-121.1318333,2017-02-22 18:18:24.180,2.9000000000000004,2.0
9898,nc72766651,36.5433333,-121.1338333,2017-02-22 18:23:58.010,2.0,2.0
9902,nc72766716,36.5455,-121.1383333,2017-02-22 23:33:40.490,2.8000000000000003,2.0
9910,nc72766996,36.6521667,-121.2806667,2017-02-23 10:02:53.840,2.0,2.0
9912,ci37811136,33.7581667,-116.0286667,2017-02-23 11:17:17.990,2.1,2.0
9918,nc72767166,36.5433333,-121.1346667,2017-02-23 20:00:33.970,2.0,2.0
9938,ci37811936,33.9893333,-116.7621667,2017-02-24 20:07:09.940,2.1,2.0
9965,nc72768191,36.959,-121.5756667,2017-02-26 14:58:40.100,3.6,2.0
9967,nc72768266,36.812,-121.544,2017-02-26 19:55:49.160,3.4000000000000004,2.0
9975,nc72768451,36.955,-121.5758333,2017-02-27 05:32:18.090,2.0,2.0
10006,nc72768996,36.5793333,-121.1771667,2017-02-28 20:36:24.590,2.3000000000000003,2.0
10013,nc72769186,36.8096667,-121.5398333,2017-03-01 06:31:26.420,2.2,2.0
10032,ci37816704,34.058,-117.0008333,2017-03-02 07:31:19.440,3.1,2.0
10033,nc72769736,36.1951667,-120.7613333,2017-03-02 09:36:59.920,2.1,2.0
10045,nc72769931,35.8423333,-120.3825,2017-03-03 03:33:45.330,2.4000000000000004,2.0
10049,nc72770121,36.9576667,-121.5811667,2017-03-03 13:00:59.860,2.3000000000000003,2.0
10072,nc72770481,36.4651667,-121.0465,2017-03-04 08:33:56.170,2.0,2.0
10080,ci37818952,34.0233333,-116.9978333,2017-03-04 22:18:51.480,2.0,2.0
10099,nc72770926,36.7881667,-121.4915,2017-03-06 03:50:08.310,2.6,2.0
10100,nc72770951,36.7891667,-121.494,2017-03-06 04:40:44.820,2.2,2.0
10142,nc72771726,36.7893333,-121.4916667,2017-03-08 16:19:51.600,2.5,2.0
10143,nc72771746,36.6355,-121.2558333,2017-03-08 17:20:23.530,3.7,2.0
10165,ci37823480,34.0908333,-117.4466667,2017-03-09 22:44:18.560,2.0,2.0
10167,nc72772276,36.2878333,-120.8495,2017-03-10 00:43:05.340,2.5,2.0
10170,nc72772331,37.6208333,-122.4676667,2017-03-10 05:34:17.410,2.2,2.0
10171,ci37823760,34.3101667,-117.477,2017-03-10 07:43:49.260,2.5,2.0
10194,ci37825088,34.2491667,-116.8325,2017-03-11 16:27:52.690,2.4000000000000004,2.0
10196,nc72772956,36.5495,-121.1393333,2017-03-11 19:09:01.570,2.0,2.0
10219,nc72773541,35.9976667,-120.5558333,2017-03-12 17:22:23.250,2.1,2.0
10272,nc72775066,36.8821667,-121.6195,2017-03-14 02:00:24.480,2.6,2.0
10274,ci37828544,34.0388333,-117.2386667,2017-03-14 05:06:54.460,3.6,2.0
10275,ci37828552,34.0368333,-116.8721667,2017-03-14 05:08:22.140,2.8000000000000003,2.0
10299,nc72776131,36.5991667,-121.201,2017-03-15 22:43:46.510,2.3000000000000003,2.0
10300,nc72776136,36.5993333,-121.1988333,2017-03-15 22:44:30.770,2.6,2.0
10316,nc72776526,36.936,-121.6806667,2017-03-16 16:15:09.200,3.0,2.0
10319,nc72776566,36.9356667,-121.6785,2017-03-16 16:53:57.020,2.0,2.0
10322,nc72776641,36.6736667,-121.2925,2017-03-16 18:47:09.670,2.1,2.0
10348,nc72777111,36.3821667,-120.956,2017-03-17 12:35:23.510,2.5,2.0
10353,nc72777146,36.4885,-121.0631667,2017-03-17 15:03:11.080,2.4000000000000004,2.0
10385,ci37607311,34.0401667,-117.2375,2017-03-18 21:17:44.460,3.5,2.0
10411,ci37608295,33.8966667,-116.5945,2017-03-19 22:43:09.810,2.0,2.0
10413,nc72778351,36.7446667,-121.4443333,2017-03-20 02:13:28.350,2.3000000000000003,2.0
10424,nc72778656,35.959,-120.514,2017-03-20 13:56:07.750,2.2,2.0
10435,nc72778836,39.0083333,-123.4836667,2017-03-21 02:20:27.100,2.3000000000000003,2.0
10444,nc72778931,36.9581667,-121.5821667,2017-03-21 06:56:46.750,2.2,2.0
10445,nc72778946,36.8785,-121.3388333,2017-03-21 08:52:51.600,3.0,2.0
10449,nc72779116,36.8778333,-121.3358333,2017-03-21 19:13:35.100,2.5,2.0
10459,ci37610119,34.0366667,-117.2403333,2017-03-22 03:29:40.000,2.4000000000000004,2.0
10467,ci37610319,33.932,-116.823,2017-03-22 12:39:47.300,2.7,2.0
10468,nc72779366,36.5641667,-121.0861667,2017-03-22 14:23:57.490,2.3000000000000003,2.0
10470,nc72779376,36.6413333,-121.2568333,2017-03-22 15:25:11.440,2.9000000000000004,2.0
10471,nc72779381,36.6401667,-121.2581667,2017-03-22 15:31:33.440,2.4000000000000004,2.0
10493,nc72780011,36.8016667,-121.5375,2017-03-24 04:36:01.540,2.7,2.0
10498,nc72780066,35.9678333,-120.5236667,2017-03-24 09:26:44.290,2.2,2.0
10515,nc72780326,36.6395,-121.2598333,2017-03-25 04:58:59.870,2.0,2.0
10549,nc72780751,36.5555,-121.1545,2017-03-26 08:07:22.110,3.1,2.0
10557,ci37612839,34.0376667,-117.2411667,2017-03-26 15:54:03.300,2.7,2.0
10569,nc72781046,36.4661667,-121.0016667,2017-03-27 05:33:28.510,2.2,2.0
10585,ci37613647,34.0058333,-117.1736667,2017-03-27 22:44:35.670,2.5,2.0
10586,nc72781361,36.2633333,-120.832,2017-03-27 23:02:35.750,2.2,2.0
10605,nc72781691,36.461,-121.034,2017-03-28 17:06:38.530,2.4000000000000004,2.0
10607,nc72781731,36.577,-121.1718333,2017-03-28 18:08:13.790,2.3000000000000003,2.0
10626,nc72782186,36.8361667,-121.5751667,2017-03-29 17:04:45.680,2.6,2.0
10645,ci37844488,34.2281667,-117.4598333,2017-03-30 09:09:58.310,3.0,2.0
10655,nc72782756,35.7983333,-120.3475,2017-03-30 20:15:18.580,2.8000000000000003,2.0
10672,nc72782926,36.5561667,-121.1485,2017-03-31 08:17:16.860,2.0,2.0
10674,nc72782971,36.8776667,-121.6141667,2017-03-31 10:55:53.700,4.0,2.0
10675,nc71105989,36.8638333,-121.5948333,2017-03-31 10:56:11.840,3.2,2.0
10681,nc72783026,36.8738333,-121.6085,2017-03-31 13:43:15.060,2.1,2.0
10686,nc72783061,36.8671667,-121.6018333,2017-03-31 15:38:35.450,2.6,2.0
10688,nc72783081,36.87,-121.6023333,2017-03-31 16:09:46.680,2.4000000000000004,2.0
10693,nc72783156,36.874,-121.6093333,2017-03-31 22:48:46.600,2.9000000000000004,2.0
10701,nc72783266,36.8055,-121.2761667,2017-04-01 09:19:05.650,2.4000000000000004,2.0
10724,nc72783766,36.5711667,-121.1661667,2017-04-02 21:03:06.910,2.3000000000000003,2.0
10730,nc72783836,36.5483333,-121.1421667,2017-04-03 02:19:22.600,2.6,2.0
10739,nc72784001,36.6358333,-121.2543333,2017-04-03 13:37:59.760,2.1,2.0
10740,ci37847760,34.2583333,-117.1965,2017-04-03 13:42:24.880,2.2,2.0
10762,nc72784336,36.8775,-121.6145,2017-04-04 10:42:34.410,2.0,2.0
10777,ci37849688,34.2878333,-117.56,2017-04-05 09:15:07.670,2.3000000000000003,2.0
10781,nc72784976,36.5885,-121.0293333,2017-04-05 13:44:33.420,2.4000000000000004,2.0
10813,ci37851280,34.0953333,-116.4025,2017-04-07 06:20:47.760,3.0,2.0
10815,nc72785906,35.9646667,-120.5203333,2017-04-07 07:49:28.330,2.3000000000000003,2.0
10822,ci37851416,34.312,-117.49,2017-04-07 13:46:49.200,2.1,2.0
10826,nc72786061,36.55,-121.1415,2017-04-07 19:48:26.810,2.4000000000000004,2.0
10841,nc72786266,36.4758333,-121.0498333,2017-04-08 09:31:24.650,2.5,2.0
10892,nc72787396,36.8795,-121.6106667,2017-04-10 23:39:29.110,2.0,2.0
10921,nc72787931,36.8635,-121.5953333,2017-04-12 20:07:15.010,2.1,2.0
10930,nc72787991,36.8633333,-121.413,2017-04-12 22:55:05.370,2.2,2.0
10932,nc72788016,36.6396667,-121.2611667,2017-04-12 23:57:08.900,2.1,2.0
10938,ci37856120,33.2241667,-115.6611667,2017-04-13 09:23:47.000,2.0,2.0
10961,nc72788391,36.4725,-120.9975,2017-04-13 22:21:02.320,3.5,2.0
10973,nc72788521,36.75,-121.444,2017-04-14 04:18:12.760,2.0,2.0
10983,ci37857344,34.0396667,-117.2405,2017-04-14 14:14:34.660,3.1,2.0
11012,nc72789221,36.9708333,-121.459,2017-04-15 15:06:40.470,2.9000000000000004,2.0
11014,nc72789246,36.9701667,-121.459,2017-04-15 15:48:25.640,3.2,2.0
11032,nc72789501,36.977,-121.4611667,2017-04-16 10:16:38.590,2.0,2.0
11039,nc72789596,36.9666667,-121.4545,2017-04-16 16:49:26.480,2.3000000000000003,2.0
11040,nc72789626,36.7208333,-121.3711667,2017-04-16 19:03:45.120,2.1,2.0
11043,nc72789696,36.5971667,-121.2035,2017-04-17 03:28:17.270,2.5,2.0
11069,nc72790391,40.2443333,-124.1715,2017-04-18 20:12:35.930,2.4000000000000004,2.0
11091,nc72790881,36.7036667,-121.339,2017-04-19 19:10:58.490,2.6,2.0
11094,ci37862152,34.0108333,-117.2271667,2017-04-20 00:41:19.040,2.0,2.0
11108,ci37862576,34.2478333,-116.8361667,2017-04-20 14:54:54.830,3.1,2.0
11112,ci37862624,34.0356667,-117.2396667,2017-04-20 18:35:32.970,2.5,2.0
11115,ci37862720,34.2486667,-116.8345,2017-04-20 20:58:27.600,2.1,2.0
11184,nc72793091,36.6436667,-121.2551667,2017-04-24 00:54:26.480,2.1,2.0
11207,ci37866152,33.8878333,-116.238,2017-04-25 06:29:34.280,2.0,2.0
11219,ci37866560,33.9735,-116.9796667,2017-04-25 17:14:19.220,2.1,2.0
11251,ci37635391,34.0315,-116.8583333,2017-04-27 07:18:32.710,2.2,2.0
11265,nc72795066,37.0251667,-121.4833333,2017-04-28 08:23:40.560,2.4000000000000004,2.0
11276,nc72795356,36.5871667,-121.184,2017-04-28 22:34:45.870,2.9000000000000004,2.0
11311,ci37637063,34.1123333,-117.3163333,2017-04-30 19:59:58.910,3.0,2.0
11319,ci37637519,34.0551667,-117.2533333,2017-05-01 16:42:07.940,2.3000000000000003,2.0
11388,nc72796875,36.6858333,-121.0385,2017-05-04 20:19:25.650,2.1,2.0
11394,ci37640431,34.2225,-117.4735,2017-05-05 05:02:32.520,2.4000000000000004,2.0
11445,nc72799011,36.8515,-121.3133333,2017-05-08 13:53:08.800,2.3000000000000003,2.0
11459,nc72799326,36.6181667,-121.2256667,2017-05-09 08:37:39.550,2.2,2.0
11532,ci37645103,33.9293333,-116.5731667,2017-05-13 09:04:40.630,2.0,2.0
11558,nc72801596,36.643,-121.2655,2017-05-14 18:11:03.570,2.0,2.0
11565,ci37645791,34.136,-117.4711667,2017-05-15 05:35:48.020,2.0,2.0
11571,ci37646015,34.2271667,-116.743,2017-05-15 18:43:08.110,3.6,2.0
11633,ci37648135,34.184,-117.567,2017-05-18 19:50:17.040,2.0,2.0
11671,nc72803916,36.9658333,-121.4543333,2017-05-21 02:26:24.980,2.5,2.0
11675,nc72804101,36.8758333,-121.6118333,2017-05-21 06:53:51.210,2.2,2.0
11676,nc72804121,36.8761667,-121.6111667,2017-05-21 07:34:15.160,2.3000000000000003,2.0
11687,nc72804356,36.7045,-121.339,2017-05-22 01:36:16.870,3.5,2.0
11728,nc72805896,36.9618333,-121.59,2017-05-24 13:29:04.240,2.5,2.0
11816,nc72807711,36.65,-121.2693333,2017-05-29 04:59:43.890,2.2,2.0
11826,ci37656527,34.1381667,-117.011,2017-05-29 16:26:32.240,2.1,2.0
11843,ci37656959,34.8638333,-118.9643333,2017-05-30 04:14:44.760,3.5,2.0
11848,nc72808221,36.2958333,-120.8536667,2017-05-30 09:43:33.120,2.0,2.0
11862,nc72808476,36.9331667,-121.366,2017-05-31 05:52:59.970,2.1,2.0
11870,ci37658111,34.0378333,-117.243,2017-05-31 14:55:22.600,2.8000000000000003,2.0
11875,ci37658495,34.2246667,-116.7808333,2017-05-31 21:18:47.630,2.1,2.0
11903,ci37659919,34.193,-117.5706667,2017-06-02 10:55:28.670,2.2,2.0
11917,ci37660511,34.0388333,-117.2433333,2017-06-02 23:49:21.670,2.0,2.0
11922,ci37660815,33.827,-116.2106667,2017-06-03 09:42:05.130,2.0,2.0
11933,nc72810186,36.4098333,-120.9858333,2017-06-04 07:34:20.290,2.1,2.0
11935,ci37661447,33.8861667,-116.8585,2017-06-04 12:39:03.430,2.1,2.0
11941,ci37661631,33.8278333,-116.2105,2017-06-04 20:11:03.470,2.2,2.0
11949,nc72810746,36.3073333,-120.8558333,2017-06-05 10:50:54.610,2.5,2.0
11967,ci37662615,34.5436667,-118.1438333,2017-06-06 07:08:46.920,2.1,2.0
11998,ci37663343,33.7988333,-115.9915,2017-06-07 00:31:14.420,2.0,2.0
11999,ci37663367,33.796,-115.9895,2017-06-07 00:45:50.740,2.4000000000000004,2.0
12006,ci37663687,33.8763333,-116.8093333,2017-06-07 07:12:33.670,3.2,2.0
12007,ci37160164,33.8818333,-116.7988333,2017-06-07 07:12:35.610,3.4000000000000004,2.0
12019,ci37663951,33.892,-116.2038333,2017-06-07 13:30:49.190,3.0,2.0
12047,ci37665007,33.797,-115.9913333,2017-06-08 12:16:36.960,2.4000000000000004,2.0
12053,ci37665175,33.7963333,-115.9911667,2017-06-08 15:13:22.520,2.4000000000000004,2.0
12080,ci37666255,34.036,-117.2398333,2017-06-09 13:49:47.340,2.4000000000000004,2.0
12101,nc72813491,36.8883333,-121.4128333,2017-06-10 08:35:04.190,2.7,2.0
12127,ci37669271,34.8428333,-118.9538333,2017-06-11 07:34:36.240,2.9000000000000004,2.0
12130,nc72814131,36.8465,-121.3103333,2017-06-11 14:06:34.270,2.7,2.0
12134,ci37669503,33.9643333,-116.4,2017-06-11 20:13:16.200,2.1,2.0
12142,nc72814566,36.6906667,-121.3191667,2017-06-12 07:39:15.390,2.9000000000000004,2.0
12169,nc72814966,36.7085,-121.3458333,2017-06-13 04:53:50.630,2.1,2.0
12178,ci37670927,34.8571667,-119.2443333,2017-06-13 19:19:10.590,2.3000000000000003,2.0
12194,nc72815676,36.686,-121.317,2017-06-14 08:06:07.040,2.8000000000000003,2.0
12195,nc72815681,36.6825,-121.3205,2017-06-14 08:09:55.600,2.5,2.0
12212,nc72815951,36.755,-121.2745,2017-06-14 21:07:06.200,2.0,2.0
12300,nc72818401,36.2381667,-120.8068333,2017-06-19 23:50:24.130,2.2,2.0
12338,nc72819491,36.5193333,-121.1025,2017-06-22 19:08:56.440,2.5,2.0
12339,ci37915960,34.223,-117.5233333,2017-06-22 19:17:30.630,2.3000000000000003,2.0
12380,ci37917624,34.001,-116.9018333,2017-06-25 13:53:24.760,3.5,2.0
12383,nc72821206,36.3553333,-120.928,2017-06-25 16:47:00.570,2.2,2.0
12439,nc72822486,37.0696667,-121.5018333,2017-06-28 01:15:54.130,2.0,2.0
12443,ci37919672,34.1995,-117.0081667,2017-06-28 03:07:29.140,2.3000000000000003,2.0
12476,ci37922064,33.9968333,-117.1683333,2017-06-30 14:26:55.920,2.0,2.0
12477,nc72824251,35.9683333,-120.5241667,2017-06-30 15:05:13.000,2.5,2.0
12488,nc72824566,36.2228333,-120.7995,2017-07-01 04:22:50.590,2.4000000000000004,2.0
12504,nc72825191,36.595,-121.1375,2017-07-02 03:17:32.300,2.9000000000000004,2.0
12507,ci37923304,33.2608333,-115.7936667,2017-07-02 04:34:24.620,2.6,2.0
12519,ci37923808,34.2285,-117.5191667,2017-07-02 22:12:24.100,2.2,2.0
12529,nc72826161,36.9846667,-121.6461667,2017-07-03 09:27:17.540,2.6,2.0
12547,ci37924352,34.0065,-117.282,2017-07-03 17:14:59.640,2.9000000000000004,2.0
12570,ci37925152,34.0106667,-116.6081667,2017-07-04 07:34:11.750,2.4000000000000004,2.0
12576,ci37925536,34.8498333,-118.9638333,2017-07-04 13:42:09.800,3.2,2.0
12598,nc72828816,36.7925,-121.5165,2017-07-05 19:44:25.400,2.1,2.0
12626,nc72830366,36.5555,-121.098,2017-07-07 11:09:13.100,2.1,2.0
12632,nc72830551,36.6066667,-121.2178333,2017-07-07 15:36:33.500,2.2,2.0
12706,ci37698831,34.4145,-117.6791667,2017-07-10 17:43:03.680,3.0,2.0
12733,nc72834396,36.7168333,-121.3548333,2017-07-11 18:19:50.110,2.1,2.0
12741,nc72834601,36.606,-121.0208333,2017-07-12 01:57:00.020,2.9000000000000004,2.0
12742,nc72834606,36.5981667,-121.0216667,2017-07-12 01:57:35.280,2.4000000000000004,2.0
12757,ci37701087,34.047,-117.1846667,2017-07-12 23:52:28.250,2.1,2.0
12806,nc72836921,36.6388333,-121.2626667,2017-07-14 03:26:16.890,2.3000000000000003,2.0
12822,ci37703143,34.4041667,-117.7123333,2017-07-14 19:34:18.550,2.3000000000000003,2.0
12906,nc72840781,36.9375,-121.682,2017-07-17 22:21:36.190,2.9000000000000004,2.0
12907,nc72840786,36.9376667,-121.6825,2017-07-17 22:32:07.140,3.1,2.0
12925,nc72841481,36.0203333,-120.5805,2017-07-18 17:47:31.800,2.8000000000000003,2.0
12937,nc72842151,36.549,-121.1388333,2017-07-19 08:10:49.070,2.2,2.0
12941,nc72842291,36.547,-121.1375,2017-07-19 10:44:12.090,2.2,2.0
12997,nc72844341,36.8621667,-121.3283333,2017-07-21 16:59:10.940,2.8000000000000003,2.0
13138,nc72848641,36.8511667,-121.5771667,2017-07-26 07:05:07.100,2.0,2.0
13192,ci37714279,34.0705,-117.3173333,2017-07-27 12:52:46.510,2.0,2.0
13204,ci37714991,34.1285,-117.4783333,2017-07-28 02:00:49.420,2.6,2.0
13216,ci37715447,34.167,-117.2488333,2017-07-28 07:40:32.760,2.4000000000000004,2.0
13334,nc72857026,36.83,-121.5563333,2017-08-02 01:21:11.870,2.4000000000000004,2.0
13345,ci37720575,33.973,-116.9238333,2017-08-02 08:09:12.510,2.2,2.0
13351,ci37720767,33.8406667,-116.7001667,2017-08-02 13:31:05.960,2.2,2.0
13390,nc72859526,36.5575,-121.142,2017-08-04 09:10:51.200,2.1,2.0
13396,nc72859786,36.8038333,-121.5308333,2017-08-04 14:13:55.240,2.3000000000000003,2.0
13410,nc72860456,36.6835,-121.312,2017-08-05 07:02:27.700,2.0,2.0
13457,ci37726887,34.1941667,-117.5068333,2017-08-07 08:24:27.890,2.7,2.0
13483,ci37727591,34.0216667,-116.8785,2017-08-07 18:16:13.870,2.0,2.0
13511,nc72864296,37.0173333,-121.474,2017-08-08 17:29:14.650,2.8000000000000003,2.0
13535,ci37729551,33.8931667,-116.2606667,2017-08-09 14:16:47.550,2.2,2.0
13541,ci37730031,34.2396667,-116.8856667,2017-08-09 20:40:50.170,3.5,2.0
13583,nc72866236,37.7948333,-122.5963333,2017-08-11 03:00:11.470,2.7,2.0
13592,nc72866501,36.2966667,-120.8506667,2017-08-11 08:49:20.820,2.3000000000000003,2.0
13607,ci37732327,33.9528333,-116.709,2017-08-11 20:16:21.810,2.0,2.0
13609,nc72866926,36.8233333,-121.5463333,2017-08-11 20:38:29.090,2.8000000000000003,2.0
13614,nc72866971,36.8231667,-121.5476667,2017-08-11 22:32:19.960,2.2,2.0
13636,ci37732951,33.9698333,-116.3728333,2017-08-12 10:25:56.920,2.7,2.0
13688,ci37734479,34.286,-117.0581667,2017-08-14 11:11:02.360,3.2,2.0
13711,nc72868885,36.5725,-121.1178333,2017-08-15 13:08:04.820,2.0,2.0
13720,nc72869045,36.0218333,-120.5935,2017-08-15 18:42:33.160,2.1,2.0
13721,nc72869050,36.8903333,-121.6183333,2017-08-15 18:43:17.410,2.0,2.0
13728,nc72869185,40.2523333,-124.1525,2017-08-15 22:24:32.380,2.1,2.0
13761,ci37975944,34.221,-117.4281667,2017-08-17 06:35:19.330,2.0,2.0
13765,ci37976120,33.9933333,-116.8011667,2017-08-17 14:10:55.050,3.1,2.0
13771,nc72870635,36.969,-121.457,2017-08-17 22:30:47.400,2.5,2.0
13797,nc72871500,36.5391667,-121.1308333,2017-08-19 05:19:32.670,2.0,2.0
13813,nc72871910,36.657,-121.275,2017-08-19 18:40:59.210,2.0,2.0
13842,nc72873130,36.4951667,-121.0758333,2017-08-21 06:26:41.140,2.1,2.0
13857,ci37979928,33.9578333,-116.6705,2017-08-22 08:12:34.170,3.2,2.0
13862,nc72874215,37.792,-122.602,2017-08-22 13:36:58.060,2.9000000000000004,2.0
13863,nc72874260,37.795,-122.5966667,2017-08-22 14:07:17.910,2.2,2.0
13889,nc72875465,36.8308333,-121.5536667,2017-08-23 19:41:59.980,2.7,2.0
13890,nc72875470,36.8246667,-121.5535,2017-08-23 19:42:18.420,2.9000000000000004,2.0
13913,nc72876675,36.7166667,-121.3596667,2017-08-25 01:06:36.080,2.4000000000000004,2.0
13917,nc72876700,36.5171667,-121.1023333,2017-08-25 02:21:35.390,2.2,2.0
13936,nc72877685,36.564,-121.1286667,2017-08-26 05:42:36.380,2.3000000000000003,2.0
13985,ci37985920,33.2298333,-115.694,2017-08-27 23:34:13.910,2.0,2.0
13986,ci37985968,34.0561667,-117.2651667,2017-08-28 00:26:48.150,2.3000000000000003,2.0
14020,nc72880360,36.5425,-121.0786667,2017-08-29 06:54:04.400,2.0,2.0
14040,nc72881120,36.7305,-121.3995,2017-08-29 20:38:44.990,2.6,2.0
14143,nc72884500,36.8191667,-121.5366667,2017-09-03 12:30:20.560,2.0,2.0
14144,nc72884515,40.2413333,-124.1585,2017-09-03 13:52:27.330,2.3000000000000003,2.0
14188,nc72885660,36.5338333,-121.1211667,2017-09-05 15:23:22.180,2.3000000000000003,2.0
14198,ci37755871,34.1991667,-117.008,2017-09-06 00:01:03.170,2.6,2.0
14230,nc72886975,36.6891667,-121.3145,2017-09-07 09:09:41.270,2.3000000000000003,2.0
14308,nc72889666,36.9348333,-121.6803333,2017-09-10 09:52:57.900,2.4000000000000004,2.0
14325,ci37759695,34.0376667,-117.1661667,2017-09-10 22:42:39.860,2.4000000000000004,2.0
14334,ci37759927,34.906,-119.403,2017-09-11 06:52:52.010,2.0,2.0
14387,ci37762351,33.9753333,-116.276,2017-09-13 21:59:42.500,3.3000000000000003,2.0
14400,ci37762879,34.2691667,-117.03,2017-09-14 12:25:03.440,2.5,2.0
14408,ci37763095,34.075,-116.377,2017-09-14 20:34:24.070,2.1,2.0
14423,ci37763407,35.0328333,-119.3031667,2017-09-15 11:12:56.550,3.2,2.0
14430,nc72892846,36.4966667,-121.0753333,2017-09-15 20:22:58.320,2.4000000000000004,2.0
14436,ci37764071,33.9745,-116.9263333,2017-09-16 04:39:26.220,3.0,2.0
14447,nc72893166,36.3833333,-120.96,2017-09-16 12:10:26.250,2.0,2.0
14459,nc72893446,36.971,-121.6168333,2017-09-16 23:08:57.140,2.3000000000000003,2.0
14466,nc72893781,36.5943333,-121.117,2017-09-17 08:21:56.400,2.6,2.0
14478,nc72894491,36.5801667,-121.1771667,2017-09-18 09:24:31.730,2.0,2.0
14482,nc72894591,37.2366667,-122.0555,2017-09-18 12:56:50.930,2.1,2.0
14509,nc72895056,36.5828333,-121.1773333,2017-09-19 10:38:38.530,2.1,2.0
14540,nc72895726,40.2463333,-124.1828333,2017-09-20 14:29:05.400,2.8000000000000003,2.0
14541,nc72895731,40.2545,-124.179,2017-09-20 14:34:55.770,2.2,2.0
14542,nc72895796,36.8291667,-121.5468333,2017-09-20 16:54:39.240,3.2,2.0
14552,nc72896001,35.9843333,-120.541,2017-09-21 01:54:24.360,2.1,2.0
14598,nc72897111,36.5365,-121.119,2017-09-22 23:17:02.600,2.5,2.0
14611,ci38008512,34.5033333,-118.0575,2017-09-23 14:18:35.810,2.3000000000000003,2.0
14617,nc72897476,36.714,-121.3425,2017-09-23 17:10:13.660,2.5,2.0
14625,nc72897686,36.555,-121.1411667,2017-09-24 01:04:36.790,2.2,2.0
14633,nc72897911,36.8248333,-121.5523333,2017-09-24 08:26:46.310,2.1,2.0
14670,nc72898821,36.2156667,-120.7786667,2017-09-25 17:52:58.590,2.0,2.0
14733,ci38013656,34.0941667,-117.313,2017-09-29 00:38:09.800,2.2,2.0
14739,ci38013856,33.995,-116.978,2017-09-29 04:49:02.280,2.0,2.0
14744,ci38014184,33.9941667,-116.9788333,2017-09-29 07:51:06.000,2.5,2.0
14786,ci38015696,34.216,-117.4926667,2017-09-30 14:59:02.670,2.3000000000000003,2.0
14823,nc72903271,36.8806667,-121.6091667,2017-10-02 19:37:25.100,2.3000000000000003,2.0
14830,nc72903666,36.7508333,-121.4643333,2017-10-03 16:03:02.120,2.6,2.0
14847,ci38018256,33.9995,-117.0476667,2017-10-04 11:26:41.470,2.0,2.0
14848,nc72904166,36.8815,-121.6093333,2017-10-04 15:58:38.170,2.7,2.0
14852,nc72904276,36.5396667,-121.1258333,2017-10-04 19:01:10.520,2.2,2.0
14853,nc72904286,36.5406667,-121.1276667,2017-10-04 19:05:03.920,2.0,2.0
14897,nc72905766,36.5838333,-121.1331667,2017-10-07 17:27:58.850,2.6,2.0
14901,nc72905891,36.8473333,-121.5766667,2017-10-08 01:40:15.730,2.8000000000000003,2.0
14902,nc72905946,40.2515,-124.1765,2017-10-08 04:26:20.630,2.3000000000000003,2.0
14906,nc72906046,36.5435,-121.031,2017-10-08 10:11:21.240,2.3000000000000003,2.0
14909,ci38021504,34.0631667,-117.3013333,2017-10-08 11:51:32.290,2.1,2.0
14929,ci38021888,34.0406667,-117.2388333,2017-10-09 06:39:48.230,3.0,2.0
14930,nc72906441,36.498,-121.0743333,2017-10-09 06:45:46.870,2.4000000000000004,2.0
14931,nc72906446,36.4955,-121.0736667,2017-10-09 06:46:06.090,2.5,2.0
14963,nc72906621,36.6753333,-121.3006667,2017-10-09 15:23:07.860,2.7,2.0
15003,ci38022424,33.9765,-116.2718333,2017-10-10 09:54:27.970,2.4000000000000004,2.0
15024,nc72907281,36.4031667,-120.9756667,2017-10-11 02:28:13.830,2.1,2.0
15035,nc72907751,36.051,-120.6175,2017-10-11 15:16:30.080,2.4000000000000004,2.0
15059,nc72908151,36.9598333,-121.6133333,2017-10-13 03:09:03.810,2.2,2.0
15066,nc72908386,36.9808333,-121.6455,2017-10-13 11:13:53.540,2.9000000000000004,2.0
15067,nc72908391,36.9898333,-121.466,2017-10-13 11:32:28.380,2.5,2.0
15091,ci38025024,34.0558333,-117.2686667,2017-10-14 13:01:21.570,2.1,2.0
15097,nc72908931,36.6215,-121.2278333,2017-10-14 18:27:39.490,2.1,2.0
15100,nc72908996,36.6295,-121.2281667,2017-10-14 21:54:22.570,2.0,2.0
15146,ci38026408,34.1435,-117.0246667,2017-10-17 02:39:41.960,2.3000000000000003,2.0
15163,nc72910376,36.5631667,-121.1526667,2017-10-17 19:36:25.510,2.1,2.0
15169,nc72910626,36.6946667,-121.3241667,2017-10-18 02:06:54.950,2.0,2.0
15186,nc72910951,36.701,-121.3371667,2017-10-18 11:57:31.920,2.3000000000000003,2.0
15221,nc72911526,36.4728333,-121.0506667,2017-10-19 11:45:32.740,3.5,2.0
15224,nc72911576,36.4698333,-121.0485,2017-10-19 14:12:28.410,2.5,2.0
15265,ci38028968,34.2773333,-117.1333333,2017-10-21 00:18:48.880,2.1,2.0
15297,nc72912386,36.6225,-121.2283333,2017-10-21 19:32:42.060,2.1,2.0
15309,nc72912531,36.9063333,-121.6473333,2017-10-22 02:23:10.400,2.4000000000000004,2.0
15321,nc72912781,36.6571667,-121.2758333,2017-10-22 17:23:04.600,2.7,2.0
15322,nc72912786,36.6578333,-121.2735,2017-10-22 18:37:36.580,2.0,2.0
15332,nc72912871,36.5816667,-121.1778333,2017-10-23 03:31:44.060,2.4000000000000004,2.0
15349,ci38030304,34.2786667,-117.1318333,2017-10-23 18:52:42.760,2.6,2.0
15350,nc72913126,36.9248333,-121.519,2017-10-23 19:04:42.260,2.2,2.0
15352,nc72913131,36.9256667,-121.5165,2017-10-23 19:06:42.030,2.3000000000000003,2.0
15359,ci38030448,34.035,-117.2375,2017-10-24 01:15:43.180,2.6,2.0
15362,ci38030464,34.0328333,-117.2413333,2017-10-24 02:14:45.190,2.1,2.0
15373,nc72913521,35.9943333,-120.5575,2017-10-24 23:05:19.180,2.0,2.0
15375,nc72913591,35.926,-120.476,2017-10-25 03:16:44.170,2.1,2.0
15420,nc72914361,36.8206667,-121.5475,2017-10-26 19:01:26.320,2.3000000000000003,2.0
15429,ci38031712,34.0633333,-117.256,2017-10-27 02:09:59.820,2.1,2.0
15458,nc72915191,36.7518333,-121.4713333,2017-10-28 10:37:25.910,2.6,2.0
15481,nc72915961,36.5821667,-121.1751667,2017-10-29 20:11:19.020,3.1,2.0
15505,nc72916561,36.4268333,-121.0005,2017-10-31 11:30:59.150,2.4000000000000004,2.0
15508,nc72916586,36.426,-120.9985,2017-10-31 12:37:12.570,2.1,2.0
15514,nc72916681,36.7496667,-121.4673333,2017-10-31 16:29:08.340,2.8000000000000003,2.0
15576,ci38035736,34.0091667,-117.0056667,2017-11-02 18:33:38.410,2.2,2.0
15601,nc72918461,36.8868333,-121.611,2017-11-03 18:10:31.340,2.1,2.0
15621,ci38036968,34.0846667,-117.3185,2017-11-04 08:38:16.420,2.3000000000000003,2.0
15622,nc72918961,36.4971667,-121.0743333,2017-11-04 10:44:10.460,2.1,2.0
15626,nc72919031,36.5813333,-121.1781667,2017-11-04 13:59:17.380,2.3000000000000003,2.0
15643,nc72919671,36.5823333,-121.175,2017-11-06 00:30:11.470,2.3000000000000003,2.0
15679,nc72920516,36.5563333,-121.0683333,2017-11-07 18:40:54.900,2.1,2.0
15680,nc72920531,36.4358333,-121.0146667,2017-11-07 18:53:58.340,2.4000000000000004,2.0
15698,nc72920916,36.8321667,-121.4068333,2017-11-08 08:44:32.180,2.3000000000000003,2.0
15703,nc72921196,36.706,-121.3368333,2017-11-08 16:09:15.100,2.0,2.0
15705,nc72921301,36.7028333,-121.339,2017-11-08 19:50:33.410,2.2,2.0
15724,ci38039944,34.3505,-117.4871667,2017-11-09 15:38:55.310,2.5,2.0
15737,nc72921941,36.1231667,-120.6933333,2017-11-10 03:04:00.400,2.6,2.0
15738,nc72921946,36.1283333,-120.695,2017-11-10 03:09:34.650,2.1,2.0
15742,nc72922031,36.9661667,-121.6115,2017-11-10 07:55:05.930,2.3000000000000003,2.0
15775,nc72922761,36.0391667,-120.6161667,2017-11-11 17:01:53.180,2.5,2.0
15814,nc72923380,36.6305,-121.2443333,2017-11-13 19:31:29.050,4.6000000000000005,2.0
15820,nc72923465,36.6385,-121.2551667,2017-11-13 20:36:38.170,2.2,2.0
15821,nc72923470,36.6341667,-121.2456667,2017-11-13 20:38:25.120,2.6,2.0
15822,nc72923485,36.6371667,-121.2471667,2017-11-13 20:45:59.570,2.7,2.0
15827,nc72923585,36.6333333,-121.2483333,2017-11-13 23:25:39.500,2.4000000000000004,2.0
15831,nc72923640,36.6258333,-121.2348333,2017-11-14 00:36:49.390,2.1,2.0
15832,nc72923645,36.6346667,-121.2478333,2017-11-14 00:37:43.970,2.0,2.0
15833,nc72923670,36.6416667,-121.2576667,2017-11-14 01:05:35.510,2.2,2.0
15834,nc72923680,36.6426667,-121.2573333,2017-11-14 01:43:14.570,2.8000000000000003,2.0
15838,nc72923730,36.6328333,-121.2475,2017-11-14 02:57:03.280,2.1,2.0
15839,nc72923750,36.633,-121.24,2017-11-14 03:38:39.400,2.1,2.0
15842,nc72923765,36.6446667,-121.2621667,2017-11-14 04:17:29.430,2.8000000000000003,2.0
15847,nc72923875,36.6436667,-121.2585,2017-11-14 07:07:02.230,2.0,2.0
15851,nc72923990,36.6581667,-121.2866667,2017-11-14 10:58:59.520,2.0,2.0
15853,nc72924005,36.6448333,-121.263,2017-11-14 11:22:39.450,2.9000000000000004,2.0
15854,nc72924015,36.6443333,-121.259,2017-11-14 11:40:04.670,2.5,2.0
15860,nc72924130,36.6576667,-121.2845,2017-11-14 14:40:19.600,2.0,2.0
15863,nc72924170,36.6595,-121.2885,2017-11-14 16:08:08.820,2.0,2.0
15872,nc72924355,36.6516667,-121.2731667,2017-11-14 22:19:04.220,2.9000000000000004,2.0
15873,nc72924360,36.6523333,-121.2731667,2017-11-14 22:21:30.560,2.1,2.0
15874,nc72924370,36.6513333,-121.2736667,2017-11-14 22:27:04.360,2.5,2.0
15877,nc72924450,36.629,-121.2361667,2017-11-15 01:15:18.410,3.2,2.0
15878,nc72924455,36.6271667,-121.2378333,2017-11-15 01:23:53.150,3.8000000000000003,2.0
15879,nc72924465,36.6201667,-121.227,2017-11-15 01:31:14.010,2.1,2.0
15881,nc72924485,36.6228333,-121.2306667,2017-11-15 01:46:24.620,2.1,2.0
15885,ci37811983,34.036,-117.2383333,2017-11-15 02:50:23.000,2.7,2.0
15887,nc72924555,36.6213333,-121.2271667,2017-11-15 03:09:27.860,2.4000000000000004,2.0
15888,nc72924565,36.6191667,-121.2268333,2017-11-15 04:00:37.190,2.2,2.0
15890,nc72924570,36.6223333,-121.2275,2017-11-15 04:05:24.030,2.1,2.0
15892,nc72924585,36.7368333,-121.4323333,2017-11-15 04:52:30.970,2.1,2.0
15895,nc72924640,36.9835,-121.645,2017-11-15 06:58:44.110,2.4000000000000004,2.0
15896,nc72924715,36.6405,-121.2598333,2017-11-15 08:29:38.060,2.0,2.0
15897,ci37812127,33.991,-117.0005,2017-11-15 10:17:04.450,2.7,2.0
15901,nc72924835,36.6231667,-121.2316667,2017-11-15 12:15:32.560,2.4000000000000004,2.0
15905,nc72924955,36.4421667,-121.0205,2017-11-15 15:52:53.340,2.5,2.0
15907,nc72924995,36.0453333,-120.6258333,2017-11-15 17:05:04.340,2.0,2.0
15908,nc72925005,36.9638333,-121.6043333,2017-11-15 17:09:02.910,2.4000000000000004,2.0
15909,nc72925055,36.6201667,-121.2286667,2017-11-15 18:23:15.440,2.1,2.0
15915,ci37812367,34.0295,-117.2336667,2017-11-15 20:58:25.340,2.6,2.0
15931,nc72925400,36.6208333,-121.2293333,2017-11-16 10:03:27.730,2.0,2.0
15934,nc72925505,36.6538333,-121.2756667,2017-11-16 12:43:14.890,2.3000000000000003,2.0
15946,nc72925790,36.6228333,-121.2321667,2017-11-16 23:08:33.520,3.0,2.0
15947,ci37813215,34.908,-119.4256667,2017-11-17 01:15:38.130,2.5,2.0
15948,nc72925845,36.6226667,-121.23,2017-11-17 01:17:08.710,3.0,2.0
15950,nc72925895,36.6203333,-121.2265,2017-11-17 03:27:59.660,3.0,2.0
15954,nc72925940,36.6195,-121.2266667,2017-11-17 04:09:01.820,2.7,2.0
15983,nc72926685,36.6068333,-121.2081667,2017-11-18 10:07:56.340,2.0,2.0
16001,nc72927065,36.6405,-121.2561667,2017-11-18 21:07:50.290,2.0,2.0
16007,nc72927325,36.6525,-121.2696667,2017-11-19 09:09:28.020,2.7,2.0
16014,nc72927500,36.6191667,-121.2248333,2017-11-19 15:30:39.930,2.0,2.0
16030,nc72928030,36.6156667,-121.2231667,2017-11-20 14:03:15.850,2.6,2.0
16034,nc72928110,36.6163333,-121.222,2017-11-20 18:44:37.470,2.9000000000000004,2.0
16036,nc72928125,36.6895,-121.3185,2017-11-20 19:17:40.770,2.2,2.0
16063,nc72928765,36.6206667,-121.2273333,2017-11-21 23:11:31.250,2.4000000000000004,2.0
16070,nc72928920,36.6211667,-121.2283333,2017-11-22 07:06:49.570,2.2,2.0
16102,nc72930065,36.638,-121.2535,2017-11-24 15:38:52.040,2.2,2.0
16111,nc72930250,36.6166667,-121.2245,2017-11-24 23:41:18.760,2.0,2.0
16119,nc72930685,36.64,-121.2525,2017-11-25 18:28:29.760,2.8000000000000003,2.0
16121,nc72930800,36.561,-121.1555,2017-11-26 00:45:31.890,2.0,2.0
16162,nc72931885,35.9106667,-120.4548333,2017-11-28 20:12:08.320,2.7,2.0
16163,nc72931890,35.9123333,-120.4531667,2017-11-28 20:12:22.860,2.4000000000000004,2.0
16183,ci37820471,34.8451667,-118.9038333,2017-11-29 20:41:32.810,3.1,2.0
16184,nc72932335,36.5306667,-121.1145,2017-11-29 21:10:16.590,3.0,2.0
16199,ci37821199,34.0391667,-117.2605,2017-12-01 03:19:41.660,2.1,2.0
16222,nc72933545,36.6758333,-121.2996667,2017-12-02 07:15:18.980,3.3000000000000003,2.0
16234,nc72933950,36.634,-121.2415,2017-12-03 04:53:04.120,2.1,2.0
16240,nc72934110,36.6718333,-121.2715,2017-12-03 13:21:19.520,2.0,2.0
16275,nc72935291,36.6195,-121.2261667,2017-12-05 12:04:24.060,2.1,2.0
16279,nc72935391,36.6045,-121.1423333,2017-12-05 17:30:03.440,2.4000000000000004,2.0
16299,nc72935781,36.5665,-121.1495,2017-12-06 12:58:36.750,2.9000000000000004,2.0
16352,nc72936416,36.618,-121.2243333,2017-12-07 17:00:29.830,3.2,2.0
16363,nc72936606,36.5653333,-121.1481667,2017-12-08 03:51:05.840,2.3000000000000003,2.0
16366,ci37825175,33.807,-116.0675,2017-12-08 04:44:43.830,2.0,2.0
16397,ci37825823,34.1651667,-117.2506667,2017-12-09 02:12:14.300,2.1,2.0
16402,nc72937291,36.6226667,-121.2298333,2017-12-09 04:12:53.250,2.2,2.0
16405,nc72937316,36.6198333,-121.2283333,2017-12-09 05:05:32.380,2.0,2.0
16412,ci37825991,34.167,-117.2501667,2017-12-09 07:35:30.860,2.9000000000000004,2.0
16433,nc72938076,36.6175,-121.2271667,2017-12-10 16:05:49.800,2.4000000000000004,2.0
16434,nc72938116,36.6155,-121.2233333,2017-12-10 18:39:29.200,2.5,2.0
16435,nc72938121,36.6148333,-121.2223333,2017-12-10 18:42:45.930,2.0,2.0
16449,ci37827311,34.0546667,-117.1216667,2017-12-11 08:58:40.980,2.1,2.0
16479,nc72939251,36.6133333,-121.2198333,2017-12-13 07:52:59.720,2.7,2.0
16518,ci37830143,33.835,-116.9731667,2017-12-15 07:37:45.140,2.8000000000000003,2.0
16520,nc72940231,36.5635,-121.151,2017-12-15 08:24:05.440,3.3000000000000003,2.0
16558,nc72941191,36.474,-121.048,2017-12-17 16:16:16.740,2.1,2.0
16563,nc72941246,36.6448333,-121.2541667,2017-12-17 20:50:27.050,2.5,2.0
16590,nc72941791,36.6906667,-121.3181667,2017-12-19 01:37:10.290,2.2,2.0
16599,nc72942026,36.754,-121.4616667,2017-12-19 12:57:12.310,3.0,2.0
16603,nc72942256,36.5796667,-121.1275,2017-12-19 18:38:00.680,2.0,2.0
16604,ci37832991,33.9695,-116.8428333,2017-12-19 19:41:03.410,2.0,2.0
16617,nc72942496,37.6533333,-122.5105,2017-12-20 07:35:15.770,2.2,2.0
16641,ci37834055,34.0386667,-116.7406667,2017-12-21 05:07:50.690,2.1,2.0
16660,nc72943346,36.9475,-121.5531667,2017-12-22 19:19:10.050,2.0,2.0
16686,ci37835927,33.9986667,-117.1568333,2017-12-24 05:59:13.850,2.0,2.0
16716,nc72944196,36.6135,-121.2203333,2017-12-25 12:29:19.420,2.2,2.0
16719,nc72944216,36.7141667,-121.3593333,2017-12-25 14:52:53.770,2.2,2.0
16737,ci37838671,34.1088333,-117.3165,2017-12-26 19:57:55.440,2.4000000000000004,2.0
16757,nc72945011,36.6828333,-121.3095,2017-12-27 23:48:51.880,2.4000000000000004,2.0
16758,nc72945016,36.6815,-121.3125,2017-12-28 00:22:45.330,3.3000000000000003,2.0
16762,nc72945026,36.6816667,-121.3078333,2017-12-28 01:46:57.580,2.3000000000000003,2.0
16764,nc72945046,36.68,-121.302,2017-12-28 02:37:30.860,2.9000000000000004,2.0
16770,nc72945111,36.659,-121.2841667,2017-12-28 08:54:13.140,3.1,2.0
16771,nc72945116,36.6605,-121.2861667,2017-12-28 08:57:16.470,2.5,2.0
16773,nc72945166,36.6591667,-121.288,2017-12-28 11:28:17.900,2.1,2.0
16774,nc72945171,36.6573333,-121.285,2017-12-28 11:35:46.700,2.1,2.0
16775,nc72945181,36.6588333,-121.2858333,2017-12-28 11:39:50.670,3.0,2.0
16778,ci37840391,34.2126667,-117.5755,2017-12-28 15:20:04.980,2.2,2.0
16789,nc72945511,36.4688333,-121.0433333,2017-12-29 05:48:33.270,2.0,2.0
16796,nc72945661,36.6228333,-121.2306667,2017-12-29 12:04:38.040,2.3000000000000003,2.0
16799,nc72945751,36.6596667,-121.2846667,2017-12-29 15:21:33.940,2.8000000000000003,2.0
16800,nc72945761,36.6601667,-121.287,2017-12-29 15:50:40.200,2.8000000000000003,2.0
16801,nc72945781,36.6616667,-121.2873333,2017-12-29 16:28:52.320,2.2,2.0
16805,nc72945891,36.6615,-121.2885,2017-12-29 19:52:02.080,2.0,2.0
16813,nc72946046,36.7215,-121.3625,2017-12-30 04:15:11.600,3.0,2.0
16827,nc72946286,36.6556667,-121.2795,2017-12-30 16:39:17.950,2.8000000000000003,2.0
16832,nc72946336,36.6558333,-121.2803333,2017-12-30 18:48:52.430,3.0,2.0
16833,nc72946351,36.6553333,-121.2805,2017-12-30 19:45:04.010,2.5,2.0
16834,nc72946376,36.6533333,-121.2766667,2017-12-30 21:32:15.280,2.7,2.0
16836,nc72946456,36.6563333,-121.2813333,2017-12-31 02:06:35.810,2.5,2.0
16860,nc72947036,36.6523333,-121.2795,2018-01-01 05:24:14.440,2.0,2.0
16881,nc72947681,36.4711667,-121.045,2018-01-02 07:46:24.930,2.6,2.0
16887,nc72947761,36.5785,-121.1791667,2018-01-02 10:50:44.640,2.2,2.0
16893,nc72947936,36.8828333,-121.6153333,2018-01-02 19:41:52.920,3.0,2.0
16894,nc72947941,36.8811667,-121.6076667,2018-01-02 19:42:49.570,2.0,2.0
16898,nc72948036,36.6213333,-121.2281667,2018-01-03 01:15:53.070,2.1,2.0
16921,ci37846551,34.0333333,-117.2125,2018-01-04 05:18:32.610,2.0,2.0
16926,nc72948766,36.6526667,-121.2755,2018-01-04 09:27:50.770,2.0,2.0
16932,nc72948826,37.3163333,-122.0773333,2018-01-04 11:34:44.280,2.6,2.0
16953,nc72949246,36.6606667,-121.2913333,2018-01-05 06:52:31.820,2.0,2.0
16963,ci37847919,33.9865,-116.5573333,2018-01-06 04:00:42.050,2.6,2.0
17034,nc72951665,36.856,-121.44,2018-01-09 17:31:09.070,2.0,2.0
17048,ci37850063,33.8876667,-116.7528333,2018-01-10 08:44:24.110,2.0,2.0
17053,nc72952005,36.9691667,-121.6078333,2018-01-10 13:52:46.520,2.6,2.0
17054,ci37850095,34.0073333,-117.1801667,2018-01-10 14:05:41.110,2.8000000000000003,2.0
17122,nc72953565,36.6403333,-121.2575,2018-01-13 09:56:41.270,2.0,2.0
17161,nc72954600,36.0433333,-120.6078333,2018-01-15 22:30:48.850,2.3000000000000003,2.0
17168,ci38088256,34.2156667,-117.5843333,2018-01-16 02:12:30.450,2.3000000000000003,2.0
17215,nc72955920,37.3251667,-122.1893333,2018-01-18 19:08:48.540,2.0,2.0
17258,nc72956691,36.4628333,-120.9928333,2018-01-21 19:57:36.130,2.0,2.0
17271,ci38090392,33.8855,-116.2056667,2018-01-22 11:08:20.690,2.0,2.0
17280,nc72957036,37.2628333,-122.1571667,2018-01-22 16:14:39.640,2.1,2.0
17303,nc72957626,36.4753333,-121.0278333,2018-01-23 21:00:55.290,3.4000000000000004,2.0
17305,nc72957656,36.9566667,-121.5728333,2018-01-23 21:24:33.010,2.1,2.0
17308,nc72957696,36.4705,-121.0225,2018-01-23 22:33:32.520,2.2,2.0
17311,nc72957756,36.4733333,-121.0256667,2018-01-24 01:02:42.490,2.0,2.0
17312,nc72957816,36.9373333,-121.661,2018-01-24 06:02:33.030,3.6,2.0
17313,nc72957821,36.9396667,-121.6635,2018-01-24 06:03:39.120,2.6,2.0
17324,ci38091640,34.2771667,-117.521,2018-01-24 19:30:13.650,2.5,2.0
17330,nc72958121,36.474,-121.0285,2018-01-25 00:46:39.160,2.3000000000000003,2.0
17343,nc72958411,36.467,-121.045,2018-01-25 17:03:47.450,2.3000000000000003,2.0
17346,nc72958486,36.892,-121.4853333,2018-01-25 19:19:39.710,2.5,2.0
17353,nc72958686,36.9408333,-121.669,2018-01-26 01:58:15.920,2.8000000000000003,2.0
17355,ci38092928,34.0446667,-116.6325,2018-01-26 03:38:12.710,2.9000000000000004,2.0
17380,nc72959806,38.5571667,-123.017,2018-01-28 03:18:30.880,2.0,2.0
17399,nc72960416,36.4656667,-121.0445,2018-01-29 05:41:52.300,2.3000000000000003,2.0
17443,nc72961766,36.4641667,-121.0395,2018-01-31 09:15:31.610,2.1,2.0
17459,nc72962121,35.996,-120.5668333,2018-02-01 02:42:36.510,2.1,2.0
17474,nc72962951,36.5815,-121.046,2018-02-02 06:17:31.290,2.4000000000000004,2.0
17478,nc72963071,36.5913333,-121.1428333,2018-02-02 12:08:09.910,2.0,2.0
17524,nc72963896,36.5898333,-121.1413333,2018-02-04 02:07:48.800,2.2,2.0
17577,nc72965126,36.471,-121.0443333,2018-02-06 07:25:09.180,2.5,2.0
17598,ci37868719,33.7605,-116.0806667,2018-02-07 19:29:37.920,2.0,2.0
17609,ci37869015,33.7596667,-116.081,2018-02-08 04:54:41.520,2.3000000000000003,2.0
17626,nc72966496,37.6731667,-122.5215,2018-02-09 05:16:32.970,2.0,2.0
17630,ci38104504,33.7858333,-116.0745,2018-02-09 06:08:13.020,2.1,2.0
17632,nc72966536,36.7278333,-121.3781667,2018-02-09 06:34:18.020,2.1,2.0
17637,nc72966571,36.7156667,-121.3581667,2018-02-09 08:38:04.600,2.0,2.0
17655,ci38105304,34.145,-117.4273333,2018-02-10 00:28:59.530,2.2,2.0
17660,ci38105480,34.5301667,-118.116,2018-02-10 08:31:05.210,2.1,2.0
17663,nc72967351,36.7763333,-121.5018333,2018-02-10 15:52:06.460,2.5,2.0
17666,nc72967431,36.531,-121.1043333,2018-02-10 18:24:25.390,2.0,2.0
17669,nc72967471,36.368,-120.95,2018-02-10 22:31:43.470,2.1,2.0
17696,ci38106896,34.1968333,-117.0065,2018-02-12 08:02:57.920,2.2,2.0
17699,ci38106992,34.0293333,-117.1241667,2018-02-12 15:05:39.940,2.1,2.0
17745,ci38108544,33.9615,-116.7226667,2018-02-14 16:36:54.740,2.2,2.0
17751,ci38108728,33.9891667,-116.8103333,2018-02-14 20:05:08.100,2.1,2.0
17759,ci38109080,34.0448333,-117.14,2018-02-15 01:47:35.580,3.3000000000000003,2.0
17820,ci38110864,34.0383333,-117.2321667,2018-02-17 19:08:06.870,2.6,2.0
17830,nc72971386,36.4646667,-121.0413333,2018-02-18 08:07:28.110,2.6,2.0
17843,nc72971976,36.0033333,-120.5645,2018-02-19 00:53:24.090,2.6,2.0
17849,nc72972146,36.4955,-121.077,2018-02-19 11:06:20.270,2.0,2.0
17977,nc72975471,36.045,-120.6225,2018-02-24 18:05:21.660,2.0,2.0
17993,ci38115656,33.5585,-115.8875,2018-02-25 14:09:40.190,2.5,2.0
18000,nc72976076,36.593,-121.1446667,2018-02-25 23:45:31.300,2.0,2.0
18006,ci38116056,33.557,-115.886,2018-02-26 08:19:26.020,2.6,2.0
18013,nc72976376,36.8723333,-121.598,2018-02-26 14:13:09.610,2.5,2.0
18014,nc72976396,36.8705,-121.6023333,2018-02-26 14:39:54.770,2.8000000000000003,2.0
18026,nc72976546,36.557,-121.1438333,2018-02-26 20:37:40.380,2.0,2.0
18038,nc72976786,37.6793333,-122.5095,2018-02-27 03:29:03.650,2.0,2.0
18091,nc72977756,36.6511667,-121.2745,2018-03-01 06:01:24.410,2.1,2.0
18100,nc72977826,36.679,-121.2756667,2018-03-01 10:00:17.900,3.4000000000000004,2.0
18113,nc72978276,36.582,-121.1283333,2018-03-02 15:25:23.220,3.1,2.0
18135,nc72978576,36.5388333,-121.1036667,2018-03-03 17:31:23.600,2.2,2.0
18175,ci37888543,34.218,-117.52,2018-03-05 16:01:57.360,2.0,2.0
18177,nc72979451,36.0003333,-120.5746667,2018-03-05 17:13:55.640,2.0,2.0
18193,nc72979736,37.0016667,-121.4613333,2018-03-06 12:38:16.730,3.3000000000000003,2.0
18195,nc72979741,37.0041667,-121.459,2018-03-06 12:44:06.150,2.6,2.0
18213,nc72979946,37.0063333,-121.459,2018-03-07 04:26:43.510,2.5,2.0
18214,nc72979976,36.683,-121.2805,2018-03-07 05:22:53.850,2.3000000000000003,2.0
18220,ci37889959,35.4871667,-120.0265,2018-03-07 18:05:00.420,3.7,2.0
18238,nc72981041,36.9765,-121.624,2018-03-08 17:08:18.170,2.1,2.0
18256,nc72981466,35.7993333,-120.3495,2018-03-09 05:11:49.240,2.7,2.0
18294,nc72982551,36.9436667,-121.441,2018-03-11 18:09:08.410,3.4000000000000004,2.0
18295,nc72982556,36.9431667,-121.4391667,2018-03-11 18:10:35.830,2.7,2.0
18308,nc72982911,36.9728333,-121.6281667,2018-03-12 14:12:41.500,2.1,2.0
18341,nc72983501,36.6168333,-121.2235,2018-03-14 01:49:14.990,2.1,2.0
18344,ci37893935,33.7683333,-116.1328333,2018-03-14 02:35:04.740,2.0,2.0
18357,ci37894087,33.9525,-116.9876667,2018-03-14 13:26:50.180,2.7,2.0
18360,nc72983726,36.685,-121.3131667,2018-03-14 15:30:27.650,2.1,2.0
18371,nc72983981,36.6171667,-121.224,2018-03-15 06:02:04.100,2.0,2.0
18375,nc72984066,36.3911667,-120.9606667,2018-03-15 10:30:31.590,2.0,2.0
18384,nc72984386,36.8568333,-121.588,2018-03-16 01:53:17.530,2.6,2.0
18385,nc72984391,36.8546667,-121.579,2018-03-16 01:53:38.950,2.6,2.0
18388,ci37894903,33.9913333,-116.284,2018-03-16 04:04:48.140,2.0,2.0
18389,ci37894911,33.9563333,-116.3191667,2018-03-16 04:08:01.540,3.1,2.0
18399,nc72984751,36.1973333,-120.7638333,2018-03-16 23:16:53.370,2.0,2.0
18434,ci37895895,34.0393333,-117.264,2018-03-17 19:58:56.640,2.6,2.0
18447,ci37896135,34.0286667,-117.112,2018-03-18 06:38:34.940,2.3000000000000003,2.0
18455,nc72986596,36.9371667,-121.6821667,2018-03-18 14:53:59.530,2.4000000000000004,2.0
18521,nc72988386,36.858,-121.5875,2018-03-21 21:11:31.290,2.8000000000000003,2.0
18530,nc72988781,36.006,-120.5655,2018-03-22 19:27:36.340,2.6,2.0
18576,nc72989641,36.7208333,-121.1708333,2018-03-24 16:24:29.150,2.3000000000000003,2.0
18584,ci37899639,34.0651667,-117.171,2018-03-24 20:08:49.620,2.5,2.0
18587,nc72989766,36.4151667,-120.9865,2018-03-25 00:51:49.050,3.0,2.0
18621,nc72990431,36.4713333,-121.0305,2018-03-26 17:28:50.500,2.0,2.0
18658,nc72991070,36.9873333,-121.6508333,2018-03-29 02:28:23.860,2.0,2.0
18676,nc72991580,36.9883333,-121.6486667,2018-03-30 06:39:56.380,2.5,2.0
18696,nc72992195,37.0593333,-121.4908333,2018-03-31 09:05:53.270,2.6,2.0
18697,nc72992200,37.0586667,-121.4888333,2018-03-31 09:15:26.540,2.0,2.0
18698,nc72992270,35.9551667,-120.5143333,2018-03-31 12:22:47.210,2.0,2.0
18701,nc72992330,36.8596667,-121.5915,2018-03-31 14:33:39.330,3.0,2.0
18702,nc72992335,36.8606667,-121.5925,2018-03-31 15:07:31.240,2.8000000000000003,2.0
18703,nc72992340,36.8618333,-121.592,2018-03-31 15:12:11.450,2.3000000000000003,2.0
18711,nc72992780,36.4765,-121.0565,2018-04-01 08:38:17.910,2.0,2.0
18714,nc72992835,36.857,-121.5908333,2018-04-01 10:46:57.490,2.6,2.0
18719,nc72993020,36.4691667,-121.0495,2018-04-01 19:10:04.610,2.1,2.0
18736,nc72993205,36.5125,-121.0958333,2018-04-02 04:03:28.890,2.1,2.0
18737,nc72993200,36.5135,-121.0956667,2018-04-02 04:04:13.880,2.3000000000000003,2.0
18753,nc72993920,36.4141667,-120.9925,2018-04-03 03:46:11.990,2.3000000000000003,2.0
18789,ci37907519,34.5518333,-117.9301667,2018-04-04 18:49:27.890,2.3000000000000003,2.0
18804,nc72995381,36.6508333,-121.2663333,2018-04-05 03:23:31.670,2.8000000000000003,2.0
18806,nc72995461,36.6478333,-121.2615,2018-04-05 04:11:50.800,2.9000000000000004,2.0
18820,nc72995711,36.584,-121.1816667,2018-04-05 15:06:32.250,2.1,2.0
18828,nc72995846,35.5256667,-120.0695,2018-04-05 20:22:41.350,2.9000000000000004,2.0
18829,nc72995851,35.5186667,-120.0788333,2018-04-05 20:39:41.010,2.6,2.0
18850,ci37909607,33.8785,-116.7663333,2018-04-06 16:58:45.990,2.0,2.0
18853,nc72996156,36.468,-121.0461667,2018-04-06 18:51:18.160,2.1,2.0
18860,nc72996226,36.6591667,-121.2676667,2018-04-06 23:06:56.550,2.2,2.0
18901,nc72997131,36.4828333,-121.0546667,2018-04-09 00:58:40.710,2.3000000000000003,2.0
18905,ci37911311,33.9445,-116.8128333,2018-04-09 02:47:44.330,2.4000000000000004,2.0
18906,nc72997156,36.5661667,-121.1536667,2018-04-09 03:52:40.850,3.3000000000000003,2.0
18908,ci37911423,34.2433333,-117.458,2018-04-09 07:31:59.520,3.2,2.0
18909,ci37911495,34.2416667,-117.4601667,2018-04-09 11:02:25.320,2.1,2.0
18934,nc72997626,36.386,-120.9583333,2018-04-10 08:52:59.380,2.4000000000000004,2.0
18937,ci37912351,34.1381667,-117.4238333,2018-04-10 13:23:06.320,3.0,2.0
18948,ci38147072,33.9813333,-116.8538333,2018-04-11 06:41:22.500,2.1,2.0
18969,ci38147968,34.0351667,-116.4433333,2018-04-12 12:42:30.420,2.1,2.0
18984,nc72999031,37.851,-122.607,2018-04-13 21:07:34.680,2.3000000000000003,2.0
18997,nc72999406,36.8628333,-121.302,2018-04-14 15:21:29.720,2.0,2.0
19012,nc72999591,36.5576667,-121.1313333,2018-04-15 02:59:56.700,2.0,2.0
19014,nc72999761,36.5691667,-121.1538333,2018-04-15 07:24:24.790,2.1,2.0
19046,ci37916679,34.0005,-116.7945,2018-04-17 15:58:28.340,2.2,2.0
19106,nc73001786,36.9371667,-121.432,2018-04-20 12:05:17.770,2.4000000000000004,2.0
19133,ci37919695,34.1858333,-117.2318333,2018-04-21 14:05:39.500,2.3000000000000003,2.0
19148,nc73002681,36.1971667,-120.779,2018-04-22 05:23:27.080,3.1,2.0
19175,ci37920791,33.921,-116.3216667,2018-04-23 00:46:08.900,3.9000000000000004,2.0
19177,ci37920863,33.921,-116.3248333,2018-04-23 02:29:40.070,2.2,2.0
19180,nc73003711,37.0186667,-121.484,2018-04-23 03:40:06.350,2.4000000000000004,2.0
19181,nc73003746,37.0181667,-121.4833333,2018-04-23 04:14:14.570,2.1,2.0
19185,nc73003931,36.8721667,-121.6015,2018-04-23 09:24:41.820,2.1,2.0
19223,nc73004941,36.9401667,-121.434,2018-04-24 22:30:25.730,2.7,2.0
19235,nc73005571,36.3005,-120.8386667,2018-04-25 08:14:33.510,2.2,2.0
19239,nc73005871,36.4686667,-121.0463333,2018-04-25 13:32:27.500,2.3000000000000003,2.0
19245,ci37923679,33.977,-117.2155,2018-04-25 16:52:07.860,3.2,2.0
19254,nc73006251,36.5683333,-121.1596667,2018-04-25 21:48:02.380,2.0,2.0
19298,ci38159720,34.002,-117.0176667,2018-04-28 06:18:03.340,2.3000000000000003,2.0
19299,ci37185508,34.0041667,-117.0215,2018-04-28 06:18:05.960,2.1,2.0
19301,ci38159760,34.048,-117.2828333,2018-04-28 08:50:31.510,2.4000000000000004,2.0
19304,nc73007776,38.6345,-123.3783333,2018-04-28 13:21:06.220,2.0,2.0
19317,nc73007941,36.195,-120.7653333,2018-04-29 01:17:08.170,3.0,2.0
19357,nc73008846,36.9798333,-121.6991667,2018-04-30 22:46:08.640,2.3000000000000003,2.0
19361,nc73008901,38.8963333,-123.6151667,2018-05-01 03:46:24.790,2.4000000000000004,2.0
19388,ci38162072,33.34,-115.7183333,2018-05-02 03:55:00.610,2.1,2.0
19447,nc73010296,36.4573333,-121.03,2018-05-04 11:32:03.460,2.3000000000000003,2.0
19462,ci38164800,34.1553333,-117.4751667,2018-05-04 22:46:51.690,2.1,2.0
19463,nc73010591,36.2925,-120.8473333,2018-05-04 23:35:13.810,2.0,2.0
19464,ci38164816,34.1548333,-117.4758333,2018-05-05 00:17:28.850,2.6,2.0
19471,ci38165264,33.9965,-116.662,2018-05-05 11:34:02.970,2.1,2.0
19523,ci38167544,34.2428333,-116.886,2018-05-07 23:31:47.260,2.2,2.0
19524,nc73012951,37.7738333,-122.566,2018-05-08 00:15:46.410,2.0,2.0
19531,ci38167848,34.016,-116.7798333,2018-05-08 11:49:34.020,4.5,2.0
19532,ci38167856,34.015,-116.763,2018-05-08 11:51:03.910,2.4000000000000004,2.0
19533,ci38167864,34.0176667,-116.8003333,2018-05-08 11:51:53.440,3.2,2.0
19534,ci38167872,34.0276667,-116.7841667,2018-05-08 11:52:19.840,2.2,2.0
19536,ci38167896,34.0153333,-116.7866667,2018-05-08 11:54:45.170,2.3000000000000003,2.0
19542,ci38168104,34.0225,-116.7801667,2018-05-08 12:39:31.710,2.4000000000000004,2.0
19548,ci38168448,33.9995,-116.7683333,2018-05-08 17:11:15.160,2.4000000000000004,2.0
19549,ci38168456,33.9978333,-116.7705,2018-05-08 17:11:18.630,2.5,2.0
19552,ci38168616,34.012,-116.77,2018-05-08 18:44:47.490,2.4000000000000004,2.0
19557,ci38168704,34.0133333,-116.7898333,2018-05-08 21:08:58.330,2.6,2.0
19585,nc73014216,36.6323333,-121.0236667,2018-05-10 01:18:06.050,2.1,2.0
19624,nc73015061,36.9368333,-121.4306667,2018-05-11 21:35:51.270,2.6,2.0
19628,nc73015126,36.4645,-121.0383333,2018-05-12 01:05:25.560,2.0,2.0
19629,nc73015166,36.5383333,-121.1233333,2018-05-12 02:44:50.470,2.4000000000000004,2.0
19636,nc73015241,36.9353333,-121.432,2018-05-12 07:12:46.880,2.2,2.0
19637,ci38171392,34.0215,-117.2263333,2018-05-12 07:14:14.550,2.8000000000000003,2.0
19668,nc73015596,36.7366667,-121.4216667,2018-05-13 02:22:54.940,2.0,2.0
19733,ci38172680,33.918,-116.3635,2018-05-14 04:48:12.820,2.2,2.0
19785,ci38174368,34.8446667,-118.9738333,2018-05-16 20:01:55.900,2.0,2.0
19835,nc73017645,36.8193333,-121.5448333,2018-05-18 18:22:15.580,2.3000000000000003,2.0
19903,ci37946447,33.8076667,-116.896,2018-05-22 05:52:19.760,2.2,2.0
19910,nc73019315,38.6448333,-123.117,2018-05-22 13:32:21.400,2.2,2.0
19914,ci37946791,34.0008333,-117.02,2018-05-22 18:02:04.480,2.2,2.0
19919,nc73019475,37.0326667,-121.4881667,2018-05-22 21:56:05.190,2.0,2.0
19926,nc73019655,36.0288333,-120.5993333,2018-05-23 07:21:11.780,2.4000000000000004,2.0
19933,nc73019765,36.5618333,-121.1548333,2018-05-23 14:56:21.330,2.3000000000000003,2.0
19944,nc73019985,36.7341667,-121.4178333,2018-05-24 00:14:21.570,2.7,2.0
19945,nc73020040,36.7328333,-121.4191667,2018-05-24 02:48:36.800,2.1,2.0
19947,nc73020075,36.5525,-121.1438333,2018-05-24 04:27:13.820,2.4000000000000004,2.0
19948,nc73020080,36.557,-121.1523333,2018-05-24 04:27:46.130,2.0,2.0
19951,nc73020205,36.5635,-121.1538333,2018-05-24 09:27:52.630,2.3000000000000003,2.0
19955,ci37948519,35.0363333,-119.1396667,2018-05-24 15:24:17.950,2.5,2.0
19976,ci37949279,33.2275,-115.6763333,2018-05-25 11:27:09.900,2.0,2.0
19988,ci37950007,33.878,-116.8656667,2018-05-26 18:50:18.990,2.5,2.0
19991,nc73021190,36.6603333,-121.2786667,2018-05-26 22:56:54.510,3.1,2.0
20001,nc73021470,35.7996667,-120.3483333,2018-05-27 14:21:19.730,2.1,2.0
20004,ci37950727,34.0311667,-116.8076667,2018-05-27 17:36:26.900,2.9000000000000004,2.0
20008,ci37950999,33.9915,-116.9843333,2018-05-28 04:21:47.240,2.0,2.0
20015,ci37951591,34.0225,-116.7415,2018-05-29 02:05:41.000,3.0,2.0
20016,nc73022030,35.7953333,-120.3461667,2018-05-29 03:41:17.920,2.0,2.0
20031,nc73022891,36.4501667,-120.7511667,2018-05-30 09:27:27.020,2.1,2.0
20042,ci37952751,33.9241667,-116.3225,2018-05-30 19:22:05.300,3.8000000000000003,2.0
20052,nc73023236,36.5906667,-121.1891667,2018-05-31 02:29:58.810,2.3000000000000003,2.0
20064,ci37953191,34.0148333,-117.2231667,2018-05-31 15:01:35.210,2.2,2.0
20108,nc73024636,36.2995,-120.8055,2018-06-03 05:19:15.580,2.1,2.0
20140,ci37956375,33.959,-117.157,2018-06-04 08:51:27.530,2.2,2.0
20165,ci37957663,34.1693333,-117.386,2018-06-06 03:30:12.220,2.0,2.0
20181,ci37958079,34.2225,-117.5473333,2018-06-06 18:35:27.110,2.5,2.0
20192,nc73026626,36.5568333,-121.1495,2018-06-07 08:28:32.820,2.0,2.0
20194,ci37958607,34.2371667,-116.7326667,2018-06-07 09:30:55.760,2.0,2.0
20222,ci38193896,34.1145,-116.9236667,2018-06-08 20:53:48.350,3.4000000000000004,2.0
20236,ci38194744,33.9961667,-116.8448333,2018-06-09 18:12:59.510,2.2,2.0
20257,ci38195448,34.0428333,-117.2383333,2018-06-11 10:46:45.370,2.2,2.0
20262,nc73028891,37.3005,-122.1376667,2018-06-11 18:14:41.520,2.8000000000000003,2.0
20286,nc73029736,36.4401667,-121.0073333,2018-06-13 03:11:34.540,2.2,2.0
20294,nc73029891,36.8223333,-121.5521667,2018-06-13 10:12:33.350,2.1,2.0
20307,ci38197384,33.9948333,-116.8015,2018-06-14 01:09:23.270,2.0,2.0
20317,nc73030326,36.196,-120.6265,2018-06-14 11:08:20.110,2.8000000000000003,2.0
20333,nc73030791,36.8186667,-121.5438333,2018-06-15 06:05:58.610,2.3000000000000003,2.0
20334,nc73030796,36.8181667,-121.5435,2018-06-15 06:08:33.720,2.2,2.0
20349,ci38198584,34.1135,-116.9238333,2018-06-16 03:20:02.050,2.0,2.0
20364,nc73031566,35.9075,-120.4911667,2018-06-17 09:20:39.270,2.6,2.0
20446,ci37265962,34.9055,-119.042,2018-06-21 03:35:01.850,2.3000000000000003,2.0
20492,nc73034736,36.463,-121.0016667,2018-06-23 04:50:46.760,3.1,2.0
20496,ci37267642,34.9086667,-119.2835,2018-06-23 10:13:31.810,2.2,2.0
20503,nc73035021,36.7563333,-121.2611667,2018-06-23 20:59:41.490,2.8000000000000003,2.0
20516,ci37268650,34.0616667,-117.268,2018-06-24 20:04:28.920,2.0,2.0
20521,nc73035551,36.6441667,-121.2558333,2018-06-25 03:05:39.480,2.1,2.0
20547,nc73035926,36.6416667,-121.2571667,2018-06-26 00:26:23.390,2.0,2.0
20554,nc73036191,36.5476667,-121.0728333,2018-06-26 12:10:52.600,2.6,2.0
20565,ci37270234,34.0271667,-117.2306667,2018-06-27 01:22:01.210,2.6,2.0
20593,ci37271434,33.7363333,-116.0131667,2018-06-29 01:22:46.570,2.3000000000000003,2.0
20619,ci37272378,34.0238333,-116.8008333,2018-06-30 11:20:57.440,2.3000000000000003,2.0
20630,nc73038461,36.467,-121.0345,2018-07-01 05:44:28.400,2.8000000000000003,2.0
20683,nc73040041,36.6821667,-121.2788333,2018-07-04 14:22:18.890,2.1,2.0
20691,nc73040096,36.7543333,-121.4583333,2018-07-04 20:54:05.480,2.0,2.0
20699,ci37274834,35.0255,-119.0661667,2018-07-05 15:48:52.770,2.8000000000000003,2.0
20730,ci37275778,34.0393333,-117.2478333,2018-07-07 13:11:45.890,2.0,2.0
20760,ci37276426,33.877,-116.2025,2018-07-09 11:11:11.550,2.7,2.0
20789,ci37277266,33.2213333,-115.6853333,2018-07-10 16:04:15.350,2.0,2.0
20840,nc73044406,36.4651667,-121.0453333,2018-07-13 07:10:49.580,2.4000000000000004,2.0
20867,nc73045606,36.4626667,-121.0266667,2018-07-14 14:12:12.010,2.3000000000000003,2.0
20888,ci38221952,34.208,-117.3945,2018-07-15 04:34:42.790,2.1,2.0
20939,ci38223992,33.1925,-115.705,2018-07-18 04:01:25.580,2.0,2.0
20942,ci38224016,33.7093333,-115.904,2018-07-18 04:50:20.120,2.0,2.0
20945,nc73048911,36.5568333,-121.0491667,2018-07-18 08:04:09.770,2.5,2.0
20947,nc73048946,36.5585,-121.0483333,2018-07-18 08:48:04.950,2.4000000000000004,2.0
21010,nc73051416,36.5661667,-121.1586667,2018-07-21 14:34:06.190,2.1,2.0
21021,nc73052081,37.716,-122.5386667,2018-07-22 06:19:25.960,2.0,2.0
21025,ci38227328,33.9106667,-116.2468333,2018-07-22 08:58:50.720,2.8000000000000003,2.0
21033,nc73052706,36.5625,-121.0728333,2018-07-22 15:11:23.860,2.3000000000000003,2.0
21053,ci38228176,33.9305,-116.8238333,2018-07-23 13:40:34.800,3.0,2.0
21085,ci38229632,34.1675,-117.2485,2018-07-25 08:40:57.170,2.0,2.0
21116,ci38230752,34.0036667,-117.0195,2018-07-26 18:46:42.410,3.1,2.0
21131,nc73056971,36.7776667,-121.4148333,2018-07-27 01:51:17.030,2.2,2.0
21135,nc73057096,36.7758333,-121.4265,2018-07-27 03:07:54.980,2.3000000000000003,2.0
21166,nc73058601,36.7748333,-121.4168333,2018-07-28 07:57:11.570,3.4000000000000004,2.0
21168,nc73058701,36.5646667,-121.0693333,2018-07-28 09:22:21.800,2.0,2.0
21175,ci38232184,34.1078333,-116.6835,2018-07-28 15:44:25.390,2.5,2.0
21176,nc73059051,36.7776667,-121.4175,2018-07-28 16:01:59.530,2.3000000000000003,2.0
21209,nc73060771,36.8363333,-121.5718333,2018-07-30 14:23:39.840,2.2,2.0
21216,nc73061076,36.6851667,-121.2815,2018-07-30 18:04:40.290,2.2,2.0
21217,nc73061126,36.591,-121.0505,2018-07-30 18:26:23.960,2.1,2.0
21250,nc73062941,37.059,-121.4931667,2018-08-01 12:14:14.050,2.5,2.0
21272,nc73063601,36.8491667,-121.437,2018-08-02 11:48:56.950,2.3000000000000003,2.0
21281,ci38235872,33.8306667,-116.1328333,2018-08-02 18:13:36.510,2.4000000000000004,2.0
21294,nc73064216,36.5898333,-121.1536667,2018-08-03 14:47:58.280,2.2,2.0
21299,nc73064306,36.5856667,-121.153,2018-08-03 22:17:49.530,2.7,2.0
21302,nc73064371,36.282,-120.8435,2018-08-04 03:01:09.700,2.2,2.0
21310,ci38237088,33.9323333,-116.8278333,2018-08-04 13:48:49.310,3.1,2.0
21339,ci38239720,33.9308333,-116.826,2018-08-06 10:23:29.640,2.4000000000000004,2.0
21340,ci38239728,33.9291667,-116.8265,2018-08-06 10:28:46.520,2.8000000000000003,2.0
21365,nc73065896,36.7788315,-121.4116669,2018-08-07 16:00:41.920,2.7,2.0
21366,ci38240568,34.153,-117.569,2018-08-07 17:04:20.780,2.4000000000000004,2.0
21372,ci38240840,34.0463333,-117.2508333,2018-08-08 06:41:31.860,2.0,2.0
21374,ci38240864,34.713,-119.2205,2018-08-08 07:06:15.300,2.1,2.0
21393,ci38241400,33.9483333,-116.728,2018-08-09 03:37:18.580,2.1,2.0
21435,ci38242368,34.1215,-117.4808333,2018-08-10 21:41:27.300,2.8000000000000003,2.0
21454,ci38243128,33.933,-116.8255,2018-08-12 04:33:01.740,2.0,2.0
21470,nc73068895,36.4093333,-120.9858333,2018-08-12 18:25:10.700,2.1,2.0
21472,nc73068915,36.865,-121.5936667,2018-08-12 19:24:25.210,2.0,2.0
21491,nc73069550,36.8668333,-121.5951667,2018-08-14 02:34:46.620,2.7,2.0
21501,nc73069930,35.8981667,-120.4458333,2018-08-14 21:52:11.080,3.5,2.0
21591,nc73073341,36.634,-121.2525,2018-08-18 20:05:27.110,2.5,2.0
21598,nc73073456,36.2328333,-120.8008333,2018-08-19 03:15:14.300,2.9000000000000004,2.0
21736,nc73076295,36.7776667,-121.4248333,2018-08-27 04:21:51.460,2.3000000000000003,2.0
21743,nc73076390,36.3188333,-120.7148333,2018-08-27 09:43:02.380,2.3000000000000003,2.0
21753,ci38260864,33.8978333,-116.2145,2018-08-27 19:37:27.430,3.0,2.0
21758,nc73076705,36.3006667,-120.8541667,2018-08-27 23:56:41.480,2.6,2.0
21794,nc73077280,36.5673333,-121.1151667,2018-08-29 10:28:21.750,2.0,2.0
21814,ci38040535,33.8951667,-116.2123333,2018-08-30 02:11:15.190,2.7,2.0
21838,ci38041863,33.9873333,-116.6473333,2018-08-30 21:40:09.480,2.1,2.0
21849,nc73078350,36.5458333,-121.1363333,2018-08-31 03:40:14.430,2.0,2.0
21852,nc73078400,36.8648333,-121.59,2018-08-31 08:10:36.780,2.0,2.0
21855,nc73078455,36.5678333,-121.0736667,2018-08-31 13:02:20.590,2.4000000000000004,2.0
21859,nc73078485,39.0983333,-123.561,2018-08-31 14:32:15.100,2.2,2.0
21877,nc73078835,36.461,-121.0401667,2018-09-01 13:14:46.860,2.0,2.0
21901,nc73079270,36.5621667,-121.0736667,2018-09-02 02:11:40.360,2.5,2.0
21907,nc73079465,36.6525,-121.266,2018-09-02 11:40:35.510,2.5,2.0
21923,ci38045719,34.2335,-116.917,2018-09-03 08:45:09.520,2.7,2.0
21961,ci38047759,35.0411667,-119.1723333,2018-09-05 00:56:54.120,2.1,2.0
21977,ci38048863,34.987,-119.1326667,2018-09-05 23:53:59.690,2.4000000000000004,2.0
22025,nc73082125,36.5411667,-121.1338333,2018-09-07 21:22:06.140,2.0,2.0
22026,nc73082145,39.0815,-123.4748333,2018-09-07 22:16:26.600,2.0,2.0
22042,nc73082595,36.6888333,-121.3175,2018-09-09 01:29:36.770,2.0,2.0
22053,ci38055047,34.0466667,-117.0388333,2018-09-10 09:57:17.360,2.2,2.0
22093,nc73083960,36.3081667,-120.8826667,2018-09-13 17:08:04.080,2.0,2.0
22095,nc73084010,36.5665,-121.159,2018-09-13 19:16:31.160,2.9000000000000004,2.0
22122,ci38061167,34.0035,-116.6811667,2018-09-15 09:10:47.680,2.0,2.0
22138,ci38062023,34.2345,-116.9181667,2018-09-16 13:38:41.070,2.4000000000000004,2.0
22151,nc73085075,36.8373333,-121.571,2018-09-16 22:04:11.430,2.5,2.0
22183,ci38064839,34.2336667,-116.9151667,2018-09-18 17:22:30.560,2.4000000000000004,2.0
22189,ci37359658,34.233,-116.9143333,2018-09-18 21:33:08.950,2.5,2.0
22192,nc73087001,36.4775,-121.0568333,2018-09-19 00:10:10.900,2.4000000000000004,2.0
22221,ci37361730,34.1016667,-117.31,2018-09-20 12:44:34.520,3.4000000000000004,2.0
22228,nc73087506,36.5821667,-121.1793333,2018-09-20 22:23:05.610,2.2,2.0
22250,ci37363858,33.8971667,-116.2138333,2018-09-22 02:11:16.600,2.2,2.0
22269,ci37365754,34.0436667,-117.2383333,2018-09-23 19:18:03.170,2.0,2.0
22281,nc73089051,36.6026667,-121.2076667,2018-09-24 12:34:09.920,2.7,2.0
22284,nc73089076,36.5608333,-121.0633333,2018-09-24 13:58:25.720,2.0,2.0
22347,ci37371242,33.9993333,-117.123,2018-09-27 10:52:50.450,2.1,2.0
22353,nc73090651,36.5506667,-121.1451667,2018-09-27 20:01:09.770,2.5,2.0
22381,nc73091246,37.6533333,-122.4961667,2018-09-29 08:17:34.040,2.0,2.0
22386,nc73091291,36.776,-121.5028333,2018-09-29 11:30:45.820,2.4000000000000004,2.0
22406,ci37374890,34.002,-117.0178333,2018-09-30 14:41:29.510,3.6,2.0
22427,ci37376114,34.0013333,-117.0173333,2018-10-01 17:56:19.620,3.5,2.0
22447,nc73092571,36.572,-121.1401667,2018-10-02 14:39:43.080,2.0,2.0
22471,ci37377842,35.4811667,-120.0281667,2018-10-03 07:02:07.580,2.0,2.0
22487,nc73093226,36.6205,-121.2275,2018-10-04 01:38:14.580,2.2,2.0
22490,nc73093276,36.5716667,-121.1385,2018-10-04 04:48:35.150,2.0,2.0
22512,nc73093546,36.5706667,-121.1381667,2018-10-04 14:38:11.350,2.3000000000000003,2.0
22525,ci38316120,33.9553333,-117.1225,2018-10-05 10:27:32.540,2.1,2.0
22526,nc73093981,36.7533333,-121.3536667,2018-10-05 13:29:37.550,3.8000000000000003,2.0
22599,nc73095571,36.577,-121.061,2018-10-09 22:35:17.070,2.2,2.0
22630,nc73096181,36.5406667,-121.1263333,2018-10-11 20:09:19.040,2.2,2.0
22642,nc73096441,36.7798333,-121.5025,2018-10-12 16:33:37.960,2.1,2.0
22648,ci37387626,34.3383333,-117.7241667,2018-10-12 18:44:17.000,3.0,2.0
22657,nc73096731,36.5781667,-121.1753333,2018-10-13 11:23:55.910,2.8000000000000003,2.0
22658,nc73096741,36.8571667,-121.5875,2018-10-13 12:35:55.570,2.8000000000000003,2.0
22661,nc73096771,36.5803333,-121.177,2018-10-13 13:46:06.580,3.2,2.0
22662,nc73096831,36.5806667,-121.1781667,2018-10-13 16:57:10.860,2.7,2.0
22666,nc73096901,35.9845,-120.5461667,2018-10-13 21:32:36.140,2.0,2.0
22667,nc73096921,35.981,-120.5481667,2018-10-13 22:47:31.960,2.0,2.0
22678,ci37391858,33.9851667,-116.6505,2018-10-14 13:08:30.300,2.6,2.0
22700,nc73097481,36.5765,-121.1723333,2018-10-15 08:51:04.190,2.3000000000000003,2.0
22714,nc73097791,36.5488333,-121.1418333,2018-10-16 04:32:20.690,2.2,2.0
22731,nc73098131,35.9848333,-120.546,2018-10-17 04:26:23.050,2.1,2.0
22759,nc73098601,36.8246667,-121.5466667,2018-10-18 07:49:55.210,2.0,2.0
22767,nc73098811,36.9681667,-121.6073333,2018-10-18 17:25:24.600,2.6,2.0
22777,nc73099066,36.4693333,-121.0468333,2018-10-19 08:19:52.540,2.3000000000000003,2.0
22803,nc73099656,36.2265,-120.7996667,2018-10-20 17:50:21.780,2.2,2.0
22821,nc73100076,36.4781667,-121.0586667,2018-10-21 22:52:24.480,2.5,2.0
22851,nc73101321,36.0538333,-120.6293333,2018-10-24 02:15:12.260,2.0,2.0
22873,ci37403890,33.1965,-115.606,2018-10-25 02:15:14.040,2.1,2.0
22877,ci37404010,34.9211667,-118.6875,2018-10-25 10:04:29.830,2.1,2.0
22878,ci37404026,33.9951667,-117.0126667,2018-10-25 10:23:11.890,2.0,2.0
22879,ci37404050,33.9265,-116.8211667,2018-10-25 11:36:18.840,2.3000000000000003,2.0
22885,ci37404522,33.9281667,-116.8193333,2018-10-25 20:40:15.080,2.1,2.0
22894,ci37405098,33.927,-116.8198333,2018-10-26 10:33:57.840,2.1,2.0
22896,ci37405162,33.9771667,-116.998,2018-10-26 11:48:38.360,2.1,2.0
22897,ci37405226,33.9766667,-116.9968333,2018-10-26 12:42:43.740,2.5,2.0
22898,ci37405258,33.9766667,-116.9973333,2018-10-26 13:33:45.870,2.1,2.0
22928,ci37406586,34.2691667,-117.4606667,2018-10-28 03:33:27.120,2.1,2.0
22956,nc73103501,36.0738333,-120.6433333,2018-10-29 05:22:12.180,3.3000000000000003,2.0
22957,nc73103496,36.0698333,-120.6445,2018-10-29 05:23:14.250,3.0,2.0
23010,ci37409762,33.8691667,-116.8948333,2018-10-31 18:03:25.770,2.7,2.0
23032,nc73104866,36.6941667,-121.3226667,2018-11-01 18:42:04.620,2.1,2.0
23044,nc73105276,36.6801667,-121.3146667,2018-11-02 12:58:54.230,4.1000000000000005,2.0
23045,nc73105281,36.6828333,-121.3213333,2018-11-02 13:01:14.920,3.1,2.0
23047,nc73105291,36.6866667,-121.317,2018-11-02 13:10:56.050,2.9000000000000004,2.0
23048,nc73105296,36.6793333,-121.3055,2018-11-02 13:22:45.940,3.6,2.0
23051,nc73105336,36.6775,-121.3038333,2018-11-02 15:15:48.880,3.1,2.0
23052,nc73105346,36.6763333,-121.303,2018-11-02 15:27:03.690,3.5,2.0
23053,nc73105351,36.6765,-121.3026667,2018-11-02 15:52:11.250,3.0,2.0
23054,nc73105356,36.672,-121.2966667,2018-11-02 15:55:10.630,2.6,2.0
23055,nc73105366,36.6861667,-121.3178333,2018-11-02 16:19:30.540,3.3000000000000003,2.0
23056,nc73105371,36.6853333,-121.3198333,2018-11-02 16:21:43.100,2.0,2.0
23057,nc73105381,36.6725,-121.2971667,2018-11-02 16:54:05.080,2.8000000000000003,2.0
23059,nc73105396,36.6725,-121.3016667,2018-11-02 17:02:54.770,2.9000000000000004,2.0
23060,nc73105401,36.671,-121.3006667,2018-11-02 17:09:54.590,2.0,2.0
23066,nc73105481,36.6798333,-121.3051667,2018-11-02 19:18:52.190,2.6,2.0
23084,nc73105951,36.6716667,-121.2956667,2018-11-03 09:35:46.650,2.5,2.0
23086,nc73106021,36.6726667,-121.2988333,2018-11-03 13:22:46.440,2.0,2.0
23090,nc73106091,36.6716667,-121.2968333,2018-11-03 16:03:31.840,2.1,2.0
23094,nc73106096,36.6843333,-121.3143333,2018-11-03 16:20:28.920,2.8000000000000003,2.0
23107,nc73106391,36.7785,-121.5086667,2018-11-04 10:22:18.790,2.7,2.0
23114,ci38349264,33.9863333,-116.934,2018-11-04 17:32:12.230,2.1,2.0
23129,nc73107171,36.7718333,-121.485,2018-11-05 16:51:45.680,2.1,2.0
23200,ci38354328,33.7793333,-116.1338333,2018-11-08 17:16:50.040,3.2,2.0
23202,nc73108411,36.6763333,-121.3036667,2018-11-08 17:44:11.870,2.2,2.0
23209,nc73108516,36.4603333,-121.0425,2018-11-08 23:47:38.590,2.7,2.0
23217,nc73108646,36.4586667,-121.0381667,2018-11-09 07:25:30.540,2.2,2.0
23230,ci38355296,33.1963333,-115.6086667,2018-11-09 14:01:29.020,2.5,2.0
23255,nc73109266,36.6686667,-121.2943333,2018-11-10 14:11:54.750,3.5,2.0
23260,nc73109406,36.672,-121.2965,2018-11-10 21:09:32.000,2.1,2.0
23268,nc73109586,36.0345,-120.592,2018-11-11 09:33:10.360,2.5,2.0
23289,ci38359760,33.9876667,-116.9338333,2018-11-12 07:22:03.490,2.1,2.0
23307,ci38360616,34.0381667,-117.2425,2018-11-12 22:19:58.110,2.0,2.0
23310,nc73110061,36.6696667,-121.2948333,2018-11-12 22:29:21.430,2.1,2.0
23315,nc73110146,36.4116667,-120.7423333,2018-11-13 05:21:49.980,2.5,2.0
23319,ci38360968,34.0308333,-116.601,2018-11-13 09:54:09.150,2.5,2.0
23339,nc73110596,36.6078333,-121.2193333,2018-11-14 03:19:10.400,2.0,2.0
23361,nc73111046,36.5875,-121.206,2018-11-15 09:43:42.450,2.0,2.0
23365,nc73111216,36.6768333,-121.303,2018-11-15 16:48:18.500,2.4000000000000004,2.0
23367,nc73111256,36.6781667,-121.3031667,2018-11-15 19:48:30.550,2.6,2.0
23368,ci38134575,34.1363333,-116.7255,2018-11-15 21:06:31.670,2.0,2.0
23385,ci38134999,34.207,-116.8603333,2018-11-16 08:57:11.190,2.9000000000000004,2.0
23394,ci38135519,34.0258333,-117.2373333,2018-11-16 19:25:50.480,2.0,2.0
23410,nc73112111,36.9681667,-121.6096667,2018-11-17 18:39:02.940,2.8000000000000003,2.0
23450,nc73112886,36.1101667,-120.687,2018-11-19 19:15:35.490,2.3000000000000003,2.0
23475,nc73113131,36.2286667,-120.7983333,2018-11-20 07:04:22.710,2.2,2.0
23490,ci38140191,33.8455,-116.791,2018-11-21 04:14:14.560,2.1,2.0
23505,nc73113741,36.6771667,-121.3035,2018-11-21 20:49:43.910,2.1,2.0
23507,nc73113796,36.1901667,-120.7641667,2018-11-22 00:30:53.460,2.1,2.0
23523,nc73114176,37.2858333,-122.2013333,2018-11-23 01:26:24.500,2.0,2.0
23529,nc73114266,36.2671667,-120.7111667,2018-11-23 10:30:34.570,2.0,2.0
23538,ci38142847,34.0126667,-117.119,2018-11-23 16:42:17.370,2.0,2.0
23568,nc73114971,36.709,-121.3425,2018-11-25 20:59:38.820,2.0,2.0
23627,ci38147855,33.7778333,-116.1026667,2018-11-28 15:45:27.830,2.2,2.0
23652,nc73117186,36.678,-121.3028333,2018-11-29 21:36:26.320,2.2,2.0
23722,nc73118631,35.8526667,-120.3956667,2018-12-03 13:05:34.960,2.5,2.0
23815,nc73119746,36.6538333,-121.271,2018-12-07 00:53:37.980,2.2,2.0
23822,nc73119881,36.6555,-121.2711667,2018-12-07 07:06:44.530,2.8000000000000003,2.0
23823,nc73119876,36.6506667,-121.2736667,2018-12-07 07:06:47.810,2.8000000000000003,2.0
23855,nc73120431,36.8478333,-121.5828333,2018-12-08 16:07:14.760,2.0,2.0
23858,ci38389856,34.2363333,-117.4473333,2018-12-08 22:04:04.760,2.5,2.0
23888,nc73121106,36.3128333,-120.8898333,2018-12-10 12:12:42.080,2.0,2.0
23947,nc73121931,36.6791667,-121.1728333,2018-12-12 11:32:36.190,2.0,2.0
24001,nc73121800,36.6873333,-121.318,2018-12-15 17:40:38.650,2.0,2.0
24019,nc73122090,36.7463333,-121.4555,2018-12-16 10:41:27.320,2.8000000000000003,2.0
24091,ci38166759,34.2308333,-117.4388333,2018-12-19 14:08:34.250,2.3000000000000003,2.0
24104,nc73124531,36.8611667,-121.5878333,2018-12-20 04:52:21.620,2.7,2.0
24112,nc73124586,36.6198333,-121.226,2018-12-20 11:03:15.510,2.0,2.0
24149,nc73125066,35.975,-120.5351667,2018-12-21 19:36:43.890,2.2,2.0
24153,ci38403032,35.2918333,-119.5918333,2018-12-22 01:23:42.200,2.1,2.0
24181,ci38404432,34.1071667,-117.3176667,2018-12-23 07:46:27.260,2.0,2.0
24182,nc73125516,36.5698333,-121.163,2018-12-23 09:02:07.400,3.1,2.0
24201,ci38405320,34.0166667,-117.2206667,2018-12-24 11:45:34.430,2.0,2.0
24220,nc73126371,36.573,-121.1683333,2018-12-26 02:13:32.820,2.6,2.0
24243,nc73127176,36.568,-121.1601667,2018-12-27 10:49:24.080,2.1,2.0
24247,nc73127211,36.86,-121.587,2018-12-27 13:48:20.520,2.0,2.0
24283,nc73127926,36.5381667,-121.114,2018-12-29 09:30:20.910,2.1,2.0
24296,nc73128201,37.0186667,-121.8483333,2018-12-30 06:15:04.960,2.6,2.0
24318,ci38411808,33.9173333,-117.035,2018-12-31 15:45:34.970,2.8000000000000003,2.0
24335,ci38412688,34.1781667,-117.3446667,2019-01-01 12:01:46.950,2.5,2.0
24342,nc73129226,36.8116667,-121.536,2019-01-01 23:46:04.070,2.5,2.0
24355,nc73129456,35.8448333,-120.392,2019-01-02 20:06:28.600,2.8000000000000003,2.0
24429,nc73130656,36.465,-121.0466667,2019-01-06 18:32:04.760,2.0,2.0
24435,nc73130691,36.5875,-121.185,2019-01-07 01:04:14.150,2.6,2.0
24504,ci38420256,33.999,-117.1808333,2019-01-09 12:27:49.640,2.2,2.0
24522,nc73131491,36.4078333,-120.9843333,2019-01-10 04:31:14.790,2.1,2.0
24545,nc73131821,36.0113333,-120.5763333,2019-01-11 00:47:11.880,2.9000000000000004,2.0
24546,nc73131816,36.0115,-120.5763333,2019-01-11 00:47:27.170,2.5,2.0
24601,nc73132636,38.8495,-123.3341667,2019-01-13 16:42:47.860,2.1,2.0
24612,ci38424216,33.9876667,-116.9831667,2019-01-14 02:46:47.100,2.0,2.0
24620,ci38424512,33.946,-116.6738333,2019-01-14 14:16:35.260,2.6,2.0
24629,ci38424864,34.024,-116.2885,2019-01-14 21:07:25.680,2.1,2.0
24666,nc73133261,36.4651667,-121.0441667,2019-01-15 20:48:01.580,2.3000000000000003,2.0
24678,ci38425904,34.4541667,-117.9388333,2019-01-16 06:25:15.710,2.3000000000000003,2.0
24682,nc73133426,37.3486667,-122.1588333,2019-01-16 10:07:40.120,2.3000000000000003,2.0
24697,ci38194775,33.97,-116.9328333,2019-01-16 21:39:20.230,2.1,2.0
24783,nc73134026,36.5498333,-121.1363333,2019-01-19 01:46:24.490,2.0,2.0
24791,nc73134076,36.0203333,-120.584,2019-01-19 09:10:36.930,2.3000000000000003,2.0
24801,nc73134241,36.8558333,-121.5826667,2019-01-19 21:41:46.750,2.4000000000000004,2.0
24812,nc73134396,36.4761667,-121.0518333,2019-01-20 09:19:26.440,2.0,2.0
24815,nc73134591,36.543,-121.1241667,2019-01-21 01:10:29.160,2.0,2.0
24829,nc73134881,40.2373333,-124.168,2019-01-21 15:42:28.670,2.5,2.0
24842,ci38199703,34.1078333,-117.315,2019-01-22 04:31:29.750,2.4000000000000004,2.0
24854,nc73135186,36.634,-121.248,2019-01-22 11:39:50.840,2.4000000000000004,2.0
24912,nc73136136,39.0048333,-123.4558333,2019-01-24 21:43:32.080,2.5,2.0
24917,nc73136171,37.7146667,-122.5575,2019-01-25 00:52:55.750,2.1,2.0
24962,nc73137246,36.4726667,-121.0496667,2019-01-28 06:21:57.200,2.1,2.0
24984,nc73137576,36.6065,-121.2158333,2019-01-29 08:42:20.520,2.0,2.0
25005,ci38211423,34.0281667,-117.2295,2019-01-30 08:00:48.260,3.2,2.0
25008,nc73138081,36.567,-121.1621667,2019-01-30 13:41:14.640,2.2,2.0
25010,nc73138121,36.8266667,-121.5493333,2019-01-30 16:33:43.270,2.2,2.0
25016,nc73138176,37.6756667,-122.5088333,2019-01-30 18:28:53.570,2.8000000000000003,2.0
25025,nc73138306,37.6776667,-122.5106667,2019-01-31 00:11:27.770,2.0,2.0
25057,nc73138816,37.7365,-122.5486667,2019-02-01 06:22:59.030,2.0,2.0
25063,nc73138901,36.625,-121.1586667,2019-02-01 11:47:16.350,2.0,2.0
25184,nc73138705,36.9821667,-121.4625,2019-02-07 04:15:35.410,2.4000000000000004,2.0
25315,nc73140535,36.5438333,-121.1338333,2019-02-10 12:00:27.390,2.0,2.0
25316,nc73140545,36.0553333,-120.6325,2019-02-10 12:09:55.110,2.4000000000000004,2.0
25318,nc73140565,36.6828333,-121.3085,2019-02-10 14:02:14.480,2.1,2.0
25321,ci37527874,34.6138333,-118.636,2019-02-10 17:45:31.580,2.8000000000000003,2.0
25322,ci37527978,34.0155,-117.1213333,2019-02-10 21:55:05.620,2.1,2.0
25335,ci37528314,34.1175,-117.4733333,2019-02-11 12:54:39.640,2.6,2.0
25358,ci37529146,34.0205,-117.227,2019-02-12 10:35:40.120,2.7,2.0
25365,nc73141190,36.2935,-120.8381667,2019-02-12 17:27:23.180,3.2,2.0
25371,nc73141335,36.5761667,-121.1721667,2019-02-13 00:57:15.140,2.3000000000000003,2.0
25392,nc73141715,40.2533333,-124.1546667,2019-02-14 02:11:22.500,2.1,2.0
25407,nc73141855,36.2866667,-120.8578333,2019-02-14 17:21:09.990,2.1,2.0
25419,nc73142536,36.6538333,-121.2666667,2019-02-15 03:03:29.340,2.7,2.0
25458,nc73142951,36.6776667,-121.3008333,2019-02-16 12:05:17.120,2.1,2.0
25472,nc73143096,36.6773333,-121.2998333,2019-02-17 05:08:26.740,2.0,2.0
25500,ci37534418,34.0371667,-116.9875,2019-02-19 00:49:37.610,2.5,2.0
25501,nc73143391,36.6758333,-121.2961667,2019-02-19 01:47:37.580,2.3000000000000003,2.0
25520,ci37535242,33.973,-116.7515,2019-02-19 20:05:11.980,2.3000000000000003,2.0
25543,nc73143771,36.6635,-121.2881667,2019-02-20 18:53:31.580,2.0,2.0
25567,ci38468280,34.9053333,-119.5636667,2019-02-21 17:18:58.300,2.2,2.0
25632,nc73145431,36.619,-121.1641667,2019-02-25 04:58:48.190,2.0,2.0
25651,nc73145656,36.2368333,-120.8115,2019-02-25 18:31:35.100,3.0,2.0
25667,nc73145851,36.6538333,-121.2788333,2019-02-26 13:24:26.260,2.5,2.0
25693,ci38477040,34.241,-117.5135,2019-02-27 22:40:49.790,2.4000000000000004,2.0
25727,nc73146826,36.1583333,-120.738,2019-03-01 12:07:22.330,2.3000000000000003,2.0
25728,nc73146841,36.8633333,-121.5888333,2019-03-01 12:44:04.120,2.0,2.0
25731,nc73146991,36.6801667,-121.3038333,2019-03-01 21:42:02.860,2.5,2.0
25732,nc73146996,36.0313333,-120.5973333,2019-03-01 21:44:13.800,2.1,2.0
25755,nc73147341,35.7985,-120.3483333,2019-03-02 20:36:43.850,2.9000000000000004,2.0
25791,nc73147801,37.2188333,-122.0173333,2019-03-04 08:03:41.450,2.1,2.0
25834,nc73148691,36.5991667,-121.2018333,2019-03-06 15:25:32.790,2.1,2.0
25844,ci38258319,33.9773333,-117.217,2019-03-07 07:01:24.140,2.6,2.0
25851,nc73149166,36.6898333,-121.2926667,2019-03-07 13:22:02.510,2.3000000000000003,2.0
25865,ci38260151,35.0656667,-119.5476667,2019-03-08 13:46:19.400,2.0,2.0
25887,ci38261743,34.0555,-117.2545,2019-03-09 16:05:46.840,2.4000000000000004,2.0
25893,nc73149946,36.827,-121.5538333,2019-03-09 20:04:17.400,2.4000000000000004,2.0
25952,nc73151441,36.0096667,-120.5708333,2019-03-13 04:46:23.650,2.0,2.0
25953,ci38266847,33.9795,-117.2441667,2019-03-13 07:28:27.820,2.7,2.0
25977,nc73151981,36.7955,-121.4176667,2019-03-14 10:46:03.810,2.0,2.0
26016,nc73152626,37.6663333,-122.5041667,2019-03-16 01:29:52.780,2.5,2.0
26018,ci38271095,34.049,-117.239,2019-03-16 04:18:16.270,2.4000000000000004,2.0
26019,nc73152771,36.6351667,-121.2555,2019-03-16 12:49:28.730,2.7,2.0
26025,ci38271527,34.2071667,-117.5648333,2019-03-16 15:45:27.090,2.3000000000000003,2.0
26033,nc73152966,39.1365,-123.5961667,2019-03-16 22:20:20.760,2.4000000000000004,2.0
26058,nc73153501,36.6186667,-121.1596667,2019-03-18 01:45:40.060,2.1,2.0
26127,ci38278431,34.6373333,-118.5121667,2019-03-20 15:23:44.560,2.2,2.0
26153,nc73154830,36.4775,-120.9961667,2019-03-22 06:20:48.800,2.1,2.0
26161,ci38281511,34.4645,-118.0066667,2019-03-22 15:15:33.150,2.9000000000000004,2.0
26168,nc73155040,36.4931667,-121.0721667,2019-03-22 20:21:45.010,2.0,2.0
26169,ci38282439,34.008,-117.1816667,2019-03-23 00:47:22.090,2.0,2.0
26172,nc73155130,36.574,-121.1738333,2019-03-23 04:48:56.200,2.0,2.0
26185,nc73155385,35.7325,-120.2791667,2019-03-23 20:30:28.540,2.2,2.0
26208,nc73155870,36.644,-121.1423333,2019-03-25 04:43:13.410,2.2,2.0
26217,ci38285023,34.0175,-117.2283333,2019-03-25 13:48:08.090,2.0,2.0
26242,nc73156500,36.862,-121.3098333,2019-03-26 11:19:09.690,2.5,2.0
26250,nc73156570,36.8603333,-121.3066667,2019-03-26 14:04:45.030,2.1,2.0
26255,ci38287023,34.0713333,-117.4908333,2019-03-26 15:27:15.420,2.9000000000000004,2.0
26258,ci37590402,34.067,-117.4933333,2019-03-26 19:32:02.090,2.2,2.0
26260,nc73156865,36.781,-121.509,2019-03-26 22:16:04.620,2.5,2.0
26264,ci37591354,34.069,-117.4901667,2019-03-27 00:36:10.280,2.1,2.0
26265,ci37591434,34.0688333,-117.4905,2019-03-27 01:21:29.190,2.0,2.0
26272,nc73157020,36.8608333,-121.3091667,2019-03-27 10:37:51.050,2.3000000000000003,2.0
26300,ci37593770,34.0743333,-117.4886667,2019-03-28 10:23:06.550,2.1,2.0
26312,ci37595386,33.7751667,-115.9876667,2019-03-29 04:25:04.570,2.1,2.0
26349,ci37598506,34.2093333,-116.844,2019-03-30 22:59:06.490,2.5,2.0
26354,ci37599090,34.9553333,-119.2688333,2019-03-31 10:38:26.470,2.2,2.0
26396,nc73160010,36.7621667,-121.4631667,2019-04-02 17:41:39.960,2.1,2.0
26405,ci37603362,34.2041667,-117.5318333,2019-04-03 08:22:50.930,2.2,2.0
26437,nc73161090,36.5705,-121.1186667,2019-04-04 20:50:21.390,3.0,2.0
26451,nc73161470,35.861,-120.4126667,2019-04-05 17:52:32.570,3.5,2.0
26461,nc73161595,35.9645,-120.52,2019-04-05 22:28:29.740,2.1,2.0
26475,ci37608770,33.992,-116.9438333,2019-04-06 22:47:23.400,2.5,2.0
26487,nc73162325,36.6073333,-121.2133333,2019-04-07 22:37:06.180,2.2,2.0
26515,ci37610762,33.9336667,-116.669,2019-04-09 12:52:38.620,2.3000000000000003,2.0
26526,ci38541648,34.0188333,-116.7088333,2019-04-10 01:59:23.600,2.2,2.0
26528,ci38541672,34.0983333,-117.3103333,2019-04-10 03:06:47.370,2.3000000000000003,2.0
26555,ci38542824,34.1106667,-117.3161667,2019-04-11 13:05:29.520,3.4000000000000004,2.0
26576,ci38543552,33.3358333,-115.7566667,2019-04-12 04:38:17.200,2.2,2.0
26618,nc73165370,37.014,-121.7985,2019-04-13 18:59:21.280,2.9000000000000004,2.0
26620,nc73165425,40.2443333,-124.1791667,2019-04-13 21:37:29.680,2.4000000000000004,2.0
26636,ci38546312,34.8448333,-118.9703333,2019-04-14 13:51:27.660,2.2,2.0
26639,nc73165785,36.5941667,-121.1943333,2019-04-14 17:58:54.030,2.7,2.0
26645,nc73165930,36.4981667,-121.0748333,2019-04-15 01:17:03.310,2.1,2.0
26647,nc73166000,36.6498333,-121.2735,2019-04-15 03:34:02.870,2.2,2.0
26681,ci38547512,34.954,-119.2711667,2019-04-15 20:40:02.310,2.2,2.0
26717,nc73167740,37.3041667,-122.0823333,2019-04-17 05:11:43.120,2.2,2.0
26723,nc73167895,36.8411667,-121.568,2019-04-17 12:08:06.380,2.8000000000000003,2.0
26725,nc73167905,37.6646667,-122.5285,2019-04-17 12:39:02.560,2.0,2.0
26740,nc73168145,35.9286667,-120.476,2019-04-18 03:15:15.580,3.0,2.0
26775,nc73168640,40.2346667,-124.1678333,2019-04-19 02:53:41.010,2.7,2.0
26785,nc73168865,36.9793333,-121.6391667,2019-04-19 15:31:07.720,2.0,2.0
26791,nc73168990,36.685,-121.3103333,2019-04-19 21:21:27.250,2.3000000000000003,2.0
26823,nc73170000,35.9225,-120.4721667,2019-04-21 22:17:13.810,2.1,2.0
26826,nc73170140,36.6018333,-121.2125,2019-04-22 05:45:09.840,3.6,2.0
26838,nc73170340,37.0421667,-122.1283333,2019-04-22 16:02:32.230,2.3000000000000003,2.0
26873,ci38327871,33.9778333,-116.9571667,2019-04-23 14:14:09.620,2.2,2.0
26898,nc73171105,36.5611667,-121.061,2019-04-24 10:19:04.950,2.4000000000000004,2.0
26913,nc73171500,36.8503333,-121.5756667,2019-04-25 01:06:47.860,2.4000000000000004,2.0
26940,ci38333871,35.0506667,-119.194,2019-04-26 10:58:57.040,2.1,2.0
26945,ci38334303,33.894,-116.2525,2019-04-26 15:58:14.250,2.0,2.0
26946,ci38334343,33.8921667,-116.2538333,2019-04-26 16:17:03.260,2.1,2.0
26950,ci38334783,33.8933333,-116.2528333,2019-04-26 20:04:02.060,2.6,2.0
26970,nc73173065,36.607,-121.2071667,2019-04-27 17:07:30.030,2.6,2.0
26985,nc73173430,36.5528333,-121.1413333,2019-04-28 15:00:34.380,2.0,2.0
27007,nc73173735,36.2663333,-120.849,2019-04-29 03:42:26.370,2.1,2.0
27170,ci38343663,33.9871667,-117.2411667,2019-05-03 10:16:12.370,2.0,2.0
27187,ci38345447,34.0835,-117.2766667,2019-05-04 07:47:32.030,2.1,2.0
27190,ci38345471,33.9945,-116.8536667,2019-05-04 08:50:26.090,2.4000000000000004,2.0
27205,nc73177435,35.9373333,-120.4888333,2019-05-05 12:27:39.400,2.2,2.0
27208,ci38346719,33.9523333,-117.0075,2019-05-05 13:01:47.400,2.2,2.0
27209,nc73177490,36.5423333,-121.1331667,2019-05-05 15:29:20.270,2.3000000000000003,2.0
27267,nc73178780,40.1638333,-123.8643333,2019-05-08 11:39:15.120,2.1,2.0
27269,nc73178815,36.4586667,-121.0351667,2019-05-08 14:24:49.070,2.3000000000000003,2.0
27293,nc73179420,36.622,-121.2308333,2019-05-09 20:59:32.070,2.1,2.0
27323,nc73179925,36.6578333,-121.2745,2019-05-10 17:43:02.300,2.2,2.0
27340,nc73180160,36.6565,-121.2741667,2019-05-11 05:53:25.140,2.7,2.0
27348,nc73180230,36.2958333,-120.84,2019-05-11 11:18:00.190,2.0,2.0
27355,ci38590248,34.9331667,-119.0728333,2019-05-11 23:54:14.040,2.0,2.0
27378,nc73180910,40.2426667,-124.1623333,2019-05-13 01:43:43.520,2.3000000000000003,2.0
27379,ci38591544,33.9816667,-116.3515,2019-05-13 02:18:38.300,2.4000000000000004,2.0
27406,nc73181375,36.4736667,-121.0488333,2019-05-14 05:13:51.050,2.4000000000000004,2.0
27458,nc73182025,36.8838333,-121.4128333,2019-05-15 14:54:06.250,2.3000000000000003,2.0
27483,nc73182621,36.2425,-120.6895,2019-05-16 08:02:46.080,2.0,2.0
27485,ci38596552,33.994,-116.9155,2019-05-16 12:24:31.200,2.5,2.0
27656,nc73186321,36.5725,-121.1236667,2019-05-24 14:36:35.900,2.0,2.0
27689,ci38605016,35.3873333,-120.0033333,2019-05-25 20:53:22.160,2.2,2.0
27697,ci38605552,35.3878333,-119.9975,2019-05-26 07:57:32.220,2.4000000000000004,2.0
27707,ci38606080,33.9886667,-117.2405,2019-05-26 23:04:58.600,2.1,2.0
27714,nc73187711,36.4681667,-121.0478333,2019-05-27 07:00:28.750,2.0,2.0
27731,nc73188186,36.6545,-121.2721667,2019-05-27 23:31:36.350,2.0,2.0
27821,ci38611024,33.9008333,-116.8393333,2019-05-30 09:27:56.930,2.0,2.0
27825,nc73189911,36.242,-120.8181667,2019-05-30 15:27:43.870,2.1,2.0
27879,nc73191111,36.6628333,-121.2828333,2019-06-01 20:51:06.570,2.6,2.0
27972,nc73192076,36.4148333,-120.7615,2019-06-03 20:01:29.320,2.3000000000000003,2.0
27988,ci38621152,33.9556667,-116.8233333,2019-06-04 04:34:02.560,3.2,2.0
27989,ci38621176,33.9425,-116.8148333,2019-06-04 04:36:53.270,2.3000000000000003,2.0
28083,nc73193571,36.6576667,-121.2706667,2019-06-06 12:07:22.340,2.0,2.0
28096,nc73193851,36.6245,-121.2335,2019-06-07 04:08:40.790,2.0,2.0
28105,nc73193931,36.7818333,-121.4356667,2019-06-07 06:16:00.200,2.1,2.0
28136,nc73194351,36.8683333,-121.277,2019-06-08 10:28:38.680,2.9000000000000004,2.0
28193,nc73195206,36.6493333,-121.2685,2019-06-11 01:45:26.980,2.5,2.0
28204,nc73195356,36.8913333,-121.2425,2019-06-11 07:31:36.150,3.1,2.0
28219,ci38635368,34.0758333,-116.354,2019-06-11 12:32:25.700,2.2,2.0
28280,ci38639944,33.9396667,-116.6745,2019-06-13 12:38:30.650,3.0,2.0
28285,nc73197206,36.567,-121.0336667,2019-06-13 18:15:09.480,2.4000000000000004,2.0
28315,nc73197761,40.229,-124.172,2019-06-14 22:59:33.190,2.9000000000000004,2.0
28316,nc73197811,37.6356667,-122.4796667,2019-06-15 01:28:03.750,2.4000000000000004,2.0
28318,ci38643176,34.1001667,-116.928,2019-06-15 05:25:37.500,3.0,2.0
28345,nc73198411,36.5628333,-121.152,2019-06-16 02:23:16.630,2.0,2.0
28370,nc73198881,36.2996667,-120.8805,2019-06-16 18:52:24.330,2.1,2.0
28393,nc73199346,36.7616667,-121.4371667,2019-06-17 22:29:40.130,2.7,2.0
28398,nc73199426,36.7583333,-121.4351667,2019-06-18 06:55:17.970,2.6,2.0
28401,nc73199511,36.4983333,-121.0761667,2019-06-18 12:43:59.640,2.5,2.0
28405,nc73199616,36.4383333,-121.0148333,2019-06-18 20:56:28.040,3.3000000000000003,2.0
28407,nc73199626,36.4326667,-121.0316667,2019-06-18 20:57:59.840,2.0,2.0
28423,nc73199886,35.9245,-120.4763333,2019-06-19 13:06:45.890,2.0,2.0
28445,nc73200386,36.5685,-121.0771667,2019-06-21 01:32:22.550,2.4000000000000004,2.0
28473,nc73200946,36.8773333,-121.617,2019-06-22 13:29:23.100,3.0,2.0
28487,ci38426679,34.2348333,-117.4435,2019-06-23 07:01:58.920,2.2,2.0
28489,nc73201246,35.964,-120.5213333,2019-06-23 10:17:35.930,2.4000000000000004,2.0
28526,ci38429327,34.6428333,-118.5738333,2019-06-25 09:34:02.480,2.0,2.0
28601,ci38435247,34.5133333,-117.7203333,2019-06-28 19:38:13.350,2.2,2.0
28651,nc73204196,36.4985,-121.0756667,2019-07-01 02:51:57.730,2.0,2.0
28673,ci38439583,35.4838333,-120.0171667,2019-07-01 21:17:00.670,2.7,2.0
28693,nc73204896,37.635,-122.4805,2019-07-02 16:30:59.340,2.1,2.0
30219,nc73208396,36.5708333,-121.2233333,2019-07-06 02:08:56.700,2.0,2.0
31143,nc73209271,36.0008333,-120.5566667,2019-07-06 07:56:03.380,2.5,2.0
32846,ci38467679,34.0185,-117.2196667,2019-07-06 20:23:44.640,2.8000000000000003,2.0
33058,ci38468415,33.7748333,-115.9535,2019-07-06 22:07:28.100,2.4000000000000004,2.0
33816,ci38473207,34.1578333,-117.4756667,2019-07-07 07:27:37.900,2.6,2.0
34170,ci38476831,34.1753333,-117.26,2019-07-07 14:42:38.910,2.5,2.0
34262,ci38477799,33.757,-116.1478333,2019-07-07 17:08:04.850,2.2,2.0
34270,ci38477951,33.7576667,-116.1428333,2019-07-07 17:21:31.740,2.5,2.0
34343,nc73213501,36.8501667,-121.5811667,2019-07-07 19:01:12.050,2.0,2.0
34378,ci38479247,34.446,-117.9353333,2019-07-07 19:49:15.720,2.0,2.0
34551,nc73213911,36.5831667,-121.0411667,2019-07-08 00:37:06.020,2.4000000000000004,2.0
35760,ci38500143,33.2501667,-115.6913333,2019-07-09 10:21:56.970,2.3000000000000003,2.0
35913,ci38503351,34.2063333,-117.5193333,2019-07-09 15:15:13.320,2.0,2.0
35975,ci38504655,34.117,-117.002,2019-07-09 17:11:57.920,2.0,2.0
36120,ci38507991,34.9425,-119.1711667,2019-07-09 22:21:58.090,2.1,2.0
36774,nc73218226,36.483,-121.0628333,2019-07-10 21:12:10.510,2.0,2.0
37151,ci38531959,33.926,-116.7291667,2019-07-11 11:24:45.000,2.3000000000000003,2.0
37370,ci38536623,33.9408333,-116.3603333,2019-07-11 19:58:18.430,2.0,2.0
38414,nc73222666,36.618,-121.2345,2019-07-14 07:30:54.630,2.3000000000000003,2.0
38788,ci38573775,34.1126667,-116.3873333,2019-07-15 13:52:01.780,2.2,2.0
39254,nc73226036,36.5213333,-121.1051667,2019-07-17 07:41:21.320,2.1,2.0
39899,nc73229336,35.524,-120.2523333,2019-07-20 01:28:34.880,2.2,2.0
39938,ci38608527,33.2671667,-115.6931667,2019-07-20 05:45:18.340,2.2,2.0
40030,nc73229986,35.5235,-120.255,2019-07-20 17:45:48.160,2.2,2.0
40176,nc73230896,36.7588333,-121.4383333,2019-07-21 15:32:50.550,2.2,2.0
40482,nc73232796,36.9588333,-121.5866667,2019-07-23 16:51:10.080,2.8000000000000003,2.0
40565,nc73233256,35.7933333,-120.3446667,2019-07-24 05:48:47.740,3.1,2.0
40606,nc73233511,36.0283333,-120.5918333,2019-07-24 12:18:20.950,2.2,2.0
40873,nc73235131,36.6665,-121.281,2019-07-26 11:57:49.530,2.1,2.0
40989,nc73235831,36.6938333,-121.3231667,2019-07-27 09:37:41.210,3.7,2.0
40990,nc73235851,36.6953333,-121.3248333,2019-07-27 09:56:06.320,2.9000000000000004,2.0
41060,nc73236351,36.2788333,-120.6368333,2019-07-28 01:28:28.840,2.1,2.0
41066,nc73236391,36.6933333,-121.3185,2019-07-28 02:48:14.910,2.2,2.0
41265,nc73237826,36.3713333,-120.9458333,2019-07-29 16:42:21.840,2.0,2.0
41279,ci38667791,33.784,-116.0528333,2019-07-29 19:46:31.120,2.0,2.0
41360,nc73238516,36.7673333,-121.3608333,2019-07-30 11:57:34.960,2.1,2.0
41463,nc73239536,36.5998333,-121.2055,2019-07-31 19:17:53.960,2.4000000000000004,2.0
41682,nc73241351,36.7933333,-121.3088333,2019-08-03 07:56:19.210,2.9000000000000004,2.0
41740,ci38690247,34.1966667,-117.3863333,2019-08-04 02:59:20.380,2.0,2.0
41742,ci38690327,34.009,-117.1816667,2019-08-04 03:25:38.290,2.0,2.0
41767,nc73242046,36.2115,-120.7906667,2019-08-04 10:47:39.480,2.2,2.0
41831,ci38694655,34.1593333,-116.4113333,2019-08-05 08:39:35.650,2.3000000000000003,2.0
41869,ci38696903,34.0155,-117.0176667,2019-08-05 21:22:03.120,2.3000000000000003,2.0
42178,ci38950280,34.0113333,-117.1846667,2019-08-10 01:32:51.050,2.0,2.0
42263,nc73247436,36.5796667,-121.173,2019-08-11 08:24:09.940,2.6,2.0
42269,nc73247506,36.4691667,-121.0278333,2019-08-11 10:39:21.990,2.1,2.0
42286,nc73247661,36.5821667,-121.177,2019-08-11 13:46:30.570,2.7,2.0
42376,ci38962248,34.0201667,-117.2613333,2019-08-13 04:27:33.060,2.4000000000000004,2.0
42377,ci38962288,34.0566667,-117.1718333,2019-08-13 04:51:15.930,2.0,2.0
42388,ci38963296,33.9901667,-116.8363333,2019-08-13 13:12:20.830,2.0,2.0
42587,ci38974832,34.2283333,-117.5228333,2019-08-16 08:57:32.170,2.0,2.0
42700,ci38981016,34.1723333,-116.9048333,2019-08-18 07:10:42.580,2.0,2.0
42857,ci38989152,34.016,-117.1181667,2019-08-20 18:13:53.640,2.2,2.0
42879,ci38991056,34.0126667,-116.7518333,2019-08-21 06:50:41.210,3.2,2.0
42880,nc73255150,37.2425,-122.061,2019-08-21 07:26:09.940,2.0,2.0
42881,nc73255165,37.2438333,-122.0576667,2019-08-21 07:36:34.590,2.5,2.0
42946,ci38994528,34.877,-119.2421667,2019-08-22 06:45:54.320,2.1,2.0
43099,ci39001816,34.0261667,-116.989,2019-08-23 17:04:08.110,2.6,2.0
43101,ci39001928,34.1655,-117.099,2019-08-23 17:53:02.700,2.4000000000000004,2.0
43144,nc73257835,36.8363333,-121.5633333,2019-08-24 07:58:20.400,2.0,2.0
43257,nc73259415,36.7313333,-121.4211667,2019-08-26 14:10:50.510,2.0,2.0
43426,ci39022568,34.018,-117.1193333,2019-08-29 17:17:48.550,3.0,2.0
43427,ci39022584,34.0205,-117.1213333,2019-08-29 17:18:12.650,2.2,2.0
43675,ci39038072,33.9295,-116.8211667,2019-09-03 07:29:27.540,2.2,2.0
43677,nc73264345,35.9656667,-120.526,2019-09-03 09:58:10.160,2.3000000000000003,2.0
43689,nc73264475,39.1328333,-123.58,2019-09-03 15:05:01.750,3.2,2.0
43710,ci39040408,34.0056667,-116.7643333,2019-09-04 00:18:46.170,3.4000000000000004,2.0
43747,ci39042768,34.022,-116.7678333,2019-09-04 19:12:39.310,2.0,2.0
43887,nc73267055,36.536,-121.1201667,2019-09-07 20:40:05.870,2.4000000000000004,2.0
43900,ci38818007,33.9853333,-117.1568333,2019-09-08 01:09:30.090,2.0,2.0
43952,nc73267660,36.5606667,-121.1151667,2019-09-08 19:32:09.930,2.3000000000000003,2.0
43995,nc73268125,37.7191667,-122.5648333,2019-09-09 18:45:15.200,2.5,2.0
44003,nc73268190,37.7183333,-122.5656667,2019-09-09 20:27:43.440,2.6,2.0
44101,ci38828191,33.7821667,-116.1045,2019-09-11 23:23:09.580,2.1,2.0
44102,ci38828207,33.7826667,-116.1046667,2019-09-11 23:23:41.660,2.4000000000000004,2.0
44134,nc73270155,36.6365,-121.2558333,2019-09-12 22:08:08.360,2.4000000000000004,2.0
44135,nc73270165,36.8258333,-121.558,2019-09-12 22:29:12.860,2.0,2.0
44175,nc73270665,36.5998333,-121.1986667,2019-09-13 03:59:52.210,3.3000000000000003,2.0
44184,nc73270850,36.5973333,-121.196,2019-09-13 04:28:36.770,2.5,2.0
44202,nc73271485,36.6031667,-121.202,2019-09-13 06:50:21.890,3.8000000000000003,2.0
44204,nc73271515,36.6026667,-121.2045,2019-09-13 07:05:30.670,2.2,2.0
44211,nc73271665,36.6015,-121.1978333,2019-09-13 08:26:53.080,2.5,2.0
44212,nc73271670,36.483,-121.0226667,2019-09-13 08:32:08.350,2.4000000000000004,2.0
44214,nc73271745,36.601,-121.199,2019-09-13 09:24:56.330,2.8000000000000003,2.0
44258,ci38834255,34.009,-117.2345,2019-09-13 23:24:17.850,2.0,2.0
44301,nc73273475,36.5851667,-121.1688333,2019-09-14 17:26:28.260,2.4000000000000004,2.0
44302,nc73273480,36.5848333,-121.168,2019-09-14 17:27:59.330,2.1,2.0
44313,nc73273675,36.761,-121.4271667,2019-09-14 23:52:13.060,2.7,2.0
44314,nc73273670,36.7568333,-121.4315,2019-09-14 23:52:40.070,2.4000000000000004,2.0
44334,nc73274155,36.9028333,-121.3243333,2019-09-15 15:48:36.170,2.3000000000000003,2.0
44347,nc73274330,36.6001667,-121.0526667,2019-09-15 22:23:34.780,2.5,2.0
44355,ci38839087,33.9503333,-116.7466667,2019-09-16 05:05:22.610,2.4000000000000004,2.0
44369,ci38839527,33.973,-116.9801667,2019-09-16 12:21:19.840,2.0,2.0
44382,ci38840159,33.3618333,-115.789,2019-09-16 18:11:51.690,3.8000000000000003,2.0
44387,nc73275055,36.6701667,-121.2936667,2019-09-16 21:56:30.330,2.0,2.0
44453,nc73276115,35.9286667,-120.4738333,2019-09-18 21:45:05.330,3.1,2.0
44466,ci38845903,33.3596667,-115.788,2019-09-19 09:59:46.580,3.6,2.0
44467,ci38845919,33.3623333,-115.7898333,2019-09-19 10:08:03.930,2.3000000000000003,2.0
44481,ci38846887,33.3616667,-115.7885,2019-09-19 21:47:57.620,2.3000000000000003,2.0
44486,nc73276640,39.1353333,-123.5988333,2019-09-19 22:52:14.030,2.5,2.0
44492,ci38847247,33.3626667,-115.7846667,2019-09-20 02:09:53.220,2.4000000000000004,2.0
44544,nc73277245,36.4673333,-121.0415,2019-09-21 15:16:17.600,2.2,2.0
44559,ci38850783,34.141,-116.712,2019-09-21 22:53:06.470,2.0,2.0
44568,ci38851303,34.0116667,-116.9578333,2019-09-22 06:16:16.560,2.4000000000000004,2.0
44599,ci38852823,34.1403333,-116.7126667,2019-09-23 04:21:03.640,2.0,2.0
44657,nc73278850,36.823,-121.5498333,2019-09-24 17:41:09.860,2.6,2.0
44663,ci38856743,33.9518333,-116.9601667,2019-09-24 22:32:30.430,2.0,2.0
44669,ci38856999,34.5951667,-118.6281667,2019-09-25 02:35:27.200,2.1,2.0
44673,nc73279210,36.8248333,-121.5591667,2019-09-25 03:16:32.270,2.3000000000000003,2.0
44688,nc73279500,36.5921667,-121.1926667,2019-09-25 05:49:34.880,3.2,2.0
44695,nc73279720,36.5885,-121.187,2019-09-25 06:37:19.790,2.7,2.0
44708,ci38857559,34.2208333,-117.476,2019-09-25 10:32:30.350,2.1,2.0
44711,ci38857687,33.9275,-116.7221667,2019-09-25 12:57:42.970,2.0,2.0
44735,nc73281060,36.7245,-121.3925,2019-09-26 05:17:22.910,2.1,2.0
44745,nc73281155,36.583,-121.0806667,2019-09-26 08:59:18.680,2.3000000000000003,2.0
44750,nc73281250,36.586,-121.087,2019-09-26 12:51:57.240,2.0,2.0
44756,nc73281360,36.59,-121.1903333,2019-09-26 17:13:55.130,2.5,2.0
44762,nc73281495,36.5945,-121.1928333,2019-09-26 23:10:50.120,2.0,2.0
44818,nc73282345,35.9681667,-120.5256667,2019-09-27 23:42:05.570,2.0,2.0
44851,nc73282920,36.4718333,-121.0515,2019-09-29 00:56:08.750,2.1,2.0
44899,nc73283660,36.892,-121.2418333,2019-09-29 22:56:27.710,2.8000000000000003,2.0
44918,nc73283895,36.6843333,-121.3095,2019-09-30 08:05:47.680,2.0,2.0
44964,ci39103208,33.9873333,-116.679,2019-10-01 06:55:30.220,2.5,2.0
44989,nc73284895,36.8371667,-121.5703333,2019-10-01 21:18:21.650,2.4000000000000004,2.0
45014,ci39105928,34.5078333,-117.525,2019-10-02 13:25:31.370,2.9000000000000004,2.0
45084,nc73286460,36.8231667,-121.5601667,2019-10-04 17:54:34.430,2.5,2.0
45090,ci39111528,33.7741667,-116.1548333,2019-10-04 19:59:57.420,2.3000000000000003,2.0
45116,nc73286930,37.6598333,-122.5145,2019-10-05 15:41:06.700,3.5,2.0
45206,nc73288630,36.5923333,-121.1123333,2019-10-08 08:39:45.660,2.0,2.0
45211,ci39119224,34.0331667,-116.6211667,2019-10-08 13:10:53.530,2.4000000000000004,2.0
45212,nc73288720,36.6396667,-121.2601667,2019-10-08 13:10:53.790,2.8000000000000003,2.0
45263,ci39122808,33.9638333,-116.6061667,2019-10-09 23:24:53.200,2.0,2.0
45322,ci39125088,33.77,-115.9621667,2019-10-11 13:39:33.210,2.7,2.0
45362,ci39127928,34.6161667,-118.6378333,2019-10-12 20:40:21.770,2.0,2.0
45372,ci39128528,33.9653333,-116.6076667,2019-10-13 02:16:51.140,2.5,2.0
45446,nc73292185,36.5655,-121.1545,2019-10-15 10:19:43.240,2.5,2.0
45461,nc73292360,36.6455,-121.274,2019-10-15 19:42:30.540,4.7,2.0
45466,nc73292380,36.6545,-121.2765,2019-10-15 19:55:46.480,2.5,2.0
45471,nc73292445,36.6336667,-121.2521667,2019-10-15 21:31:22.170,2.0,2.0
45481,ci39134624,33.9858333,-116.8216667,2019-10-16 01:05:25.190,2.0,2.0
45484,nc73292610,36.6555,-121.2801667,2019-10-16 02:41:09.890,2.4000000000000004,2.0
45485,nc73292615,36.66,-121.2851667,2019-10-16 02:57:05.370,2.8000000000000003,2.0
45497,nc73292795,36.641,-121.2601667,2019-10-16 07:53:32.260,2.0,2.0
45509,nc73292945,36.6426667,-121.2665,2019-10-16 13:09:13.520,3.3000000000000003,2.0
45510,nc73292955,36.96,-121.591,2019-10-16 13:32:10.880,2.5,2.0
45513,nc73293005,36.9593333,-121.5883333,2019-10-16 15:14:49.720,2.0,2.0
45523,nc73293065,36.2491667,-120.8161667,2019-10-16 19:34:10.880,2.0,2.0
45562,nc73293465,36.639,-121.2578333,2019-10-17 14:54:55.540,3.6,2.0
45580,nc73293750,40.2071667,-124.135,2019-10-18 07:23:33.260,2.0,2.0
45585,nc73293765,40.22,-124.1235,2019-10-18 08:41:52.240,2.1,2.0
45599,nc73293860,36.384,-120.9536667,2019-10-18 17:18:50.560,2.5,2.0
45601,nc73293870,36.576,-121.124,2019-10-18 18:02:34.550,2.6,2.0
45616,ci38906511,33.8926667,-116.6305,2019-10-19 00:56:36.580,3.0,2.0
45633,nc73294145,37.3255,-122.0705,2019-10-19 17:06:04.800,2.7,2.0
45672,nc73294435,36.6578333,-121.2826667,2019-10-20 13:51:39.220,2.6,2.0
45673,nc73294440,36.6571667,-121.2845,2019-10-20 13:52:36.160,2.1,2.0
45682,nc73294585,36.0423333,-120.6105,2019-10-21 02:27:09.970,2.1,2.0
45732,nc73295625,36.6438333,-121.2645,2019-10-23 01:18:26.980,2.3000000000000003,2.0
45759,nc73296235,37.638,-122.5013333,2019-10-24 14:06:19.750,2.2,2.0
45772,nc73296385,36.6553333,-121.2813333,2019-10-24 19:03:25.030,2.2,2.0
45790,nc73296800,36.6541667,-121.278,2019-10-25 09:19:43.380,2.0,2.0
45810,nc73297295,36.646,-121.2673333,2019-10-26 03:34:17.140,2.6,2.0
45829,nc73297525,36.6441667,-121.2648333,2019-10-26 18:49:28.290,2.0,2.0
45941,nc73298485,36.6615,-121.2921667,2019-10-29 09:30:48.910,2.3000000000000003,2.0
45942,nc73298490,36.6631667,-121.2893333,2019-10-29 09:34:12.530,3.4000000000000004,2.0
45943,nc73298495,36.6576667,-121.2876667,2019-10-29 09:42:51.730,3.1,2.0
45949,nc73298555,36.6665,-121.2925,2019-10-29 15:21:16.830,3.8000000000000003,2.0
45980,nc73298840,36.6621667,-121.2911667,2019-10-30 12:51:00.870,2.0,2.0
45984,nc73298870,36.5915,-121.189,2019-10-30 16:01:30.590,2.1,2.0
46035,nc73299555,36.2396667,-120.8151667,2019-11-01 13:01:41.710,2.4000000000000004,2.0
46062,nc73299875,36.5735,-121.1655,2019-11-02 12:46:42.780,2.2,2.0
46116,nc73300545,36.5966667,-121.2023333,2019-11-04 04:45:32.300,2.4000000000000004,2.0
46132,nc73300840,36.667,-121.2876667,2019-11-05 03:34:51.620,2.2,2.0
46164,nc73301175,36.6511667,-121.2665,2019-11-06 02:04:00.410,2.2,2.0
46171,ci38935183,34.2043333,-116.86,2019-11-06 07:13:35.320,2.5,2.0
46174,nc73301275,36.6646667,-121.2891667,2019-11-06 08:48:52.760,2.1,2.0
46364,ci38235954,33.9155,-116.7265,2019-11-10 09:44:43.310,3.4000000000000004,2.0
46365,ci38235962,33.9201667,-116.723,2019-11-10 09:46:58.820,2.1,2.0
46376,ci38236850,33.8683333,-116.1958333,2019-11-10 22:07:59.490,3.5,2.0
46380,ci38237026,33.8688333,-116.1965,2019-11-10 23:18:12.020,3.1,2.0
46399,ci38238226,33.8681666666667,-116.197333333333,2019-11-11 19:21:05.340,2.1,2.0
46436,nc73302536,36.844,-121.5776667,2019-11-12 06:16:42.450,2.3000000000000003,2.0
46437,ci38239346,33.8705,-116.1968333,2019-11-12 06:27:58.190,2.1,2.0
46471,nc73302606,39.1566667,-123.5963333,2019-11-12 10:44:01.980,3.1,2.0
46516,nc73303086,36.8611667,-121.4058333,2019-11-13 15:45:50.670,2.3000000000000003,2.0
46522,nc73303146,36.4956667,-121.074,2019-11-13 18:22:20.360,2.4000000000000004,2.0
46599,nc73304686,36.8438333,-121.569,2019-11-16 15:56:35.420,2.3000000000000003,2.0
46633,ci38249162,33.9561667,-117.123,2019-11-17 18:30:57.850,2.4000000000000004,2.0
46658,nc73305351,36.5365,-121.1236667,2019-11-18 07:41:59.760,2.0,2.0
46746,ci38253962,34.0051667,-116.8111667,2019-11-20 12:45:38.210,2.0,2.0
46751,nc73306611,35.988,-120.5503333,2019-11-20 14:20:57.580,2.3000000000000003,2.0
46827,ci39202656,34.025,-117.1818333,2019-11-23 04:38:22.840,2.5,2.0
46846,ci39203576,34.0041667,-117.2136667,2019-11-23 18:40:44.700,2.0,2.0
46850,nc73307986,40.244,-124.1393333,2019-11-23 21:09:05.470,2.1,2.0
46886,ci39205392,34.1415,-116.7085,2019-11-25 01:25:37.770,2.9000000000000004,2.0
46888,nc73308526,36.644,-121.2663333,2019-11-25 05:52:25.330,2.3000000000000003,2.0
46928,nc73309171,36.569,-121.1215,2019-11-26 17:05:32.190,2.0,2.0
47013,nc73309961,36.4988333,-121.0701667,2019-11-29 17:11:44.290,2.0,2.0
47015,nc73309966,36.5368333,-121.1258333,2019-11-29 17:51:31.740,2.2,2.0
47018,ci39210696,34.151,-117.354,2019-11-29 18:01:14.920,2.0,2.0
47046,nc73310296,37.0573333,-121.4843333,2019-11-30 10:08:16.180,2.0,2.0
47047,ci39211608,34.9658333,-119.4298333,2019-11-30 13:29:04.180,2.1,2.0
47087,ci39213512,34.9698333,-119.4336667,2019-12-01 23:21:56.730,2.5,2.0
47103,ci39214056,34.0031667,-116.7963333,2019-12-02 15:33:26.360,2.1,2.0
47143,nc73311401,36.5621667,-121.1558333,2019-12-04 05:30:18.460,2.0,2.0
47151,nc73311516,36.8013333,-121.3923333,2019-12-04 13:14:53.750,2.2,2.0
47186,nc73311921,36.5883333,-121.182,2019-12-05 16:53:44.610,2.1,2.0
47203,nc73312171,36.7588333,-121.3533333,2019-12-06 08:40:29.350,2.4000000000000004,2.0
47210,nc73312226,36.6918333,-121.3153333,2019-12-06 16:30:00.270,2.5,2.0
47238,nc73312446,39.154,-123.5985,2019-12-07 15:57:57.070,2.0,2.0
47261,ci39221984,33.1951667,-115.609,2019-12-08 07:03:33.630,2.1,2.0
47269,nc73312676,35.9725,-120.5326667,2019-12-08 15:14:12.360,2.7,2.0
47279,ci39222864,34.145,-117.5475,2019-12-09 01:05:07.190,2.0,2.0
47287,nc73312851,36.6441667,-121.2618333,2019-12-09 12:46:05.530,3.0,2.0
47309,nc73313141,36.829,-121.5621667,2019-12-10 08:28:27.820,2.1,2.0
47314,ci39224912,34.0141667,-116.7305,2019-12-10 16:08:10.640,2.2,2.0
47324,ci39225384,34.2875,-117.0118333,2019-12-10 21:57:58.690,2.4000000000000004,2.0
47333,nc73313421,36.5548333,-121.148,2019-12-11 01:23:16.690,2.2,2.0
47335,nc73313431,36.7951667,-121.356,2019-12-11 01:57:29.680,2.1,2.0
47350,nc73313686,36.6461667,-121.2623333,2019-12-11 20:19:43.490,2.2,2.0
47361,ci39227960,34.268,-117.453,2019-12-12 09:56:27.660,3.0,2.0
47384,ci39229272,34.2238333,-117.4665,2019-12-13 06:49:19.080,2.2,2.0
47440,nc73315091,40.2528333,-124.1676667,2019-12-15 20:04:58.920,2.0,2.0
47486,nc73315716,36.5478333,-121.0653333,2019-12-17 11:14:03.910,2.1,2.0
47496,nc73315876,35.8058333,-120.356,2019-12-17 18:29:21.030,4.3,2.0
47533,nc73316401,36.4658333,-121.0433333,2019-12-19 04:14:22.110,2.0,2.0
47593,nc73317266,36.002,-120.5641667,2019-12-20 19:22:42.130,2.2,2.0
47701,nc73318516,36.6453333,-121.2576667,2019-12-23 16:48:45.050,2.5,2.0
47711,nc73318686,36.676,-121.2946667,2019-12-24 00:54:38.240,2.9000000000000004,2.0
47714,ci39011591,34.035,-117.2598333,2019-12-24 05:05:40.370,2.2,2.0
47737,nc73319141,36.4948333,-121.0726667,2019-12-24 20:59:57.330,2.1,2.0
47752,nc73319346,38.8883333,-123.6295,2019-12-25 09:34:28.940,2.5,2.0
47792,nc73319991,36.6231667,-121.2326667,2019-12-26 23:01:32.080,2.2,2.0
47811,nc73320316,36.5443333,-121.0631667,2019-12-27 12:59:17.550,2.5,2.0
47834,nc73320621,36.0335,-120.6013333,2019-12-28 10:13:35.050,2.0,2.0
47879,nc73321206,40.246,-124.1461667,2019-12-29 23:15:01.770,2.0,2.0
47884,nc73321286,36.653,-121.2746667,2019-12-30 04:16:40.120,2.6,2.0
47919,ci39018447,34.9428333,-119.0375,2019-12-31 08:04:45.970,2.0,2.0
47929,nc73321901,36.4503333,-121.0401667,2019-12-31 20:30:27.030,2.4000000000000004,2.0
47984,nc73322801,36.5171667,-121.1008333,2020-01-02 16:34:00.270,2.5,2.0
48003,nc73323081,36.6788333,-121.304,2020-01-03 06:13:40.810,2.3000000000000003,2.0
48005,nc73323091,36.6798333,-121.3051667,2020-01-03 07:18:48.280,2.2,2.0
48008,nc73323121,36.01,-120.5806667,2020-01-03 09:53:44.440,2.0,2.0
48016,nc73323271,36.2486667,-120.8206667,2020-01-03 16:40:15.900,3.3000000000000003,2.0
48048,nc73323796,36.5848333,-121.1785,2020-01-05 03:27:52.520,2.0,2.0
48069,nc73324201,36.246,-120.8236667,2020-01-06 02:13:33.830,2.6,2.0
48077,nc73324311,36.9616667,-121.5908333,2020-01-06 09:37:46.170,3.0,2.0
48082,nc73324366,36.9603333,-121.5898333,2020-01-06 13:36:45.750,2.7,2.0
48085,nc73324391,36.6341667,-121.2528333,2020-01-06 15:10:10.840,2.7,2.0
48094,nc73324496,36.8441667,-121.5771667,2020-01-06 23:03:01.010,2.6,2.0
48095,nc73324501,36.8418333,-121.5741667,2020-01-06 23:04:08.670,2.4000000000000004,2.0
48105,nc73324671,36.8413333,-121.5793333,2020-01-07 10:24:35.880,2.8000000000000003,2.0
48106,nc73324681,36.842,-121.5775,2020-01-07 10:28:23.890,3.0,2.0
48114,nc73324811,36.8383333,-121.5691667,2020-01-07 20:07:08.540,2.9000000000000004,2.0
48127,nc73325141,36.9573333,-121.5753333,2020-01-08 09:46:40.850,2.7,2.0
48205,ci39031903,34.082,-117.298,2020-01-10 23:30:52.490,2.4000000000000004,2.0
48235,ci39033159,34.3855,-117.6155,2020-01-12 08:09:53.750,2.9000000000000004,2.0
48252,nc73326836,36.4343333,-121.0043333,2020-01-12 23:43:10.540,2.0,2.0
48261,nc73326936,36.8761667,-121.61,2020-01-13 10:58:20.600,3.2,2.0
48265,nc73326956,35.967,-120.5233333,2020-01-13 13:13:58.300,2.3000000000000003,2.0
48285,nc73327241,37.299,-122.1011667,2020-01-14 04:00:20.520,2.0,2.0
48300,nc73327466,36.6388333,-121.247,2020-01-14 15:11:44.700,2.2,2.0
48348,nc73328171,36.6415,-121.1048333,2020-01-16 19:39:53.120,2.1,2.0
48350,nc73328206,36.7016667,-121.3658333,2020-01-16 20:27:31.770,2.3000000000000003,2.0
48383,nc73328786,36.6958333,-121.3283333,2020-01-18 10:47:17.070,2.0,2.0
48394,nc73329091,36.9778333,-121.4588333,2020-01-19 04:09:38.150,2.2,2.0
48404,nc73329266,36.6775,-121.2981667,2020-01-19 12:11:09.220,2.2,2.0
48470,ci39277864,34.3856667,-117.6155,2020-01-22 10:26:38.450,2.4000000000000004,2.0
48471,nc73330441,36.5448333,-121.1378333,2020-01-22 12:02:14.680,2.7,2.0
48516,nc73331056,36.6343333,-121.2533333,2020-01-24 06:50:06.750,2.3000000000000003,2.0
48591,nc73332191,36.9636667,-121.5956667,2020-01-27 01:02:06.240,2.1,2.0
48610,ci39283568,33.9633333,-116.9366667,2020-01-27 14:13:23.960,2.0,2.0
48621,ci39284248,34.1573333,-117.4385,2020-01-27 22:41:55.490,2.0,2.0
48667,nc73333311,36.9325,-121.662,2020-01-29 14:11:04.080,2.3000000000000003,2.0
48668,nc73333331,36.5996667,-121.2033333,2020-01-29 15:36:08.530,2.5,2.0
48671,ci39286000,34.0,-116.4466667,2020-01-29 17:33:47.010,2.5,2.0
48692,nc73333736,36.6991667,-121.3335,2020-01-30 14:43:53.280,2.4000000000000004,2.0
48698,nc73333836,36.7001667,-121.3308333,2020-01-30 17:07:34.940,2.8000000000000003,2.0
48720,nc73334056,37.249,-122.1578333,2020-01-31 11:13:51.030,2.6,2.0
48770,ci39290184,33.9311667,-116.628,2020-02-02 14:59:10.000,2.3000000000000003,2.0
48852,ci39292456,34.064,-117.3105,2020-02-05 06:24:52.550,2.0,2.0
48869,nc73336196,36.0321667,-120.595,2020-02-06 07:56:16.720,2.4000000000000004,2.0
48891,nc73336691,39.0295,-123.6896667,2020-02-07 02:46:47.060,2.3000000000000003,2.0
48893,nc73336701,39.0186667,-123.7005,2020-02-07 02:50:59.510,2.2,2.0
48979,nc73339875,36.7176667,-121.3618333,2020-02-11 23:26:17.650,2.1,2.0
48994,nc73340185,36.572,-121.1616667,2020-02-12 18:58:33.260,2.0,2.0
49001,nc73340375,36.6888333,-121.2826667,2020-02-13 03:33:42.050,3.6,2.0
49026,nc73340820,36.5475,-121.1376667,2020-02-14 00:16:34.870,2.1,2.0
49028,nc73340870,36.6901667,-121.2901667,2020-02-14 02:58:50.230,2.1,2.0
49050,nc73341180,35.9416667,-120.4873333,2020-02-15 00:28:39.050,2.5,2.0
49051,nc73341190,35.9408333,-120.4866667,2020-02-15 01:08:00.320,2.9000000000000004,2.0
49058,nc73341310,36.6878333,-121.2878333,2020-02-15 09:32:03.830,2.8000000000000003,2.0
49072,ci39073119,34.1641667,-117.7306667,2020-02-16 01:41:33.420,2.1,2.0
49096,nc73342005,39.019,-123.7055,2020-02-16 23:09:31.970,2.6,2.0
49105,nc73342135,36.5051667,-120.9168333,2020-02-17 07:27:56.600,2.3000000000000003,2.0
49127,nc73342745,36.5376667,-121.1251667,2020-02-18 13:24:06.710,2.0,2.0
49164,ci39077671,33.9121667,-116.7101667,2020-02-20 01:38:00.580,2.1,2.0
49166,nc73343545,36.6375,-121.1331667,2020-02-20 02:19:08.990,2.6,2.0
49175,ci39077975,34.1015,-116.9268333,2020-02-20 10:45:54.420,2.2,2.0
49188,nc73343940,36.762,-121.2751667,2020-02-20 21:32:46.500,2.1,2.0
49232,nc73344795,36.5861667,-121.1831667,2020-02-22 21:55:51.890,2.5,2.0
49252,nc73345155,36.7145,-121.343,2020-02-23 22:40:42.460,2.4000000000000004,2.0
49333,ci39085159,34.1543333,-116.4273333,2020-02-27 11:49:49.250,2.5,2.0
49344,nc73347085,36.6215,-121.2286667,2020-02-27 21:09:07.400,2.1,2.0
49354,nc73347425,40.1353333,-123.8616667,2020-02-28 00:22:09.600,2.2,2.0
49381,nc73347970,36.6963333,-121.3361667,2020-02-29 05:07:35.520,2.1,2.0
49400,nc73348345,36.2351667,-120.8123333,2020-02-29 22:20:07.430,2.4000000000000004,2.0
49424,nc73348770,36.8421667,-121.574,2020-03-01 23:27:32.760,2.0,2.0
49428,ci39088447,33.6883333,-116.0261667,2020-03-02 04:43:32.980,2.4000000000000004,2.0
49442,nc73349005,36.5436667,-121.1306667,2020-03-02 15:56:47.800,2.9000000000000004,2.0
49443,nc73349010,36.5456667,-121.1366667,2020-03-02 16:04:52.910,2.0,2.0
49569,ci38384698,33.829,-116.1745,2020-03-06 03:01:06.830,2.2,2.0
49574,nc73350285,36.6166667,-121.2226667,2020-03-06 04:54:03.030,2.1,2.0
49579,nc73350455,36.6056667,-121.2106667,2020-03-06 14:32:53.270,2.8000000000000003,2.0
49582,nc73350490,36.6068333,-121.2118333,2020-03-06 15:39:00.020,2.4000000000000004,2.0
49593,nc73350680,36.6066667,-121.2098333,2020-03-07 02:19:42.700,2.1,2.0
49599,nc73350815,36.4528333,-121.0348333,2020-03-07 08:25:30.740,2.0,2.0
49610,ci38386874,33.7821667,-116.1526667,2020-03-07 19:31:23.850,2.3000000000000003,2.0
49611,ci38386898,33.7798333,-116.1523333,2020-03-07 20:03:01.650,2.0,2.0
49651,nc73351785,38.8393333,-123.5931667,2020-03-09 05:26:34.390,2.4000000000000004,2.0
49658,nc73351955,36.605,-121.2143333,2020-03-09 13:19:18.810,2.5,2.0
49660,nc73352025,36.6018333,-121.2058333,2020-03-09 16:26:52.050,2.4000000000000004,2.0
49699,nc73352630,36.6066667,-121.2088333,2020-03-11 01:29:49.790,2.5,2.0
49708,ci38390602,34.1098333,-117.302,2020-03-11 06:48:37.260,2.0,2.0
49749,nc73353480,36.0493333,-120.6183333,2020-03-13 12:56:02.600,2.0,2.0
49786,ci38393866,33.9946667,-116.6506667,2020-03-14 13:09:09.960,2.4000000000000004,2.0
49801,ci38394258,33.9161667,-116.3176667,2020-03-14 22:05:36.450,2.2,2.0
49849,ci38395914,34.2871667,-117.0108333,2020-03-16 21:59:40.640,2.1,2.0
49866,nc73354965,36.6186667,-121.2261667,2020-03-17 10:04:16.070,2.2,2.0
49878,nc73355200,36.5673333,-121.1586667,2020-03-17 21:37:03.930,2.6,2.0
49884,nc73355340,37.3726667,-122.2686667,2020-03-18 02:01:22.270,2.0,2.0
49891,nc73355415,36.7993333,-121.5331667,2020-03-18 05:05:52.670,2.6,2.0
49892,nc73355420,36.8001667,-121.5351667,2020-03-18 05:14:41.920,2.1,2.0
49893,nc73355425,36.7983333,-121.5375,2020-03-18 05:18:15.680,2.1,2.0
49903,ci39106495,34.1136667,-116.397,2020-03-18 15:51:45.010,2.0,2.0
49905,nc73355660,36.6568333,-121.281,2020-03-18 20:11:05.120,2.5,2.0
49992,nc73356660,36.302,-120.7883333,2020-03-21 02:38:51.260,2.0,2.0
50014,nc73357095,35.8558333,-120.3946667,2020-03-21 23:46:55.940,2.9000000000000004,2.0
50015,nc73357090,35.8553333,-120.3953333,2020-03-21 23:47:37.600,2.2,2.0
50060,nc73357940,36.5883333,-121.1885,2020-03-23 22:28:55.100,2.2,2.0
50104,nc73358555,36.638,-121.2541667,2020-03-24 19:26:53.640,2.3000000000000003,2.0
50170,nc73360150,36.6396667,-121.2543333,2020-03-27 07:23:31.060,2.4000000000000004,2.0
50222,nc73361175,36.706,-121.3581667,2020-03-29 06:48:16.890,2.2,2.0
50224,ci39120007,34.049,-116.9726667,2020-03-29 08:04:18.920,2.4000000000000004,2.0
50247,nc73361945,36.6516667,-121.2763333,2020-03-31 00:06:56.090,2.0,2.0
50387,ci39127087,34.2926667,-117.0743333,2020-04-04 03:10:47.370,2.1,2.0
50439,nc73363740,36.9398333,-121.5496667,2020-04-04 16:02:49.440,2.2,2.0
50446,nc73363775,36.5128333,-121.0963333,2020-04-04 17:45:32.980,2.6,2.0
50526,nc73364640,38.9043333,-123.3715,2020-04-06 05:55:04.150,2.1,2.0
50541,ci39138119,33.577,-115.9081667,2020-04-06 15:58:14.840,3.5,2.0
50556,nc73365005,36.8925,-121.6201667,2020-04-06 23:17:23.170,2.8000000000000003,2.0
50582,nc73365430,36.7726667,-121.4983333,2020-04-07 21:26:06.550,3.0,2.0
50613,nc73365745,36.4955,-121.0766667,2020-04-08 08:26:23.600,2.1,2.0
50925,nc73369110,36.2271667,-120.799,2020-04-12 20:59:28.190,2.2,2.0
51019,nc73370000,36.6081667,-121.2178333,2020-04-13 21:23:32.080,2.2,2.0
51049,nc73370430,36.5631667,-121.0641667,2020-04-14 12:37:35.120,2.6,2.0
51073,nc73370780,36.2058333,-120.6941667,2020-04-15 02:06:26.660,2.1,2.0
51152,ci39392072,34.0183333,-117.219,2020-04-16 18:30:54.970,2.3000000000000003,2.0
51188,nc73372115,36.5826667,-121.1775,2020-04-17 13:11:28.660,2.0,2.0
51225,nc73372505,35.9611667,-120.5126667,2020-04-18 11:50:45.020,2.2,2.0
51295,ci39397008,34.038,-116.3691667,2020-04-20 02:20:23.260,2.3000000000000003,2.0
51300,ci39397080,34.9825,-119.1356667,2020-04-20 04:16:19.530,2.1,2.0
51321,nc73373850,36.8358333,-121.497,2020-04-20 14:15:18.980,2.3000000000000003,2.0
51439,nc73375395,36.47,-121.0546667,2020-04-23 15:42:08.400,2.2,2.0
51440,nc73375400,36.4685,-121.0621667,2020-04-23 15:47:56.340,2.0,2.0
51442,nc73375410,36.4641667,-121.0656667,2020-04-23 16:02:53.110,2.1,2.0
51598,ci38473266,33.9793333,-116.2951667,2020-04-29 17:32:01.410,2.1,2.0
51608,nc73378360,36.9615,-121.4513333,2020-04-30 00:57:17.140,2.0,2.0
51709,ci38478306,33.932,-117.1046667,2020-05-03 19:17:33.270,2.5,2.0
51735,nc73380150,36.7521667,-121.5876667,2020-05-04 16:46:47.220,2.9000000000000004,2.0
51773,nc73380790,36.0201667,-120.581,2020-05-06 05:54:12.930,2.8000000000000003,2.0
51792,ci37271492,33.2795,-115.5318333,2020-05-06 10:20:55.340,2.3000000000000003,2.0
51798,ci38482474,33.194,-115.6148333,2020-05-06 13:32:19.850,2.0,2.0
51801,nc73381040,36.3313333,-120.7806667,2020-05-06 14:38:08.520,2.4000000000000004,2.0
51830,ci38484250,34.6178333,-118.6411667,2020-05-07 18:36:51.970,2.2,2.0
51844,nc73381585,36.0003333,-120.563,2020-05-07 23:49:11.820,2.8000000000000003,2.0
51853,nc73381760,35.996,-120.5651667,2020-05-08 07:48:15.200,2.3000000000000003,2.0
51877,nc73382115,36.1915,-120.769,2020-05-09 00:55:37.360,2.3000000000000003,2.0
51900,nc73382760,36.6803333,-121.3063333,2020-05-10 00:52:55.480,2.3000000000000003,2.0
51914,ci38488298,33.9773333,-116.3,2020-05-10 20:48:26.760,2.6,2.0
51934,nc73383305,36.4036667,-120.9768333,2020-05-11 01:14:54.980,2.0,2.0
51965,nc73383465,35.9986667,-120.5543333,2020-05-11 12:09:15.580,2.0,2.0
51977,ci38490018,34.2648333,-117.1776667,2020-05-11 19:58:58.200,2.5,2.0
52031,nc73384290,36.5796667,-121.088,2020-05-13 08:41:54.040,2.0,2.0
52050,nc73384620,36.5831667,-121.1785,2020-05-14 05:50:59.250,2.4000000000000004,2.0
52363,nc73387065,36.7626667,-121.2776667,2020-05-16 01:39:56.130,2.0,2.0
52647,nc73388380,36.6841667,-121.3125,2020-05-16 16:38:34.920,3.2,2.0
53017,nc73389810,35.9941667,-120.561,2020-05-17 17:36:39.200,3.2,2.0
53085,ci39205279,33.9773333,-116.298,2020-05-17 23:49:36.210,2.6,2.0
53172,ci39205535,34.1185,-117.4725,2020-05-18 06:27:28.750,2.0,2.0
53356,nc73389601,36.4175,-121.0055,2020-05-18 23:22:42.630,2.5,2.0
53436,nc73389881,36.5823333,-121.1766667,2020-05-19 06:32:43.790,2.1,2.0
53549,nc73390291,36.361,-120.9183333,2020-05-19 15:43:31.360,2.4000000000000004,2.0
54194,ci39210519,33.9761667,-116.2983333,2020-05-21 22:07:02.840,2.4000000000000004,2.0
54351,nc73393171,36.581,-121.1781667,2020-05-22 11:46:21.230,2.7,2.0
54352,nc73393176,36.5763333,-121.1766667,2020-05-22 11:46:41.830,2.5,2.0
54353,nc73393186,36.577,-121.1775,2020-05-22 11:48:25.460,2.0,2.0
54457,nc73393546,36.6183333,-121.1613333,2020-05-22 21:43:45.030,2.0,2.0
54496,nc73393661,36.6233333,-121.1645,2020-05-23 00:38:06.910,2.1,2.0
54498,nc73393686,36.6168333,-121.16,2020-05-23 00:55:15.990,2.3000000000000003,2.0
54821,nc73395176,36.5811667,-121.1765,2020-05-24 15:41:11.640,2.3000000000000003,2.0
54881,nc73395411,36.5843333,-121.18,2020-05-25 00:10:19.620,2.1,2.0
54988,nc73395891,36.8243333,-121.2883333,2020-05-25 15:27:23.760,3.1,2.0
55023,nc73396016,36.1876667,-120.764,2020-05-25 19:37:14.420,2.2,2.0
55190,nn00735632,34.5718,-118.4839,2020-05-26 18:59:48.657,2.3000000000000003,2.0
55211,ci39218535,34.0363333,-117.2505,2020-05-26 21:33:52.960,2.3000000000000003,2.0
55221,ci39218679,34.2223333,-117.5731667,2020-05-26 23:30:26.220,2.3000000000000003,2.0
55285,nc73396951,40.2265,-124.1795,2020-05-27 07:53:34.590,2.3000000000000003,2.0
55291,nc73396966,40.2355,-124.1761667,2020-05-27 08:07:32.140,2.0,2.0
55342,nc73397161,36.8876667,-121.6213333,2020-05-27 17:02:01.810,3.2,2.0
55343,nc73397156,36.886,-121.6148333,2020-05-27 17:03:00.510,2.1,2.0
55422,ci39220191,34.3078333,-117.1235,2020-05-28 04:46:25.480,2.3000000000000003,2.0
55436,nc73397536,36.8861667,-121.6261667,2020-05-28 06:09:07.520,2.2,2.0
55529,nc73397916,36.6403333,-121.2631667,2020-05-28 19:19:13.100,3.5,2.0
55624,nc73398331,36.851,-121.5975,2020-05-29 11:22:31.120,2.3000000000000003,2.0
55660,nc73398566,36.7263333,-121.3803333,2020-05-29 19:04:12.430,2.0,2.0
55754,ci39223119,35.5115,-119.7576667,2020-05-30 10:42:26.360,2.3000000000000003,2.0
55769,ci39223191,35.5141667,-119.7745,2020-05-30 11:59:14.850,2.1,2.0
55780,nc73399136,36.8551667,-121.595,2020-05-30 13:18:46.780,2.5,2.0
55786,ci39223271,35.5066667,-119.7601667,2020-05-30 14:33:04.560,2.6,2.0
55866,ci37446597,35.5025,-119.7686667,2020-05-31 05:38:36.670,2.1,2.0
55869,nc73399621,36.7946667,-121.5258333,2020-05-31 06:14:45.350,2.0,2.0
55910,ci39224111,34.23,-117.523,2020-05-31 11:37:40.620,2.1,2.0
55918,nc73399821,36.1893333,-120.7765,2020-05-31 12:39:59.270,2.0,2.0
55956,nc73400026,36.8891667,-121.6256667,2020-05-31 18:45:31.760,2.5,2.0
56007,nc73400211,36.5541667,-121.1501667,2020-06-01 04:12:28.410,2.2,2.0
56054,ci39225375,34.8491667,-119.0291667,2020-06-01 13:56:07.200,2.2,2.0
56220,nc73401216,36.6575,-121.2806667,2020-06-02 21:19:25.040,2.9000000000000004,2.0
56229,nc73401271,36.6543333,-121.2805,2020-06-02 22:30:49.060,2.0,2.0
56481,nc73402461,36.4691667,-121.0406667,2020-06-04 10:41:04.850,2.3000000000000003,2.0
56530,nc73402731,36.1156667,-120.951,2020-06-04 21:17:05.240,2.1,2.0
56556,nc73402846,36.801,-121.537,2020-06-05 03:10:30.320,2.0,2.0
56559,nc73402856,36.8838333,-121.6291667,2020-06-05 03:34:47.950,2.3000000000000003,2.0
56643,nc73403421,36.9438333,-121.671,2020-06-05 23:09:19.630,3.2,2.0
57116,ci39472888,33.9123333,-116.9116667,2020-06-10 13:19:28.890,2.5,2.0
57117,nc73406336,36.728,-121.3758333,2020-06-10 13:25:46.400,3.3000000000000003,2.0
57153,ci39473904,33.8576667,-116.8023333,2020-06-11 03:11:05.400,2.8000000000000003,2.0
57189,nc73407066,35.856,-120.399,2020-06-11 12:31:27.600,2.2,2.0
57235,nc73407521,36.755,-121.459,2020-06-12 05:49:29.180,2.3000000000000003,2.0
57315,nc73408186,36.005,-120.5715,2020-06-13 08:13:34.000,2.1,2.0
57364,nc73408521,36.1061667,-120.6816667,2020-06-13 21:19:18.850,2.1,2.0
57434,ci37544772,33.253,-115.639,2020-06-15 01:48:49.120,2.0,2.0
57439,nc73409231,36.567,-121.1586667,2020-06-15 03:46:33.510,2.0,2.0
57474,nc73409516,36.004,-120.5613333,2020-06-15 16:23:29.660,2.3000000000000003,2.0
57547,nc73410301,36.796,-121.3086667,2020-06-16 18:08:18.510,2.2,2.0
57575,nc73410511,36.5541667,-121.1428333,2020-06-17 02:03:51.750,2.1,2.0
57640,nc73411111,36.5913333,-121.2008333,2020-06-18 03:09:01.660,2.0,2.0
57683,nc73411416,36.19,-120.7628333,2020-06-18 18:26:13.690,2.1,2.0
57733,ci39485664,34.7081667,-118.5156667,2020-06-19 13:05:05.530,2.5,2.0
57757,ci39486416,35.0273333,-119.3003333,2020-06-19 21:15:48.400,2.1,2.0
57803,ci39487112,33.3533333,-115.769,2020-06-20 09:02:29.220,2.9000000000000004,2.0
57847,nc73412586,36.6505,-121.2711667,2020-06-20 18:08:43.080,2.3000000000000003,2.0
57850,nc73412661,36.0015,-120.5671667,2020-06-20 19:39:27.490,2.7,2.0
57976,ci39489704,34.6198333,-118.6408333,2020-06-22 11:21:51.930,2.1,2.0
58063,nc73414306,36.0546667,-120.6271667,2020-06-23 02:53:49.680,2.3000000000000003,2.0
58069,nc73414321,37.3841667,-122.267,2020-06-23 03:09:19.980,2.7,2.0
58172,nc73414951,36.5776667,-121.1718333,2020-06-24 06:57:31.460,2.5,2.0
58322,nc73415481,36.0575,-120.6258333,2020-06-24 20:58:59.220,2.1,2.0
58505,ci39496592,34.0838333,-117.2816667,2020-06-25 14:25:55.370,2.0,2.0
58605,nc73416781,36.7571667,-121.4058333,2020-06-26 01:48:29.860,2.1,2.0
58662,nc73417051,36.4878333,-121.063,2020-06-26 13:57:43.790,2.4000000000000004,2.0
58670,ci39267935,33.5428333,-115.888,2020-06-26 16:14:42.660,2.0,2.0
58840,nc73418246,35.8598333,-120.4018333,2020-06-28 07:27:03.570,2.3000000000000003,2.0
58891,ci39271647,33.2341667,-115.6945,2020-06-28 22:13:58.510,3.7,2.0
58893,nc73418636,36.7305,-121.4066667,2020-06-28 22:47:50.380,2.1,2.0
59108,nc73420031,36.8001667,-121.3785,2020-07-02 04:02:44.790,2.6,2.0
59128,nc73420201,36.7583333,-121.4041667,2020-07-02 09:47:36.040,2.1,2.0
59132,nc73420231,36.7215,-121.3735,2020-07-02 12:01:37.450,2.2,2.0
59163,nc73420486,36.7978333,-121.2496667,2020-07-02 23:30:04.670,2.1,2.0
59169,ci39277271,33.3195,-115.6988333,2020-07-03 01:24:07.750,2.1,2.0
59174,nc73420556,36.5738333,-121.0815,2020-07-03 02:34:05.500,2.0,2.0
59178,nc73420646,36.6525,-121.2718333,2020-07-03 04:57:12.830,2.6,2.0
59184,nc73420676,36.3841667,-120.9676667,2020-07-03 05:36:33.200,2.0,2.0
59248,nc73421121,36.8028333,-121.381,2020-07-04 04:44:22.330,2.1,2.0
59346,nc73422076,40.2268333,-124.155,2020-07-05 17:20:09.520,2.7,2.0
59443,nc73422696,36.7478333,-121.4556667,2020-07-06 22:55:09.200,2.9000000000000004,2.0
59548,nc73423441,36.8143333,-121.5348333,2020-07-08 17:30:46.900,2.6,2.0
59617,nc73423866,36.8023333,-121.381,2020-07-09 13:34:24.050,2.0,2.0
59725,nc73424901,36.4408333,-121.0151667,2020-07-11 19:58:42.470,2.2,2.0
59824,nc73425816,36.6035,-121.205,2020-07-13 20:03:52.190,2.1,2.0
59826,nc73425831,37.3863333,-122.268,2020-07-13 20:32:33.170,2.0,2.0
59862,nc73426211,36.6698333,-121.2878333,2020-07-14 15:00:38.180,2.8000000000000003,2.0
59908,nc73426666,36.5608333,-121.1491667,2020-07-15 11:42:03.340,2.3000000000000003,2.0
59941,nc73427056,36.3821667,-120.9596667,2020-07-16 08:44:33.510,2.4000000000000004,2.0
59961,nc73427166,36.6826667,-121.2853333,2020-07-16 16:55:09.180,2.4000000000000004,2.0
60033,nc73427741,36.809,-121.5358333,2020-07-18 08:19:06.100,2.0,2.0
60074,ci38598082,35.1995,-119.4551667,2020-07-19 12:18:29.790,2.1,2.0
60123,ci38599882,34.9318333,-119.0378333,2020-07-20 22:01:53.080,3.6,2.0
60160,nc73429226,36.681,-121.314,2020-07-22 00:46:54.180,2.3000000000000003,2.0
60172,nc73429346,36.6791667,-121.3118333,2020-07-22 04:57:09.030,3.3000000000000003,2.0
60173,nc73429351,36.6816667,-121.3065,2020-07-22 05:01:40.950,2.1,2.0
60174,nc73429356,36.6833333,-121.309,2020-07-22 05:05:53.330,2.4000000000000004,2.0
60178,nc73429416,36.6768333,-121.3135,2020-07-22 06:22:16.260,2.8000000000000003,2.0
60252,ci38604098,34.9595,-119.0036667,2020-07-23 07:34:45.680,2.3000000000000003,2.0
60361,nc73432386,36.8783333,-121.6176667,2020-07-24 19:03:38.340,2.9000000000000004,2.0
60376,nc73432571,36.877,-121.6225,2020-07-25 02:36:46.680,3.0,2.0
60382,nc73432661,36.8773333,-121.6126667,2020-07-25 04:54:41.780,2.4000000000000004,2.0
60411,nc73433146,36.6833333,-121.2828333,2020-07-25 21:15:10.410,2.9000000000000004,2.0
60473,ci38609882,35.0153333,-119.2135,2020-07-26 15:46:29.150,2.0,2.0
60533,nc73434326,36.6113333,-121.2213333,2020-07-27 20:16:53.440,2.0,2.0
60613,nc73435571,36.1873333,-120.7653333,2020-07-30 03:23:01.850,3.9000000000000004,2.0
60618,nc73435651,36.1866667,-120.7646667,2020-07-30 05:43:07.540,2.1,2.0
60620,ci39322167,34.9646667,-119.0716667,2020-07-30 06:56:14.940,2.3000000000000003,2.0
60640,nc73435841,36.1846667,-120.758,2020-07-30 12:37:51.760,2.0,2.0
60745,nc73436976,36.8476667,-121.5823333,2020-08-01 17:15:17.230,2.0,2.0
60774,nc73437251,36.7733333,-121.2803333,2020-08-02 10:50:50.600,2.1,2.0
60778,ci39327287,33.5431667,-115.8923333,2020-08-02 12:36:40.770,2.3000000000000003,2.0
60810,ci39327959,33.8725,-116.9986667,2020-08-03 08:25:22.740,2.7,2.0
60849,nc73437966,36.7076667,-121.3473333,2020-08-04 00:28:01.280,2.1,2.0
60853,nc73438011,36.9435,-121.5963333,2020-08-04 04:47:22.420,2.1,2.0
60893,ci39331047,34.2018333,-117.6571667,2020-08-05 05:00:55.420,2.6,2.0
60914,ci39332319,33.9996667,-117.2103333,2020-08-05 22:30:56.670,2.0,2.0
60999,nc73439836,36.2185,-120.795,2020-08-08 08:17:06.290,2.3000000000000003,2.0
61020,nc73440146,36.6708333,-121.2965,2020-08-08 20:16:37.510,2.1,2.0
61063,ci39337567,33.2488333,-115.6931667,2020-08-09 21:03:23.730,2.1,2.0
61105,ci39338359,33.2488333,-115.6916667,2020-08-10 15:30:36.880,2.2,2.0
61106,ci39338367,33.2463333,-115.6956667,2020-08-10 15:37:59.430,2.2,2.0
61107,ci39338375,33.2456667,-115.6923333,2020-08-10 15:39:28.740,2.6,2.0
61108,ci39338399,33.2506667,-115.6953333,2020-08-10 15:55:48.220,3.5,2.0
61109,ci39338407,33.2468333,-115.69,2020-08-10 15:56:14.330,4.6000000000000005,2.0
61110,ci39338415,33.2436667,-115.6858333,2020-08-10 15:58:16.660,3.0,2.0
61111,ci39338423,33.255,-115.6846667,2020-08-10 16:00:13.640,3.1,2.0
61112,ci39338431,33.2458333,-115.6841667,2020-08-10 16:01:34.260,2.9000000000000004,2.0
61113,ci39338439,33.2473333,-115.683,2020-08-10 16:02:23.620,2.6,2.0
61114,ci39338447,33.2503333,-115.688,2020-08-10 16:03:39.160,4.0,2.0
61115,ci37452069,33.2445,-115.6853333,2020-08-10 16:03:59.830,2.8000000000000003,2.0
61116,ci37452061,33.2421667,-115.6733333,2020-08-10 16:04:49.380,2.9000000000000004,2.0
61117,ci39338471,33.2546667,-115.681,2020-08-10 16:08:35.340,2.0,2.0
61122,ci39338487,33.232,-115.6935,2020-08-10 16:13:56.000,3.7,2.0
61128,ci39338543,33.2533333,-115.6841667,2020-08-10 16:31:23.840,2.1,2.0
61129,ci39338551,33.2556667,-115.68,2020-08-10 16:31:41.520,2.3000000000000003,2.0
61130,ci37452189,33.2335,-115.6861667,2020-08-10 16:32:07.250,2.0,2.0
61136,ci39338591,33.264,-115.668,2020-08-10 16:41:13.970,2.0,2.0
61140,ci39338663,33.2555,-115.6793333,2020-08-10 16:59:02.980,2.0,2.0
61143,ci39338695,33.2668333,-115.6901667,2020-08-10 17:08:20.560,2.4000000000000004,2.0
61144,ci39338711,33.2591667,-115.6838333,2020-08-10 17:11:51.610,2.2,2.0
61145,ci39338719,33.2615,-115.6798333,2020-08-10 17:12:32.020,2.1,2.0
61154,ci39338767,33.2683333,-115.6873333,2020-08-10 17:22:20.840,2.8000000000000003,2.0
61155,ci39338775,33.264,-115.6881667,2020-08-10 17:23:42.440,2.3000000000000003,2.0
61159,ci39338807,33.2556667,-115.6896667,2020-08-10 17:33:50.460,2.1,2.0
61160,ci37452221,33.27,-115.6665,2020-08-10 17:35:26.940,2.0,2.0
61161,ci39338815,33.2703333,-115.6673333,2020-08-10 17:35:32.350,2.2,2.0
61163,ci39338839,33.227,-115.6991667,2020-08-10 17:39:15.940,3.5,2.0
61164,ci39338847,33.2636667,-115.6726667,2020-08-10 17:42:28.820,2.1,2.0
61165,ci39338855,33.2678333,-115.685,2020-08-10 17:46:10.510,2.8000000000000003,2.0
61171,ci39338999,33.23,-115.7,2020-08-10 18:19:05.560,2.0,2.0
61173,ci39339015,33.228,-115.6955,2020-08-10 18:29:59.890,3.1,2.0
61174,ci37452101,33.2298333,-115.6925,2020-08-10 18:30:05.830,3.5,2.0
61177,ci39339047,33.2696667,-115.6783333,2020-08-10 18:46:51.440,2.2,2.0
61178,ci37452237,33.2661667,-115.6811667,2020-08-10 18:47:03.910,2.2,2.0
61182,ci39339071,33.2731667,-115.6811667,2020-08-10 18:50:44.100,2.1,2.0
61183,ci39339079,33.2653333,-115.6896667,2020-08-10 18:53:21.450,3.2,2.0
61184,ci39339095,33.2513333,-115.6755,2020-08-10 18:58:53.030,3.2,2.0
61185,nc73441126,36.8745,-121.6116667,2020-08-10 19:02:00.370,2.8000000000000003,2.0
61188,nc73441131,36.8745,-121.6063333,2020-08-10 19:04:49.120,2.3000000000000003,2.0
61190,ci39339135,33.262,-115.6796667,2020-08-10 19:06:28.450,2.2,2.0
61197,ci39339167,33.2591667,-115.6896667,2020-08-10 19:18:05.530,2.1,2.0
61198,ci39339183,33.2606667,-115.6868333,2020-08-10 19:22:25.270,2.6,2.0
61199,ci39339191,33.2653333,-115.6841667,2020-08-10 19:29:29.720,4.0,2.0
61200,ci39339199,33.2678333,-115.685,2020-08-10 19:31:31.100,3.0,2.0
61201,ci39339207,33.252,-115.685,2020-08-10 19:33:25.710,2.3000000000000003,2.0
61203,ci39339215,33.2631667,-115.6835,2020-08-10 19:35:31.400,2.2,2.0
61209,ci39339311,33.258,-115.6953333,2020-08-10 19:58:18.860,2.0,2.0
61210,ci39339319,33.2641667,-115.6841667,2020-08-10 19:59:04.380,2.1,2.0
61212,ci39339335,33.2645,-115.6808333,2020-08-10 20:03:29.290,2.2,2.0
61224,ci39339479,33.2673333,-115.6836667,2020-08-10 20:45:09.660,2.8000000000000003,2.0
61225,ci39339495,33.2688333,-115.6783333,2020-08-10 20:47:12.850,2.1,2.0
61226,ci39339503,33.2661667,-115.6855,2020-08-10 20:47:56.090,2.2,2.0
61231,ci39339535,33.2776667,-115.6933333,2020-08-10 20:55:21.540,2.0,2.0
61234,ci39339551,33.2581667,-115.6923333,2020-08-10 21:11:07.570,2.0,2.0
61235,ci39339583,33.2658333,-115.6915,2020-08-10 21:19:44.870,2.3000000000000003,2.0
61255,ci39339855,33.2565,-115.6951667,2020-08-10 23:10:33.100,2.5,2.0
61256,ci39339863,33.2608333,-115.69,2020-08-10 23:12:47.760,2.1,2.0
61257,ci39339871,33.274,-115.68,2020-08-10 23:16:12.570,2.2,2.0
61259,ci39339879,33.2598333,-115.692,2020-08-10 23:17:08.620,2.6,2.0
61265,ci39340007,33.2536667,-115.6903333,2020-08-10 23:56:10.500,2.1,2.0
61267,ci39340127,33.2211667,-115.6915,2020-08-11 01:27:43.050,2.0,2.0
61268,ci39340135,33.2765,-115.6926667,2020-08-11 01:45:58.630,2.1,2.0
61269,ci39340151,33.2661667,-115.6878333,2020-08-11 01:53:09.620,2.5,2.0
61272,ci39340231,33.2636667,-115.6886667,2020-08-11 03:07:15.850,2.0,2.0
61277,ci39340295,33.2783333,-115.6806667,2020-08-11 03:28:43.590,2.4000000000000004,2.0
61278,ci39340303,33.2415,-115.6878333,2020-08-11 03:32:11.280,2.2,2.0
61282,ci39340431,33.2423333,-115.6891667,2020-08-11 06:34:21.890,2.3000000000000003,2.0
61292,ci39340599,33.2271667,-115.7018333,2020-08-11 11:19:57.690,3.5,2.0
61293,ci37452165,33.2291667,-115.7051667,2020-08-11 11:20:30.600,2.7,2.0
61294,nc73442980,36.878,-121.3995,2020-08-11 11:42:55.850,2.0,2.0
61297,ci39340679,33.2206667,-115.7063333,2020-08-11 12:42:12.200,2.2,2.0
61299,ci39340759,33.2275,-115.6941667,2020-08-11 14:25:51.970,2.0,2.0
61334,ci39341703,33.2266667,-115.6983333,2020-08-12 05:23:45.770,2.2,2.0
61351,ci39342007,34.2331667,-117.475,2020-08-12 13:00:22.350,2.5,2.0
61355,ci39342143,34.0731667,-117.0176667,2020-08-12 15:26:28.240,2.2,2.0
61361,ci39342423,33.2425,-115.685,2020-08-12 21:05:45.120,2.0,2.0
61380,ci39342735,33.2405,-115.6875,2020-08-13 03:28:32.280,2.0,2.0
61488,ci39346487,34.677,-118.4543333,2020-08-16 08:30:17.790,2.7,2.0
61521,ci39347319,34.0278333,-116.3575,2020-08-17 04:54:54.420,2.0,2.0
61524,nc73446430,36.3058333,-120.8855,2020-08-17 06:35:05.930,2.2,2.0
61544,nc73447165,37.2308333,-122.1065,2020-08-17 20:43:36.830,2.6,2.0
61591,ci39583392,33.7688333,-116.1353333,2020-08-18 20:55:33.370,2.1,2.0
61592,nc73446271,40.2355,-124.2115,2020-08-18 22:10:08.510,2.0,2.0
61625,nc73446641,35.9641667,-120.5153333,2020-08-19 06:14:46.320,2.8000000000000003,2.0
61649,ci39584624,33.2105,-115.6923333,2020-08-19 17:23:14.490,2.1,2.0
61655,ci39584688,34.1116667,-117.4346667,2020-08-19 17:50:22.890,3.0,2.0
61680,nc73447231,37.3643333,-122.179,2020-08-20 10:43:08.900,2.1,2.0
61686,nc73447261,36.4678333,-121.0568333,2020-08-20 11:25:49.060,2.6,2.0
61698,ci39586008,33.548,-115.8871667,2020-08-20 16:07:39.840,2.0,2.0
61708,ci39586568,33.253,-115.7955,2020-08-20 22:02:23.870,2.0,2.0
61724,nc73447646,36.168,-120.7375,2020-08-21 04:33:05.570,3.1,2.0
61725,nc73447656,36.1666667,-120.7415,2020-08-21 04:36:46.690,2.3000000000000003,2.0
61852,nc73448871,35.7816667,-120.3343333,2020-08-24 08:06:14.380,2.1,2.0
61974,nc73450126,36.8941667,-121.6216667,2020-08-27 04:39:09.400,2.5,2.0
61996,nc73450261,36.5441667,-121.132,2020-08-27 15:25:15.090,2.3000000000000003,2.0
61997,nc73450271,36.6543333,-121.2735,2020-08-27 15:45:23.500,2.3000000000000003,2.0
62015,nc73450426,36.87,-121.6033333,2020-08-28 03:03:19.020,2.0,2.0
62029,nc73450631,36.5496667,-121.0918333,2020-08-28 14:44:03.870,2.2,2.0
62062,ci39364343,34.0275,-116.3586667,2020-08-29 08:24:42.210,2.0,2.0
62080,nc73451236,36.703,-121.3398333,2020-08-30 00:23:06.830,2.2,2.0
62105,ci37454053,33.223,-115.597,2020-08-30 19:15:56.810,2.1,2.0
62117,nc73451571,36.6175,-121.2225,2020-08-31 00:41:48.220,2.2,2.0
62129,nc73451756,36.553,-121.0925,2020-08-31 12:48:47.440,2.3000000000000003,2.0
62182,nc73452156,36.1683333,-120.7413333,2020-09-01 12:10:13.680,2.2,2.0
62284,nc73453426,36.8936667,-121.4958333,2020-09-04 10:13:01.820,2.9000000000000004,2.0
62295,ci38675450,34.0878333,-116.8536667,2020-09-04 14:24:44.100,3.1,2.0
62334,ci38677290,34.0903333,-116.8536667,2020-09-05 13:27:39.070,2.1,2.0
62381,nc73454601,35.9456667,-120.4921667,2020-09-07 03:57:43.120,2.6,2.0
62404,nc73454966,36.5888333,-121.191,2020-09-08 01:47:15.630,2.2,2.0
62412,nc73455041,36.8078333,-121.5313333,2020-09-08 07:46:12.960,2.1,2.0
62465,nc73455641,36.5483333,-121.1383333,2020-09-09 23:57:36.830,2.4000000000000004,2.0
62467,nc73455651,36.5465,-121.1365,2020-09-10 00:15:18.860,2.3000000000000003,2.0
62522,ci38684690,34.6178333,-118.6418333,2020-09-11 18:45:29.260,2.3000000000000003,2.0
62555,ci38686114,34.0398333,-116.9043333,2020-09-12 20:12:13.030,2.2,2.0
62634,ci38689202,34.0591667,-117.187,2020-09-15 00:22:39.300,2.7,2.0
62656,ci38689882,33.9853333,-116.6868333,2020-09-15 15:09:21.480,2.9000000000000004,2.0
62676,nc73458521,36.9291667,-121.6616667,2020-09-16 00:48:15.050,2.5,2.0
62702,nc73458891,36.7956667,-121.5188333,2020-09-16 23:12:33.610,2.4000000000000004,2.0
62720,nc73459071,36.6548333,-121.2766667,2020-09-17 08:15:32.270,2.7,2.0
62721,nc73459081,36.6536667,-121.2751667,2020-09-17 08:21:08.360,2.8000000000000003,2.0
62732,nc73459246,36.7358333,-121.334,2020-09-17 18:23:43.900,2.0,2.0
62733,nc73459251,36.7233333,-121.343,2020-09-17 18:30:16.140,2.0,2.0
62736,ci38693762,34.088,-116.8513333,2020-09-17 20:34:19.230,2.0,2.0
62790,nc73460021,36.8561667,-121.4445,2020-09-19 06:20:19.010,2.4000000000000004,2.0
62823,nc73460551,36.5616667,-121.1586667,2020-09-20 07:33:46.910,2.1,2.0
62838,nc73460686,36.6145,-121.125,2020-09-20 22:12:47.290,2.1,2.0
62839,nc73460696,36.6658333,-121.2906667,2020-09-20 22:26:01.100,2.4000000000000004,2.0
62849,nc73460811,36.0748333,-120.6498333,2020-09-21 04:53:54.720,2.7,2.0
62895,ci38700210,33.6106667,-115.77,2020-09-22 19:36:30.400,2.4000000000000004,2.0
62901,nc73461616,36.4786667,-121.0595,2020-09-22 22:10:46.410,2.2,2.0
62914,ci38700978,34.2033333,-117.6536667,2020-09-23 12:24:27.850,3.2,2.0
62929,nc73461991,37.1555,-121.987,2020-09-23 19:05:40.960,2.2,2.0
62983,ci38703786,33.9491667,-116.3938333,2020-09-25 17:07:48.830,3.0,2.0
62984,ci38703802,33.947,-116.3955,2020-09-25 17:10:11.370,3.7,2.0
63019,ci38704866,34.1876667,-117.607,2020-09-26 22:19:21.510,2.5,2.0
63041,ci38705338,34.0575,-117.2683333,2020-09-27 11:57:00.530,2.6,2.0
63051,ci38705570,34.0478333,-116.8368333,2020-09-27 19:54:24.100,2.0,2.0
63070,nc73463936,36.8716667,-121.6055,2020-09-28 12:27:55.370,2.5,2.0
63081,nc73464086,36.7005,-121.3375,2020-09-29 02:22:20.750,3.2,2.0
63084,nc73464146,36.585,-121.1828333,2020-09-29 06:39:15.550,2.6,2.0
63131,nc73464711,36.4693333,-121.0403333,2020-09-30 13:32:24.070,2.0,2.0
64083,nc73465976,36.5935,-121.1123333,2020-10-03 07:19:06.410,2.2,2.0
64144,nc73466526,36.5925,-121.199,2020-10-04 11:17:08.850,2.0,2.0
64164,nc73466746,36.6116667,-121.219,2020-10-05 03:52:04.450,2.0,2.0
64234,ci39654856,33.7885,-116.6553333,2020-10-06 23:29:17.780,2.9000000000000004,2.0
64311,nc73468266,36.8386667,-121.4088333,2020-10-08 12:20:13.960,2.1,2.0
64331,nc73468511,36.5633333,-121.1595,2020-10-09 00:24:44.730,2.4000000000000004,2.0
64339,nc73468601,36.9841667,-121.6431667,2020-10-09 07:00:12.870,2.2,2.0
64403,nc73469561,37.1866667,-122.1196667,2020-10-11 16:36:46.660,2.7,2.0
64452,ci39661352,34.2258333,-117.4271667,2020-10-13 03:12:22.280,2.1,2.0
64464,nc73470291,36.6993333,-121.3366667,2020-10-13 12:46:10.170,2.5,2.0
64495,nc73470806,36.495,-121.0695,2020-10-14 20:54:25.940,2.2,2.0
64521,nc73471131,36.977,-121.6345,2020-10-15 15:17:03.670,2.5,2.0
64536,nc73471311,36.8758333,-121.6121667,2020-10-16 04:32:00.570,2.2,2.0
64544,ci39665088,34.4586667,-117.9286667,2020-10-16 12:47:37.070,2.1,2.0
64570,nc73471766,36.0308333,-120.5988333,2020-10-17 06:29:34.120,2.3000000000000003,2.0
64577,nc73471826,35.6135,-120.3743333,2020-10-17 09:58:34.030,3.0,2.0
64581,nc73471866,36.6446667,-121.2636667,2020-10-17 11:15:45.170,2.5,2.0
64591,nc73472036,36.9776667,-121.6316667,2020-10-17 20:14:51.590,2.0,2.0
64662,nc73472751,36.9176667,-121.5766667,2020-10-19 17:19:18.040,2.1,2.0
64664,nc73472761,36.511,-121.0926667,2020-10-19 18:00:23.030,2.0,2.0
64670,nc73472831,36.9781667,-121.6321667,2020-10-19 21:35:49.980,2.2,2.0
64746,ci39441055,34.0883333,-116.8535,2020-10-22 05:03:58.860,2.1,2.0
64770,nc73473971,36.691,-121.3235,2020-10-22 17:05:56.260,2.2,2.0
64787,ci39442119,33.2065,-115.59,2020-10-22 21:02:16.190,2.7,2.0
64853,nc73474766,36.0358333,-120.5983333,2020-10-24 23:06:50.570,2.5,2.0
64939,nc73475701,36.6015,-121.0576667,2020-10-27 19:22:43.900,3.3000000000000003,2.0
64940,nc73475706,36.8763333,-121.4096667,2020-10-27 19:38:06.730,2.2,2.0
64997,ci39448607,33.9673333,-116.8455,2020-10-29 12:05:22.630,2.1,2.0
65015,ci39449495,34.2305,-116.749,2020-10-29 21:39:33.610,2.4000000000000004,2.0
65073,ci39452471,34.1128333,-116.6948333,2020-10-31 19:49:37.810,2.9000000000000004,2.0
65102,nc73477136,36.0271667,-120.5875,2020-11-02 02:20:34.280,2.8000000000000003,2.0
65103,nc73477146,36.7558333,-121.2608333,2020-11-02 02:52:32.420,2.1,2.0
65120,nc73477301,36.5738333,-121.0786667,2020-11-02 19:22:01.560,2.1,2.0
65171,nc73477871,36.5736667,-121.1705,2020-11-04 14:41:42.500,2.0,2.0
65186,ci39457071,34.9791667,-119.0285,2020-11-05 00:35:48.010,2.7,2.0
65222,nc73478461,36.189,-120.7646667,2020-11-06 01:11:53.980,2.0,2.0
65294,nc73479336,36.5858333,-121.1851667,2020-11-08 08:07:12.930,2.8000000000000003,2.0
65311,ci39460399,33.8018333,-116.896,2020-11-08 21:14:33.430,2.2,2.0
65312,nc73479561,36.6578333,-121.2791667,2020-11-08 21:49:23.350,2.7,2.0
65325,nc73479756,36.0136667,-120.5776667,2020-11-09 12:45:09.830,2.3000000000000003,2.0
65335,nc73479886,36.012,-120.5735,2020-11-09 21:23:02.570,2.1,2.0
65371,nc73480256,36.807,-121.5338333,2020-11-10 22:49:37.800,2.1,2.0
65382,nc73480326,36.6663333,-121.2645,2020-11-11 05:00:16.280,2.0,2.0
65400,nc73480551,36.8055,-121.536,2020-11-11 20:26:59.420,3.3000000000000003,2.0
65401,nc73480556,36.8035,-121.5313333,2020-11-11 20:48:33.020,3.0,2.0
65445,nc73481116,36.7896667,-121.5171667,2020-11-13 01:07:20.090,2.8000000000000003,2.0
65449,ci39464039,33.995,-117.168,2020-11-13 05:34:59.730,2.3000000000000003,2.0
65607,ci39465039,34.06,-117.2601667,2020-11-13 22:39:31.970,2.2,2.0
65682,nc73482121,36.6675,-121.2898333,2020-11-14 16:10:50.800,2.1,2.0
65758,nc73482586,36.6446667,-121.2575,2020-11-15 19:08:00.660,2.1,2.0
65799,ci39466855,34.0433333,-117.2331667,2020-11-16 09:28:01.580,3.4000000000000004,2.0
65841,ci39467927,33.8263333,-116.2271667,2020-11-17 04:59:42.610,2.2,2.0
65847,ci39467983,34.0711667,-116.7215,2020-11-17 07:19:21.210,3.5,2.0
65860,nc73483346,36.4575,-121.0376667,2020-11-17 15:00:12.510,2.0,2.0
65895,ci39469111,34.0731667,-116.7206667,2020-11-18 10:41:39.150,2.0,2.0
65968,nc73484576,38.8885,-123.6266667,2020-11-20 02:48:42.130,2.5,2.0
65998,ci39472135,33.9965,-117.1668333,2020-11-20 23:35:08.130,2.6,2.0
66002,ci39472183,33.9946667,-117.1686667,2020-11-21 01:00:55.230,2.1,2.0
66025,ci39472751,34.0526667,-117.2528333,2020-11-21 16:32:38.560,2.0,2.0
66104,nc73486356,36.8278333,-121.5633333,2020-11-23 21:22:29.270,2.1,2.0
66180,nc73487396,36.6375,-121.2188333,2020-11-26 12:22:29.290,2.2,2.0
66186,ci39477655,34.4638333,-117.9625,2020-11-26 16:52:39.070,3.1,2.0
66208,nc73487651,36.6613333,-121.292,2020-11-27 04:59:39.010,2.4000000000000004,2.0
66227,ci39478751,34.0465,-117.2418333,2020-11-28 00:56:56.550,2.9000000000000004,2.0
66495,ci39482631,33.1856667,-115.7328333,2020-12-02 06:42:46.700,2.5,2.0
66775,ci39484199,34.087,-116.8525,2020-12-03 19:11:50.420,2.5,2.0
66800,nc73492895,36.7416667,-121.4511667,2020-12-04 03:18:25.150,3.2,2.0
66807,nc73492935,36.7461667,-121.4508333,2020-12-04 05:50:52.450,2.1,2.0
66850,ci39484951,33.8733333,-116.9743333,2020-12-04 15:36:39.220,2.3000000000000003,2.0
67003,nc73494845,39.874,-124.0701667,2020-12-07 14:16:20.150,2.3000000000000003,2.0
67010,nc73494940,36.0266667,-120.5938333,2020-12-07 19:44:14.690,2.3000000000000003,2.0
67014,ci39487743,34.0203333,-117.2285,2020-12-07 20:22:15.650,2.1,2.0
67015,ci39487751,34.0208333,-117.228,2020-12-07 20:26:08.110,2.3000000000000003,2.0
67115,nc73495870,36.6851667,-121.205,2020-12-10 05:23:40.920,2.2,2.0
67175,ci39727280,34.2301667,-117.4486667,2020-12-11 15:17:03.140,2.2,2.0
67176,ci39727288,34.2303333,-117.4478333,2020-12-11 15:17:07.720,2.3000000000000003,2.0
67205,nc73496780,36.0436667,-120.6136667,2020-12-12 08:33:45.150,2.5,2.0
67229,ci39728376,34.945,-119.1008333,2020-12-12 16:43:54.730,2.0,2.0
67238,nc73497045,36.5835,-121.44,2020-12-12 19:55:38.040,2.1,2.0
67292,nc73497445,35.9231667,-120.4723333,2020-12-14 02:47:46.610,2.4000000000000004,2.0
67445,nc73498610,36.263,-120.855,2020-12-16 06:57:10.860,2.1,2.0
67511,nc73499375,40.2136667,-124.123,2020-12-17 14:43:58.660,2.0,2.0
67565,nc73500045,36.6071667,-121.2133333,2020-12-18 23:50:05.270,2.5,2.0
67589,nc73500430,36.1935,-120.7705,2020-12-19 18:40:10.630,2.9000000000000004,2.0
67597,nc73500570,36.6141667,-121.2175,2020-12-20 01:25:31.460,2.5,2.0
67634,nc73500940,36.9605,-121.5928333,2020-12-21 03:33:48.500,2.3000000000000003,2.0
67636,ci39499527,34.1656667,-117.4753333,2020-12-21 05:13:31.650,2.4000000000000004,2.0
67671,ci39500703,34.4573333,-117.9221667,2020-12-22 07:38:15.460,2.8000000000000003,2.0
67678,nc73501550,38.832,-123.3128333,2020-12-22 12:53:51.210,2.0,2.0
67717,nc73502035,36.844,-121.5741667,2020-12-24 00:22:04.800,2.7,2.0
67732,nc73502255,36.4966667,-121.0783333,2020-12-24 13:26:34.770,2.1,2.0
67752,ci39503503,33.7486667,-115.9231667,2020-12-25 10:24:28.860,2.0,2.0
67756,ci39503575,33.7481667,-115.9226667,2020-12-25 11:41:05.090,2.4000000000000004,2.0
67762,ci39503727,33.7468333,-115.9223333,2020-12-25 14:00:19.550,2.3000000000000003,2.0
67763,ci39503735,33.7481667,-115.9201667,2020-12-25 14:01:02.340,2.2,2.0
67778,ci39504023,33.7473333,-115.9211667,2020-12-25 20:25:59.070,3.6,2.0
67780,ci39504079,33.7451667,-115.9175,2020-12-25 20:41:22.950,2.5,2.0
67781,ci37463597,33.7448333,-115.9123333,2020-12-25 20:41:27.500,2.4000000000000004,2.0
67783,ci39504119,33.7441667,-115.9213333,2020-12-25 20:58:52.980,2.1,2.0
67784,ci37464421,33.7413333,-115.9223333,2020-12-25 20:58:56.760,2.1,2.0
67785,ci39504151,33.9246667,-116.7693333,2020-12-25 21:27:08.340,2.5,2.0
67790,ci39504263,33.7466667,-115.9225,2020-12-25 23:01:03.190,2.1,2.0
67792,ci39504279,33.7478333,-115.9188333,2020-12-25 23:34:15.100,2.0,2.0
67794,ci39504303,33.7441667,-115.9178333,2020-12-26 00:27:01.530,2.1,2.0
67872,nc73503535,36.8441667,-121.5748333,2020-12-27 19:05:47.530,3.2,2.0
67878,nc73503580,36.643,-121.2543333,2020-12-27 22:37:13.490,2.1,2.0
67928,ci39506303,34.7141667,-119.0118333,2020-12-29 05:15:16.990,2.0,2.0
67948,nc73504280,36.6066667,-121.2086667,2020-12-30 00:14:50.960,2.7,2.0
67958,nc73504360,37.3543333,-122.1411667,2020-12-30 04:26:30.420,2.8000000000000003,2.0
67960,nc73504420,36.605,-121.2088333,2020-12-30 08:30:22.090,3.1,2.0
67962,nc73504435,36.603,-121.2063333,2020-12-30 08:44:48.960,2.6,2.0
67963,nc73504440,36.6018333,-121.2015,2020-12-30 08:45:29.900,2.4000000000000004,2.0
67968,nc73504575,37.3578333,-122.143,2020-12-30 16:48:27.840,2.1,2.0
67978,nc73504660,36.817,-121.2816667,2020-12-30 20:59:17.370,2.0,2.0
67980,ci39507543,33.7525,-115.9195,2020-12-30 22:36:54.940,2.4000000000000004,2.0
67991,ci39507863,33.754,-115.9198333,2020-12-31 06:30:04.860,2.4000000000000004,2.0
67996,ci39507983,34.0426667,-116.9503333,2020-12-31 11:50:06.340,2.0,2.0
68000,nc73505175,37.7995,-122.5936667,2020-12-31 13:41:59.040,3.3000000000000003,2.0
68018,ci39508463,33.7446667,-115.9246667,2021-01-01 06:01:02.000,2.8000000000000003,2.0
68021,ci39508519,33.7546667,-115.9235,2021-01-01 08:28:35.390,2.5,2.0
68042,nc73505670,36.6545,-121.2676667,2021-01-01 19:52:05.660,2.2,2.0
68069,nc73506040,36.6083333,-121.2156667,2021-01-02 14:36:36.420,3.1,2.0
68070,nc73506045,36.6085,-121.2125,2021-01-02 14:42:23.790,4.3,2.0
68072,nc73506055,36.6073333,-121.2121667,2021-01-02 15:02:33.250,2.4000000000000004,2.0
68074,nc73506065,36.6063333,-121.2188333,2021-01-02 15:08:42.680,2.5,2.0
68076,nc73506080,36.6145,-121.2228333,2021-01-02 15:31:12.420,2.0,2.0
68078,nc73506095,36.6058333,-121.2096667,2021-01-02 15:41:29.750,2.5,2.0
68079,nc73506100,36.6156667,-121.2255,2021-01-02 16:11:20.910,2.2,2.0
68086,nc73506170,36.6148333,-121.2208333,2021-01-02 19:08:50.790,2.1,2.0
68091,nc73506185,36.6213333,-121.2285,2021-01-02 21:31:41.310,2.6,2.0
68093,nc73506225,36.6195,-121.2268333,2021-01-02 23:21:03.960,2.2,2.0
68094,nc73506235,36.6148333,-121.2245,2021-01-02 23:34:32.000,2.6,2.0
68099,nc73506320,36.6188333,-121.2296667,2021-01-03 02:45:39.050,2.5,2.0
68103,nc73506355,36.6215,-121.2308333,2021-01-03 03:51:09.190,3.0,2.0
68104,nc73506360,36.6175,-121.2236667,2021-01-03 03:52:01.770,2.2,2.0
68108,nc73506395,36.6201667,-121.231,2021-01-03 04:33:15.280,2.5,2.0
68109,nc73506410,36.6005,-121.2076667,2021-01-03 05:21:59.970,3.4000000000000004,2.0
68112,nc73506425,36.6126667,-121.219,2021-01-03 06:05:32.870,2.6,2.0
68114,nc73506440,36.6218333,-121.2305,2021-01-03 06:45:00.060,2.1,2.0
68120,nc73506480,36.4388333,-121.0125,2021-01-03 08:33:21.930,2.0,2.0
68121,nc73506495,36.6188333,-121.2321667,2021-01-03 09:16:50.450,2.6,2.0
68139,nc73506705,36.6063333,-121.2091667,2021-01-04 00:38:30.810,2.2,2.0
68145,nc73506805,36.6198333,-121.2283333,2021-01-04 07:17:53.190,2.2,2.0
68154,nc73506885,36.6191667,-121.2273333,2021-01-04 13:07:47.410,2.2,2.0
68199,ci39511303,33.9838333,-116.6738333,2021-01-05 08:21:44.950,2.4000000000000004,2.0
68201,nc73507165,36.6221667,-121.2338333,2021-01-05 10:15:42.830,2.8000000000000003,2.0
68254,ci39750584,34.246,-117.064,2021-01-07 07:58:26.430,2.2,2.0
68284,ci39751616,34.228,-117.4523333,2021-01-08 17:08:44.710,2.1,2.0
68286,nc73508240,36.6415,-121.2568333,2021-01-08 17:41:11.900,2.1,2.0
68323,ci39752456,34.0186667,-117.2076667,2021-01-09 19:40:57.960,2.4000000000000004,2.0
68327,nc73508780,36.6196667,-121.2283333,2021-01-09 22:41:51.810,2.5,2.0
68379,nc73509315,36.5485,-121.1355,2021-01-11 01:48:46.500,2.1,2.0
68411,ci39754240,34.0496667,-117.0955,2021-01-12 00:27:43.390,2.0,2.0
68442,nc73510370,36.7693333,-121.4776667,2021-01-13 08:26:31.150,2.8000000000000003,2.0
68455,nc73510580,36.4598333,-121.0378333,2021-01-13 20:53:31.320,2.0,2.0
68494,ci39757832,34.0915,-116.8521667,2021-01-15 06:05:48.010,2.0,2.0
68607,ci39759224,33.7996667,-116.0676667,2021-01-16 22:29:01.660,2.3000000000000003,2.0
68629,nc73512355,36.8673333,-121.6105,2021-01-17 04:01:27.110,4.2,2.0
68631,nc73512360,36.8788333,-121.6163333,2021-01-17 04:04:36.270,2.0,2.0
68632,nc73512365,36.8658333,-121.6086667,2021-01-17 04:06:03.950,3.0,2.0
68633,nc73512375,36.8615,-121.6066667,2021-01-17 04:14:10.910,2.0,2.0
68688,nc73512880,37.3636667,-122.1376667,2021-01-18 09:01:37.610,2.2,2.0
68723,nc73513315,37.773,-122.5631667,2021-01-19 13:22:05.310,2.3000000000000003,2.0
68725,nc73513350,36.6741667,-121.09,2021-01-19 15:14:13.270,2.2,2.0
68767,nc73513990,37.7543333,-122.5623333,2021-01-20 22:31:43.380,2.0,2.0
68768,nc73514015,36.9576667,-121.5801667,2021-01-20 23:36:16.740,2.1,2.0
68776,nc73514050,36.6228333,-121.2311667,2021-01-21 00:52:26.060,2.2,2.0
68931,ci39767952,34.2473333,-117.7933333,2021-01-25 17:35:27.850,2.2,2.0
69007,nc73517195,36.6568333,-121.2716667,2021-01-27 11:33:05.300,2.1,2.0
69058,nc73517865,36.6025,-121.215,2021-01-29 10:05:27.420,2.2,2.0
69073,nc73518130,35.9258333,-120.4763333,2021-01-29 17:32:06.810,2.0,2.0
69130,nc73518915,36.0991667,-120.6626667,2021-01-31 16:31:33.960,2.0,2.0
69194,nc73519570,36.406,-120.9875,2021-02-02 06:57:13.300,2.2,2.0
69230,nc73517771,36.6381667,-121.2511667,2021-02-03 04:37:41.080,2.4000000000000004,2.0
69263,nc73518151,36.0233333,-120.6051667,2021-02-04 03:10:39.680,2.4000000000000004,2.0
69276,nc73518456,37.2401667,-122.151,2021-02-04 20:41:53.210,2.2,2.0
69299,nc73518801,36.4655,-121.0438333,2021-02-05 13:03:56.790,2.4000000000000004,2.0
69321,nc73519216,36.7156667,-121.361,2021-02-06 08:00:08.580,2.2,2.0
69335,nc73519516,36.0066667,-120.5775,2021-02-06 23:04:52.700,2.6,2.0
69346,ci39543703,33.9191667,-116.738,2021-02-07 10:23:35.970,2.1,2.0
69385,ci39544823,33.6811667,-116.0183333,2021-02-08 12:05:50.610,2.0,2.0
69389,nc73520286,36.5508333,-121.084,2021-02-08 13:54:35.530,2.2,2.0
69422,nc73520601,36.6216667,-121.2301667,2021-02-09 07:04:44.060,2.1,2.0
69546,nc73522106,36.5748333,-121.1731667,2021-02-12 17:07:13.500,3.0,2.0
69547,nc73522111,36.5755,-121.1771667,2021-02-12 17:09:30.950,2.1,2.0
69589,ci39551679,35.0385,-119.1518333,2021-02-14 05:05:27.390,2.1,2.0
69595,ci39551791,34.1495,-116.724,2021-02-14 10:05:54.350,2.0,2.0
69614,ci39552207,34.1625,-117.473,2021-02-15 00:50:43.640,2.1,2.0
69684,nc73524311,35.8336667,-120.5561667,2021-02-17 14:36:32.140,2.7,2.0
69780,nc73525576,40.2376667,-124.1883333,2021-02-20 21:08:04.780,2.4000000000000004,2.0
69805,nc73526011,36.7998333,-121.314,2021-02-21 15:34:40.050,2.0,2.0
69818,ci39797144,33.9976667,-116.8083333,2021-02-22 00:28:10.410,3.2,2.0
69822,nc73526151,37.0456667,-121.4781667,2021-02-22 01:38:13.840,3.8000000000000003,2.0
69836,nc73526376,36.6775,-121.3013333,2021-02-22 12:43:41.960,2.0,2.0
69848,nc73526566,35.987,-120.5388333,2021-02-22 22:01:13.710,2.0,2.0
69880,nc73526911,36.4348333,-121.0083333,2021-02-23 22:53:44.540,2.1,2.0
69925,nc73527446,36.5451667,-121.1366667,2021-02-25 00:08:48.510,2.2,2.0
69936,nc73527601,36.7086667,-121.3466667,2021-02-25 08:11:51.610,2.9000000000000004,2.0
69956,ci39801904,34.022,-116.7306667,2021-02-25 21:49:48.030,2.1,2.0
69979,nc73528376,36.4965,-121.076,2021-02-26 11:54:57.860,2.5,2.0
70048,nc73529346,36.9543333,-121.631,2021-02-28 16:31:38.730,2.4000000000000004,2.0
70071,ci39805264,34.1803333,-117.559,2021-03-01 06:17:09.090,2.9000000000000004,2.0
70072,nc73529611,36.7005,-121.3745,2021-03-01 06:26:51.890,2.1,2.0
70074,nc73529631,36.5886667,-121.0858333,2021-03-01 07:13:45.960,2.5,2.0
70076,nc73529681,36.202,-120.7961667,2021-03-01 09:24:05.580,2.0,2.0
70108,nc73530176,36.5726667,-121.116,2021-03-02 02:33:03.050,2.2,2.0
70110,nc71122834,36.7158333,-121.3476667,2021-03-02 03:32:40.240,2.5,2.0
70111,us7000derz,36.6944,-121.3845,2021-03-02 03:32:40.461,2.1,2.0
70114,nc73530226,36.7028333,-121.3721667,2021-03-02 04:27:54.630,2.2,2.0
70125,ci39807144,34.4611667,-117.9656667,2021-03-02 17:44:30.500,2.6,2.0
70131,ci39807424,33.892,-116.327,2021-03-02 23:02:14.610,2.1,2.0
70177,ci39808872,33.7568333,-116.1133333,2021-03-04 13:42:42.950,2.0,2.0
70222,ci39573215,34.2905,-117.0763333,2021-03-06 03:01:37.380,2.1,2.0
70223,ci39573271,34.0113333,-117.2058333,2021-03-06 04:45:00.470,2.0,2.0
70235,ci39573831,34.1058333,-117.3175,2021-03-06 19:22:07.080,2.0,2.0
70249,nc73532411,36.8395,-121.36,2021-03-07 12:05:48.460,2.0,2.0
70278,nc73532961,36.6183333,-121.2218333,2021-03-08 20:41:07.700,2.2,2.0
70296,ci39575567,34.0306667,-116.8608333,2021-03-09 12:42:47.680,2.4000000000000004,2.0
70328,nc73533576,36.4691667,-121.0476667,2021-03-10 22:12:30.090,2.1,2.0
70352,nc73534031,36.5668333,-121.1578333,2021-03-12 01:24:34.210,2.2,2.0
70367,ci39578047,34.1098333,-117.3173333,2021-03-12 14:23:57.610,2.5,2.0
70383,nc73534526,36.5898333,-121.1898333,2021-03-13 03:22:18.730,2.5,2.0
70384,nc73534536,36.5886667,-121.1876667,2021-03-13 03:56:22.980,2.4000000000000004,2.0
70386,ci39578967,34.294,-117.0558333,2021-03-13 04:52:42.300,2.0,2.0
70423,nc73535286,36.5658333,-121.1495,2021-03-15 07:14:47.320,2.6,2.0
70424,nc73535291,36.5625,-121.148,2021-03-15 07:14:51.820,2.4000000000000004,2.0
70432,ci39581063,34.81,-118.9326667,2021-03-15 22:38:21.670,2.3000000000000003,2.0
70484,nc73538540,36.794,-121.5261667,2021-03-17 18:24:57.360,2.3000000000000003,2.0
70498,nc73538735,36.5613333,-121.1456667,2021-03-18 07:18:55.060,2.2,2.0
70505,nc73538955,36.6045,-121.2086667,2021-03-18 18:56:45.650,3.4000000000000004,2.0
70507,nc73538990,36.6,-121.2016667,2021-03-18 19:48:24.840,2.5,2.0
70597,ci39586591,34.0441667,-117.2516667,2021-03-21 19:04:50.930,2.6,2.0
70609,nc73540470,36.999,-121.4641667,2021-03-22 06:09:50.980,2.3000000000000003,2.0
70610,nc73540490,36.5683333,-121.1583333,2021-03-22 07:09:22.220,2.0,2.0
70611,nc73540500,37.0003333,-121.46,2021-03-22 07:55:30.120,2.0,2.0
70612,nc73540510,36.0053333,-120.5725,2021-03-22 08:10:28.740,2.3000000000000003,2.0
70613,nc73540520,36.9993333,-121.4586667,2021-03-22 08:16:00.310,2.1,2.0
70631,nc73538636,35.9715,-120.5233333,2021-03-22 23:55:15.040,2.7,2.0
70641,nc73538856,35.9711667,-120.5238333,2021-03-23 12:51:35.290,2.0,2.0
70675,ci39589335,34.0063333,-117.1996667,2021-03-24 20:44:10.800,2.0,2.0
70680,nc73539551,37.0035,-121.4615,2021-03-24 23:07:08.590,3.2,2.0
70681,nc73539561,36.8706667,-121.3035,2021-03-24 23:29:46.680,2.8000000000000003,2.0
70745,nc73540541,36.6195,-121.224,2021-03-27 08:49:36.720,2.6,2.0
70772,ci39592911,33.7866667,-116.051,2021-03-28 12:25:57.870,2.0,2.0
70803,nc73541616,36.3738333,-120.9658333,2021-03-30 06:25:52.440,2.1,2.0
70874,nc73544470,36.797,-121.5231667,2021-03-31 13:44:03.800,3.3000000000000003,2.0
70902,nc73544625,36.7925,-121.5258333,2021-04-01 01:14:41.540,2.5,2.0
70939,nc73544980,36.0543333,-120.6173333,2021-04-02 04:54:30.430,2.3000000000000003,2.0
70949,nc73545050,36.619,-121.2231667,2021-04-02 09:34:44.710,2.4000000000000004,2.0
70953,ci39835864,34.3076667,-117.1918333,2021-04-02 11:54:04.160,2.2,2.0
70966,nc73545210,36.7968333,-121.527,2021-04-03 07:17:26.030,2.8000000000000003,2.0
70981,nc73545355,36.7985,-121.535,2021-04-03 23:12:06.320,2.2,2.0
71006,ci39838568,33.9661667,-116.978,2021-04-04 21:14:44.870,3.3000000000000003,2.0
71019,ci39838832,34.9725,-119.1171667,2021-04-05 07:19:42.700,2.0,2.0
71028,nc73545745,36.7963333,-121.5186667,2021-04-05 11:16:08.690,2.1,2.0
71077,nc73545815,36.6048333,-121.2081667,2021-04-05 18:14:44.720,2.1,2.0
71082,nc73545840,36.5611667,-121.15,2021-04-05 20:34:08.510,2.0,2.0
71086,nc73545850,36.6045,-121.2031667,2021-04-05 22:30:47.340,2.0,2.0
71116,nc73546090,36.483,-121.0555,2021-04-06 22:39:33.220,2.0,2.0
71125,ci39841544,33.9231667,-116.715,2021-04-07 06:46:07.980,2.0,2.0
71156,nc73546595,36.5513333,-121.1396667,2021-04-08 01:03:00.310,2.3000000000000003,2.0
71170,ci39843064,34.1673333,-117.3453333,2021-04-08 05:48:10.810,2.1,2.0
71171,ci39843072,34.1691667,-117.3475,2021-04-08 05:48:26.060,2.0,2.0
71205,ci39844112,33.9323333,-116.7873333,2021-04-09 00:33:47.080,3.1,2.0
71206,nc73546990,40.2363333,-124.161,2021-04-09 00:39:31.190,2.5,2.0
71243,ci39845512,34.1475,-116.4451667,2021-04-10 03:57:58.440,3.0,2.0
71294,nc73548485,37.6263333,-122.5145,2021-04-12 03:47:05.020,2.1,2.0
71314,nc73548860,36.5725,-121.125,2021-04-13 06:19:41.080,2.1,2.0
71331,ci39849144,33.8063333,-116.0878333,2021-04-13 21:35:03.940,3.5,2.0
71332,ci39849168,33.8078333,-116.0885,2021-04-13 22:05:32.100,2.6,2.0
71333,nc73549060,36.5958333,-121.1973333,2021-04-13 22:11:45.580,2.1,2.0
71349,nc73549260,36.8608333,-121.5921667,2021-04-14 12:35:39.130,2.1,2.0
71351,nc73549305,36.8631667,-121.5938333,2021-04-14 15:52:50.820,2.4000000000000004,2.0
71429,nc73550705,36.7735,-121.4866667,2021-04-17 18:33:59.630,2.3000000000000003,2.0
71449,nc73551030,36.9223333,-121.573,2021-04-18 16:42:25.880,2.2,2.0
71465,nc73551490,37.6608333,-122.519,2021-04-19 14:54:33.290,2.3000000000000003,2.0
71482,nc73551840,36.5851667,-121.158,2021-04-20 02:18:11.770,2.2,2.0
71490,ci39857008,34.045,-117.21,2021-04-20 07:03:37.550,2.7,2.0
71512,nc73552510,36.8303333,-121.566,2021-04-21 03:55:27.800,3.0,2.0
71614,nc73553895,36.2805,-120.8643333,2021-04-24 15:54:42.640,2.5,2.0
71615,nc73553920,36.7705,-121.4913333,2021-04-24 17:57:56.250,2.3000000000000003,2.0
71616,nc73553930,36.7716667,-121.4945,2021-04-24 18:02:11.700,2.8000000000000003,2.0
71631,ci39628175,33.8053333,-116.0778333,2021-04-25 05:31:58.580,2.5,2.0
71634,ci39628191,33.8028333,-116.0806667,2021-04-25 06:17:52.480,2.5,2.0
71659,ci39628951,34.2275,-117.0763333,2021-04-26 02:25:20.490,2.1,2.0
71704,nc73555250,36.6271667,-121.2731667,2021-04-27 12:45:08.710,2.1,2.0
71710,ci39631447,33.8041667,-116.0793333,2021-04-27 16:49:57.270,2.0,2.0
71711,nc73555290,35.9741667,-120.5278333,2021-04-27 17:47:22.280,2.8000000000000003,2.0
71763,nc73555840,36.8273333,-121.4095,2021-04-29 01:41:01.990,2.0,2.0
71784,ci39635871,34.1205,-117.475,2021-04-30 01:48:09.570,2.0,2.0
71786,nc73556330,36.5873333,-121.189,2021-04-30 03:00:55.410,2.5,2.0
71798,nc73556430,36.8808333,-121.4028333,2021-04-30 09:46:28.240,2.0,2.0
71812,ci39637183,34.0446667,-117.0455,2021-04-30 21:35:43.520,2.6,2.0
71815,nc73556650,36.2361667,-120.8061667,2021-04-30 23:41:32.300,2.1,2.0
71816,nc73556655,36.6241667,-121.228,2021-04-30 23:53:56.490,2.4000000000000004,2.0
71821,nc73556795,36.4061667,-120.988,2021-05-01 08:04:26.290,2.2,2.0
71914,nc73557915,36.6471667,-121.2601667,2021-05-04 05:04:45.760,2.3000000000000003,2.0
71915,nc73557920,36.6468333,-121.2578333,2021-05-04 05:05:33.140,2.1,2.0
71980,ci39642223,34.0363333,-116.6355,2021-05-05 22:14:56.980,2.8000000000000003,2.0
71998,nc73558920,36.122,-120.698,2021-05-06 14:20:17.200,2.0,2.0
72011,nc73559085,36.6536667,-121.2793333,2021-05-06 20:13:37.870,2.2,2.0
72016,ci39643535,34.2786667,-117.5025,2021-05-06 23:00:41.670,2.0,2.0
72034,nc73559310,36.1218333,-120.699,2021-05-07 07:27:01.830,2.5,2.0
72093,nc73560070,37.7826667,-122.6778333,2021-05-09 04:06:26.910,2.3000000000000003,2.0
72101,ci39645767,34.0265,-117.2335,2021-05-09 09:09:33.800,3.0,2.0
72162,ci39647855,34.0258333,-117.2291667,2021-05-11 11:48:11.270,2.1,2.0
72188,ci39649319,34.6193333,-118.6443333,2021-05-12 08:07:27.700,2.1,2.0
72195,nc73561605,36.7141667,-121.3578333,2021-05-12 11:41:39.070,2.0,2.0
72222,ci39651111,34.1568333,-117.432,2021-05-13 12:33:57.400,2.0,2.0
72237,ci39652375,34.01,-116.8535,2021-05-14 02:33:53.080,2.1,2.0
72296,nc73563250,40.1193333,-123.923,2021-05-16 13:26:28.980,2.9000000000000004,2.0
72311,nc73563565,40.1201667,-123.9213333,2021-05-17 06:36:10.320,2.8000000000000003,2.0
72378,nc73564445,36.5695,-121.1356667,2021-05-19 02:31:08.780,2.0,2.0
72434,nc73565220,36.031,-120.8205,2021-05-21 06:03:31.060,2.1,2.0
72443,nc73565390,36.8311667,-121.5703333,2021-05-21 19:54:05.060,2.0,2.0
72458,nc73565600,35.9748333,-120.5273333,2021-05-22 06:01:19.520,2.0,2.0
72540,ci39902872,33.8726667,-116.6871667,2021-05-24 22:54:22.010,2.0,2.0
72565,nc73565141,36.9653333,-121.609,2021-05-25 18:55:57.180,2.4000000000000004,2.0
72621,ci39906600,34.151,-116.4461667,2021-05-27 17:16:57.690,2.2,2.0
72653,nc73566641,36.668,-121.2916667,2021-05-28 12:48:51.890,3.0,2.0
72656,ci39908008,34.1491667,-116.4451667,2021-05-28 13:12:01.220,2.3000000000000003,2.0
72714,ci39909976,34.462,-117.9598333,2021-05-30 03:56:01.940,2.2,2.0
72719,nc73567536,37.6761667,-122.508,2021-05-30 09:23:05.910,2.2,2.0
72720,nc73567541,36.5948333,-121.1988333,2021-05-30 09:58:05.550,2.1,2.0
72728,nc73567726,36.1876667,-120.7605,2021-05-30 21:10:06.920,2.0,2.0
72751,ci39911456,34.149,-116.4431667,2021-05-31 15:04:37.470,2.3000000000000003,2.0
72754,nc73568101,36.6763333,-121.3066667,2021-05-31 15:45:42.920,2.0,2.0
72826,nc73569196,36.5501667,-121.1141667,2021-06-03 04:34:42.450,3.6,2.0
72843,ci39915912,33.9921667,-117.0828333,2021-06-03 15:52:48.420,2.1,2.0
72859,ci39916960,33.9016667,-116.1048333,2021-06-04 12:18:09.310,2.5,2.0
73275,ci39922152,33.1826667,-115.641,2021-06-06 01:52:32.010,2.1,2.0
73276,ci37510821,33.1835,-115.6501667,2021-06-06 01:52:35.430,2.2,2.0
73279,ci39922184,33.1866667,-115.6401667,2021-06-06 02:02:21.480,2.0,2.0
73282,ci39922216,33.1838333,-115.6418333,2021-06-06 02:07:34.560,2.8000000000000003,2.0
73283,ci39922232,33.1905,-115.6393333,2021-06-06 02:11:07.700,2.4000000000000004,2.0
73285,ci39922248,33.1835,-115.643,2021-06-06 02:12:37.640,2.0,2.0
73294,ci39922368,33.1841667,-115.6383333,2021-06-06 02:58:54.060,2.5,2.0
73299,ci39922424,33.1896667,-115.6428333,2021-06-06 03:14:19.940,2.7,2.0
73322,ci39922688,33.184,-115.6373333,2021-06-06 04:24:37.980,2.1,2.0
73335,ci39922792,33.1835,-115.642,2021-06-06 04:49:59.960,2.6,2.0
73336,ci39922800,33.1946667,-115.638,2021-06-06 04:51:42.570,2.0,2.0
73337,ci37511893,33.2286667,-115.6748333,2021-06-06 04:52:07.550,2.1,2.0
73341,ci39922832,33.192,-115.6386667,2021-06-06 04:55:47.200,2.2,2.0
73342,ci39922840,33.1826667,-115.6448333,2021-06-06 04:56:02.330,2.5,2.0
73345,ci37328588,33.2473333,-115.6576667,2021-06-06 04:59:19.810,2.0,2.0
73347,ci39922880,33.1893333,-115.6388333,2021-06-06 05:02:27.170,2.3000000000000003,2.0
73380,ci39923120,33.1831667,-115.6403333,2021-06-06 05:51:15.620,2.3000000000000003,2.0
73390,ci39923240,33.1816667,-115.6431667,2021-06-06 06:26:29.150,2.5,2.0
73397,ci39923304,33.1846667,-115.638,2021-06-06 06:33:56.690,2.4000000000000004,2.0
73449,ci39923824,33.1886667,-115.6418333,2021-06-06 08:05:17.410,2.0,2.0
73450,ci39923832,33.1855,-115.6395,2021-06-06 08:05:36.600,3.8000000000000003,2.0
73451,ci39923840,33.1861667,-115.6373333,2021-06-06 08:08:02.540,2.3000000000000003,2.0
73452,ci39923848,33.1853333,-115.6431667,2021-06-06 08:08:12.960,2.5,2.0
73453,ci39923856,33.1881667,-115.639,2021-06-06 08:10:20.840,2.0,2.0
73464,ci37513157,33.1855,-115.6475,2021-06-06 08:18:10.760,2.0,2.0
73490,ci39924136,33.1938333,-115.639,2021-06-06 08:55:40.190,2.2,2.0
73491,ci37513501,33.1853333,-115.6625,2021-06-06 08:55:48.760,2.2,2.0
73496,ci39924160,33.1876667,-115.6401667,2021-06-06 09:01:09.200,2.3000000000000003,2.0
73497,ci39924168,33.1925,-115.6353333,2021-06-06 09:01:29.610,2.4000000000000004,2.0
73504,ci39924216,33.1828333,-115.6403333,2021-06-06 09:11:07.210,2.0,2.0
73531,ci39924672,33.1841667,-115.6445,2021-06-06 10:34:27.080,2.0,2.0
73540,ci39924752,33.1858333,-115.641,2021-06-06 11:03:14.790,2.9000000000000004,2.0
73541,ci39924760,33.1865,-115.6363333,2021-06-06 11:03:20.960,3.1,2.0
73542,ci37349084,33.197,-115.64,2021-06-06 11:04:37.290,2.0,2.0
73543,ci39924776,33.185,-115.6413333,2021-06-06 11:05:03.570,2.6,2.0
73544,ci37446364,33.2581667,-115.6721667,2021-06-06 11:05:16.320,2.3000000000000003,2.0
73545,ci39924784,33.1985,-115.6406667,2021-06-06 11:06:34.310,2.2,2.0
73547,ci39924792,33.1881667,-115.6416667,2021-06-06 11:08:13.250,2.3000000000000003,2.0
73552,ci39924864,33.19,-115.6413333,2021-06-06 11:19:09.500,2.4000000000000004,2.0
73557,ci39924944,33.1828333,-115.6405,2021-06-06 11:35:47.630,2.4000000000000004,2.0
73584,ci37349172,33.2075,-115.642,2021-06-06 13:33:20.800,2.4000000000000004,2.0
73589,ci39925328,33.197,-115.6406667,2021-06-06 13:49:31.440,2.2,2.0
73590,ci39925336,33.1941667,-115.6416667,2021-06-06 13:50:03.750,2.2,2.0
73591,ci37476901,33.1976667,-115.638,2021-06-06 13:50:12.620,2.3000000000000003,2.0
73638,ci39926336,33.1846667,-115.6408333,2021-06-06 19:09:55.910,2.1,2.0
73645,ci39926568,35.0176667,-119.1485,2021-06-06 21:07:01.750,2.2,2.0
73694,ci39927928,33.1865,-115.6415,2021-06-07 14:43:13.400,2.6,2.0
73695,ci37501341,33.1958333,-115.6416667,2021-06-07 14:44:42.700,2.0,2.0
73696,ci39927936,33.1928333,-115.6405,2021-06-07 14:44:47.490,2.3000000000000003,2.0
73697,ci39927944,33.2053333,-115.6378333,2021-06-07 14:45:13.160,2.4000000000000004,2.0
73698,ci37328020,33.1916667,-115.6401667,2021-06-07 14:45:21.020,2.8000000000000003,2.0
73699,ci39927952,33.1843333,-115.6373333,2021-06-07 14:45:22.420,3.5,2.0
73700,ci39927960,33.191,-115.6375,2021-06-07 14:47:44.620,2.2,2.0
73701,ci39927968,33.1878333,-115.6365,2021-06-07 14:48:24.340,2.2,2.0
73715,ci39928104,33.1905,-115.6378333,2021-06-07 15:18:12.560,2.0,2.0
73719,ci39928136,33.1988333,-115.6333333,2021-06-07 15:32:08.560,2.0,2.0
73723,ci39928240,33.1838333,-115.6406667,2021-06-07 16:35:21.890,2.4000000000000004,2.0
73774,ci39928808,33.1841667,-115.639,2021-06-07 21:37:28.640,2.3000000000000003,2.0
73794,ci39929032,33.1825,-115.6426667,2021-06-07 22:41:38.000,2.6,2.0
73806,ci39929256,33.184,-115.6398333,2021-06-08 01:35:38.210,2.1,2.0
73829,nc73571716,36.9675,-121.6188333,2021-06-08 22:03:16.650,2.5,2.0
73836,ci39930504,33.1906667,-115.6381667,2021-06-09 00:39:35.530,2.0,2.0
73840,nc73571806,36.638,-121.1156667,2021-06-09 01:31:30.200,2.4000000000000004,2.0
73861,ci39931608,33.2095,-115.6473333,2021-06-09 17:42:37.580,2.2,2.0
73874,nc73572136,36.5373333,-121.1218333,2021-06-10 01:38:19.100,2.5,2.0
73913,nc73572616,36.5466667,-121.1233333,2021-06-11 03:02:52.140,2.0,2.0
73932,nc73572721,36.5566667,-121.1523333,2021-06-11 10:39:53.510,2.1,2.0
73933,nc73572726,36.9255,-121.6631667,2021-06-11 10:45:53.300,3.3000000000000003,2.0
73934,nc73572741,36.9251667,-121.6583333,2021-06-11 11:23:34.150,2.3000000000000003,2.0
73944,nc73572846,36.6215,-121.2256667,2021-06-11 19:13:32.450,2.1,2.0
73951,nc73573026,36.8415,-121.3045,2021-06-12 03:48:31.750,2.2,2.0
73959,ci39936064,33.2088333,-115.639,2021-06-12 04:20:40.120,2.0,2.0
73960,ci39936072,33.2065,-115.6403333,2021-06-12 04:20:46.950,2.4000000000000004,2.0
73961,ci39936096,33.2068333,-115.641,2021-06-12 04:22:23.600,2.7,2.0
73962,ci39936104,33.2085,-115.6396667,2021-06-12 04:24:01.320,2.4000000000000004,2.0
73963,ci37516357,33.213,-115.6358333,2021-06-12 04:24:40.280,2.0,2.0
73966,ci39936128,33.2081667,-115.6498333,2021-06-12 04:27:34.880,3.9000000000000004,2.0
73967,ci39936136,33.2068333,-115.6465,2021-06-12 04:30:28.490,3.9000000000000004,2.0
73968,ci39936144,33.2026667,-115.6435,2021-06-12 04:31:32.730,2.6,2.0
73969,ci37332452,33.2138333,-115.6448333,2021-06-12 04:32:09.390,2.3000000000000003,2.0
73970,ci39936152,33.2131667,-115.6381667,2021-06-12 04:32:32.150,2.6,2.0
73971,ci39936160,33.2103333,-115.6435,2021-06-12 04:32:54.230,2.4000000000000004,2.0
73974,ci39936176,33.2023333,-115.649,2021-06-12 04:36:44.850,3.0,2.0
73976,ci39936184,33.2165,-115.6468333,2021-06-12 04:38:00.820,2.8000000000000003,2.0
73977,ci37347052,33.2108333,-115.6415,2021-06-12 04:38:19.760,2.9000000000000004,2.0
73978,ci39936192,33.2066667,-115.647,2021-06-12 04:39:46.510,4.3,2.0
73979,ci39936208,33.2033333,-115.652,2021-06-12 04:40:23.030,3.8000000000000003,2.0
73980,ci39936216,33.2033333,-115.6575,2021-06-12 04:41:20.120,3.0,2.0
73981,ci39936232,33.1956667,-115.6543333,2021-06-12 04:41:37.860,3.6,2.0
73982,ew1623472898,33.2354,-115.6436,2021-06-12 04:41:38.511,4.1000000000000005,2.0
73983,ci39936240,33.2058333,-115.64,2021-06-12 04:44:21.700,2.3000000000000003,2.0
73984,ci39936248,33.2055,-115.6538333,2021-06-12 04:44:34.410,2.4000000000000004,2.0
73985,ci39936256,33.2051667,-115.6505,2021-06-12 04:47:14.400,2.2,2.0
73986,ci39936264,33.2028333,-115.6443333,2021-06-12 04:47:46.020,2.4000000000000004,2.0
73988,ci39936280,33.2003333,-115.6555,2021-06-12 04:48:44.560,3.4000000000000004,2.0
73990,ci39936288,33.206,-115.656,2021-06-12 04:49:38.280,4.1000000000000005,2.0
73991,ci39936304,33.2001667,-115.6478333,2021-06-12 04:51:41.020,2.5,2.0
73992,ci39936312,33.2083333,-115.6496667,2021-06-12 04:51:52.110,2.6,2.0
73993,ci37476581,33.2181667,-115.6803333,2021-06-12 04:52:06.230,2.9000000000000004,2.0
73994,ci39936320,33.1986667,-115.6333333,2021-06-12 04:53:50.730,2.0,2.0
73995,ci39936328,33.1961667,-115.6496667,2021-06-12 04:54:12.150,2.9000000000000004,2.0
73996,ci39936336,33.2148333,-115.6498333,2021-06-12 04:54:37.060,2.6,2.0
73997,ci39936344,33.2051667,-115.6426667,2021-06-12 04:55:47.010,2.5,2.0
73998,ci37476589,33.202,-115.6513333,2021-06-12 04:56:11.250,2.2,2.0
73999,ci37476597,33.2215,-115.6316667,2021-06-12 04:56:21.680,2.0,2.0
74005,ci39936376,33.2036667,-115.6451667,2021-06-12 04:59:46.900,2.3000000000000003,2.0
74006,ci37347020,33.2115,-115.628,2021-06-12 05:00:07.830,2.2,2.0
74007,ci39936384,33.2081667,-115.6461667,2021-06-12 05:00:29.710,2.5,2.0
74008,ci39936392,33.1968333,-115.6588333,2021-06-12 05:01:11.770,2.9000000000000004,2.0
74012,ci39936432,33.2045,-115.6541667,2021-06-12 05:11:16.510,2.0,2.0
74015,ci39936464,33.2115,-115.6473333,2021-06-12 05:14:44.510,2.3000000000000003,2.0
74016,ci39936472,33.2416667,-115.6351667,2021-06-12 05:15:32.010,2.3000000000000003,2.0
74022,ci39936520,33.2148333,-115.6461667,2021-06-12 05:20:20.890,2.1,2.0
74025,ci39936568,33.2051667,-115.651,2021-06-12 05:29:00.770,2.0,2.0
74026,ci39936560,33.1986667,-115.654,2021-06-12 05:29:03.220,2.8000000000000003,2.0
74033,ci39936648,33.205,-115.6605,2021-06-12 05:55:20.790,3.8000000000000003,2.0
74043,ci39936768,33.2205,-115.647,2021-06-12 06:42:11.950,2.1,2.0
74046,ci39936816,33.2013333,-115.6551667,2021-06-12 06:56:24.350,2.0,2.0
74047,ci39936824,33.2115,-115.6495,2021-06-12 06:57:28.190,2.1,2.0
74060,ci39937032,33.2028333,-115.6401667,2021-06-12 08:25:07.770,3.0,2.0
74066,ci39937216,33.2051667,-115.6543333,2021-06-12 10:58:47.200,2.2,2.0
74072,ci39937456,33.1908333,-115.6453333,2021-06-12 14:04:20.530,2.7,2.0
74073,ci39937464,33.1901667,-115.6418333,2021-06-12 14:05:50.140,2.4000000000000004,2.0
74076,ci39937512,33.1926667,-115.6436667,2021-06-12 14:16:39.500,2.9000000000000004,2.0
74081,ci39937552,33.1926667,-115.6416667,2021-06-12 14:26:42.270,2.5,2.0
74083,ci39937568,33.1905,-115.642,2021-06-12 14:29:01.230,2.5,2.0
74086,ci39937584,33.189,-115.6388333,2021-06-12 14:32:50.830,2.3000000000000003,2.0
74087,ci37476645,33.1983333,-115.6353333,2021-06-12 14:33:11.620,2.0,2.0
74088,ci39937592,33.1938333,-115.637,2021-06-12 14:33:15.080,2.3000000000000003,2.0
74097,ci39937712,33.1861667,-115.6401667,2021-06-12 15:25:41.030,2.1,2.0
74098,ci39937720,33.1906667,-115.6383333,2021-06-12 15:30:31.720,2.3000000000000003,2.0
74099,ci39937728,33.1895,-115.6425,2021-06-12 15:31:11.080,2.4000000000000004,2.0
74104,nc73573326,36.429,-120.9676667,2021-06-12 17:16:16.370,2.5,2.0
74117,ci39938112,33.2111667,-115.6463333,2021-06-12 21:46:13.300,2.0,2.0
74118,ci37439812,33.2138333,-115.6448333,2021-06-12 21:46:47.550,2.1,2.0
74128,nc73573506,35.9723333,-120.536,2021-06-13 01:12:42.700,2.4000000000000004,2.0
74131,ci39702743,33.2151667,-115.6345,2021-06-13 01:48:18.570,2.0,2.0
74203,nc73577055,36.5528333,-121.147,2021-06-15 06:16:23.230,2.0,2.0
74210,ci39706783,34.0101667,-116.9923333,2021-06-15 07:46:12.710,2.0,2.0
74219,nc73577205,36.6068333,-121.2176667,2021-06-15 14:56:26.910,2.0,2.0
74231,nc73577390,36.6741667,-121.2823333,2021-06-15 23:07:59.850,3.0,2.0
74239,nc73577565,36.8235,-121.5613333,2021-06-16 07:48:39.260,2.6,2.0
74302,nc73578685,36.5716667,-121.161,2021-06-18 17:40:09.800,2.9000000000000004,2.0
74349,nc73579330,36.9398333,-121.4361667,2021-06-20 13:49:19.720,2.1,2.0
74373,ci39714703,34.1868333,-117.372,2021-06-21 20:36:18.610,2.2,2.0
74384,ci39714991,34.0246667,-117.1413333,2021-06-22 07:49:57.950,2.3000000000000003,2.0
74393,nc73578241,36.5596667,-121.1186667,2021-06-22 20:30:38.530,2.1,2.0
74401,nc73578411,36.5816667,-121.1725,2021-06-23 07:02:28.500,2.1,2.0
74411,nc73578501,37.4078333,-122.2116667,2021-06-23 14:45:50.560,2.0,2.0
74414,nc73578611,36.3016667,-120.8808333,2021-06-23 18:47:22.740,2.2,2.0
74415,ci39716639,34.1468333,-116.4441667,2021-06-23 20:06:07.180,3.6,2.0
74435,nc73578876,40.0735,-124.0106667,2021-06-24 12:03:27.350,2.2,2.0
74448,nc73579151,36.5745,-121.1708333,2021-06-24 22:40:08.320,2.6,2.0
74449,ci39718135,34.36,-117.612,2021-06-24 23:11:56.640,2.8000000000000003,2.0
74463,nc73579481,36.5743333,-121.1683333,2021-06-25 17:57:52.790,2.2,2.0
74472,nc73579636,36.7033333,-121.34,2021-06-26 01:29:14.840,2.1,2.0
74502,nc73580231,36.4648333,-121.0368333,2021-06-27 23:45:56.030,2.8000000000000003,2.0
74521,nc73580571,36.5368333,-121.1206667,2021-06-28 21:40:05.060,2.2,2.0
74563,nc73581376,35.9351667,-120.4871667,2021-06-30 14:33:38.840,2.3000000000000003,2.0
74579,nc73581631,36.5886667,-121.1841667,2021-07-01 03:35:59.490,2.6,2.0
74580,nc73581636,36.5893333,-121.1863333,2021-07-01 03:39:04.390,2.2,2.0
74581,nc73581641,36.589,-121.1828333,2021-07-01 03:53:12.270,2.8000000000000003,2.0
74619,ci39727503,34.1303333,-117.4846667,2021-07-02 22:25:39.950,2.2,2.0
74627,nc73582466,35.952,-120.5,2021-07-03 06:36:18.090,3.1,2.0
74628,ci39727887,34.1333333,-117.48,2021-07-03 08:22:25.550,3.4000000000000004,2.0
74630,ci39727919,34.2511667,-117.0985,2021-07-03 09:47:11.730,3.0,2.0
74633,nc73582536,35.9495,-120.4993333,2021-07-03 10:41:39.600,3.1,2.0
74634,ci39728159,34.2501667,-117.1011667,2021-07-03 14:38:48.100,2.0,2.0
74637,nc73582671,36.8171667,-121.5455,2021-07-03 20:51:57.130,2.0,2.0
74676,nc73583386,36.6075,-121.2093333,2021-07-05 14:32:14.890,2.5,2.0
74717,nc73584431,36.5768333,-121.1716667,2021-07-08 00:16:13.180,2.3000000000000003,2.0
75293,nc73587456,36.8848333,-121.4153333,2021-07-11 17:37:46.560,2.7,2.0
75336,nc73587836,36.8823333,-121.4135,2021-07-12 06:05:55.180,2.2,2.0
75398,ci39737719,34.2493333,-117.0988333,2021-07-12 19:11:36.370,2.4000000000000004,2.0
75427,nc73588786,36.228,-120.807,2021-07-13 04:44:18.920,2.8000000000000003,2.0
75496,ci39973728,34.0271667,-116.6095,2021-07-14 00:13:50.520,2.1,2.0
75822,nc73594306,36.642,-121.2593333,2021-07-18 00:08:28.940,2.6,2.0
75927,nc73595921,35.7733333,-120.325,2021-07-20 06:16:49.430,2.4000000000000004,2.0
75965,nc73596441,36.7776667,-121.5268333,2021-07-21 01:29:16.060,2.9000000000000004,2.0
76030,ci39749071,34.222,-117.5816667,2021-07-22 02:48:57.440,2.0,2.0
76111,nc73598301,35.9725,-120.5275,2021-07-23 18:34:30.600,2.6,2.0
76181,nc73599371,37.7938333,-122.571,2021-07-25 16:11:37.490,2.1,2.0
76250,nc73600451,36.8928333,-121.6148333,2021-07-27 18:12:25.610,2.3000000000000003,2.0
76260,nc73600601,36.988,-121.6566667,2021-07-27 22:42:51.520,2.0,2.0
76277,nc73600841,38.5555,-123.0123333,2021-07-28 10:51:09.240,3.0,2.0
76283,ci39755863,33.7813333,-116.1255,2021-07-28 14:47:49.420,2.6,2.0
76284,nc73600926,35.78,-120.3323333,2021-07-28 15:07:31.230,3.4000000000000004,2.0
76310,nc73601461,36.0216667,-120.5833333,2021-07-29 03:29:14.400,2.3000000000000003,2.0
76328,nc73601666,36.7055,-121.1888333,2021-07-29 07:40:11.350,2.3000000000000003,2.0
76339,nc73601786,36.5833333,-121.1815,2021-07-29 15:35:58.240,2.2,2.0
76375,ci39758079,34.0713333,-116.9031667,2021-07-30 07:30:44.640,2.0,2.0
76417,ci39759175,34.0356667,-117.212,2021-07-31 00:59:29.340,3.0,2.0
76459,nc73603486,35.7806667,-120.333,2021-07-31 19:09:38.270,2.7,2.0
76462,ci39760167,34.002,-117.193,2021-07-31 21:31:14.280,2.0,2.0
76469,nc73603626,36.3115,-120.8518333,2021-08-01 01:41:51.650,2.3000000000000003,2.0
76472,nc73603671,36.866,-121.4151667,2021-08-01 03:52:49.190,2.8000000000000003,2.0
76488,nc73603886,36.8638333,-121.4133333,2021-08-01 14:50:04.890,3.0,2.0
76509,nc73604311,36.6203333,-121.2255,2021-08-02 13:52:14.830,2.2,2.0
76637,nc73605906,36.5616667,-121.1526667,2021-08-05 00:50:23.810,2.1,2.0
76688,nc73606711,36.6125,-121.2238333,2021-08-06 21:59:28.570,2.0,2.0
76690,nc73606791,37.0721667,-121.5096667,2021-08-07 00:57:06.250,2.2,2.0
76693,nc73606811,36.8856667,-121.4146667,2021-08-07 02:23:53.080,2.8000000000000003,2.0
76728,nc73607371,37.2605,-122.0011667,2021-08-08 10:24:58.000,2.2,2.0
76736,nc73607441,37.351,-122.203,2021-08-08 16:07:20.950,2.4000000000000004,2.0
76764,ci39768239,33.1946667,-115.6115,2021-08-09 14:01:12.970,2.0,2.0
76797,nc73608291,36.1943333,-120.7646667,2021-08-10 15:27:39.780,2.0,2.0
76839,nc73609036,38.2515,-122.9205,2021-08-12 02:59:16.360,2.3000000000000003,2.0
76862,ci39772319,34.084,-117.4911667,2021-08-13 03:15:07.620,2.5,2.0
76884,ci39772927,34.0091667,-117.1855,2021-08-13 18:57:33.110,2.4000000000000004,2.0
76891,nc73609906,36.6183333,-121.1706667,2021-08-14 03:47:21.310,2.5,2.0
76892,nc73609911,36.6195,-121.1713333,2021-08-14 03:54:24.950,2.0,2.0
76893,nc73609916,36.6195,-121.1725,2021-08-14 03:59:28.130,2.2,2.0
76894,nc73609926,36.6211667,-121.1786667,2021-08-14 05:12:28.870,2.7,2.0
76917,nc73610271,36.519,-121.1055,2021-08-15 08:36:52.640,2.0,2.0
76931,nc73610526,35.9791667,-120.5321667,2021-08-16 00:27:31.080,2.1,2.0
76938,nc73610586,35.884,-120.428,2021-08-16 05:03:11.910,2.6,2.0
76952,ci39774951,34.14,-116.443,2021-08-16 18:59:38.390,3.1,2.0
76960,ci39775271,33.9776667,-116.9651667,2021-08-17 04:28:36.440,2.3000000000000003,2.0
76961,nc73610866,36.6078333,-121.2078333,2021-08-17 06:06:43.800,2.4000000000000004,2.0
76982,nc73611326,36.7311667,-121.3935,2021-08-17 21:14:22.800,2.9000000000000004,2.0
77027,ci40014768,34.0333333,-116.7481667,2021-08-19 02:39:51.450,2.2,2.0
77042,nc73611911,38.313,-123.0568333,2021-08-19 10:12:06.140,2.1,2.0
77111,nc73613006,36.772,-121.374,2021-08-21 19:54:46.550,3.1,2.0
77141,ci40017696,34.057,-116.316,2021-08-22 03:39:51.350,2.0,2.0
77276,ci40022280,33.9555,-116.9481667,2021-08-26 01:43:14.380,2.3000000000000003,2.0
77362,nc73616421,36.6206667,-121.2255,2021-08-27 13:45:51.670,2.0,2.0
77386,nc73616676,36.5395,-121.1321667,2021-08-27 22:50:11.600,2.1,2.0
77509,ci40027728,35.0301667,-119.0943333,2021-08-31 01:59:51.170,2.7,2.0
77526,nc73618401,36.5781667,-121.1828333,2021-08-31 16:09:56.600,4.0,2.0
77562,ci40029104,33.8088333,-116.0791667,2021-09-01 13:00:43.730,2.1,2.0
77563,nc73618766,36.4731667,-121.068,2021-09-01 13:14:28.460,2.1,2.0
77568,ci40029304,34.0535,-117.2263333,2021-09-01 16:41:39.750,2.0,2.0
77584,ci40029872,33.2298333,-115.563,2021-09-02 09:05:37.530,2.1,2.0
77585,ci40029880,33.23,-115.5601667,2021-09-02 09:06:41.420,2.1,2.0
77586,ci40029888,33.2281667,-115.567,2021-09-02 09:08:55.520,2.2,2.0
77662,nc73620071,36.967,-121.6151667,2021-09-04 16:15:13.950,2.2,2.0
77708,ci40034296,34.1073333,-116.4033333,2021-09-06 09:18:19.720,2.0,2.0
77768,ci40036480,34.0166667,-117.2273333,2021-09-08 10:22:53.590,2.6,2.0
77784,nc73622436,36.6578333,-121.2806667,2021-09-09 01:31:24.870,2.5,2.0
77796,ci40037896,34.1378333,-117.4456667,2021-09-09 15:01:24.820,2.6,2.0
77833,nc73623146,36.6446667,-121.2578333,2021-09-10 14:59:09.000,2.2,2.0
77839,nc73623266,36.891,-121.61,2021-09-10 21:47:14.710,2.0,2.0
77845,nc73623361,36.5855,-121.188,2021-09-11 00:57:31.600,2.1,2.0
77848,nc73623416,36.6048333,-121.1395,2021-09-11 03:01:11.810,2.0,2.0
77886,nc73624041,36.6341667,-121.253,2021-09-12 15:04:30.800,2.0,2.0
77930,ci39807671,33.9533333,-116.9481667,2021-09-14 02:29:06.720,2.2,2.0
77933,nc73624666,36.2965,-120.5926667,2021-09-14 07:38:52.100,3.8000000000000003,2.0
77949,ci39808671,34.2418333,-117.4888333,2021-09-14 21:36:26.190,2.9000000000000004,2.0
77960,ci39809303,34.4411667,-117.9455,2021-09-15 10:01:32.040,2.3000000000000003,2.0
77964,nc73625111,35.8598333,-120.4038333,2021-09-15 12:51:06.400,2.3000000000000003,2.0
77987,nc73625371,36.0445,-120.6135,2021-09-16 02:45:42.970,2.8000000000000003,2.0
78009,ci39811367,34.1893333,-116.8138333,2021-09-17 01:52:36.690,2.2,2.0
78013,nc73625771,36.5835,-121.1836667,2021-09-17 03:18:28.630,2.0,2.0
78028,ci39811703,33.9826667,-116.9701667,2021-09-17 13:02:26.480,2.7,2.0
78035,nc73626026,36.8933333,-121.6116667,2021-09-17 16:10:55.740,2.2,2.0
78044,nc73626196,36.2436667,-120.8266667,2021-09-18 01:22:24.320,2.1,2.0
78055,nc73626351,36.9376667,-121.323,2021-09-18 11:31:21.300,2.0,2.0
78063,nc73626466,36.4788333,-121.0503333,2021-09-18 16:35:34.740,2.0,2.0
78081,nc73626691,36.9381667,-121.3261667,2021-09-19 05:56:36.430,2.1,2.0
78259,nc73628881,35.9691667,-120.5223333,2021-09-24 15:04:10.220,2.2,2.0
78284,ci39818887,34.2046667,-117.5706667,2021-09-25 15:24:53.270,2.0,2.0
78286,ci39818919,34.2038333,-117.5713333,2021-09-25 15:49:48.270,2.3000000000000003,2.0
78305,nc73629686,40.2491667,-124.1636667,2021-09-26 08:51:30.240,3.6,2.0
78310,ci39819679,33.8858333,-116.9156667,2021-09-26 16:31:46.820,2.0,2.0
78318,nc73629866,36.7235,-121.367,2021-09-26 19:35:08.780,2.1,2.0
78344,nc73630191,40.2585,-124.1636667,2021-09-27 22:27:55.090,2.7,2.0
78378,nc73630596,35.7593333,-120.31,2021-09-28 19:41:18.800,3.2,2.0
78404,ci40059224,34.1008333,-116.8953333,2021-09-29 12:04:24.030,2.2,2.0
78416,nc73631076,36.664,-121.2876667,2021-09-29 18:30:08.690,2.0,2.0
78423,nc73631171,36.5788333,-121.1843333,2021-09-29 22:20:35.910,2.8000000000000003,2.0
78424,nc73631176,36.5851667,-121.1828333,2021-09-29 23:07:07.620,2.0,2.0
78454,ci40060160,34.1386667,-116.4441667,2021-10-01 03:46:56.750,3.1,2.0
78488,nc73632091,36.6643333,-121.2826667,2021-10-02 00:11:53.070,2.0,2.0
78542,nc73632851,36.4946667,-121.0755,2021-10-03 12:06:32.720,2.2,2.0
78568,nc73633396,36.5891667,-121.2886667,2021-10-04 23:07:48.800,3.7,2.0
78579,nc73633446,36.496,-121.0763333,2021-10-05 00:51:38.340,2.0,2.0
78580,nc73633451,36.487,-121.0993333,2021-10-05 00:51:49.200,2.4000000000000004,2.0
78622,ci40063464,33.7835,-116.0545,2021-10-05 15:32:23.540,2.9000000000000004,2.0
78634,nc73633906,36.6753333,-121.3061667,2021-10-05 20:13:07.260,2.2,2.0
78731,nc73637640,36.7878333,-121.5255,2021-10-09 22:40:32.290,2.1,2.0
78739,ci40066856,34.1008333,-116.9528333,2021-10-10 07:38:24.320,2.1,2.0
78876,nc73639995,36.358,-120.9353333,2021-10-15 21:07:48.590,2.1,2.0
78892,nc73640175,36.7251667,-121.4146667,2021-10-16 07:53:58.290,2.0,2.0
78916,nc73640590,36.6798333,-121.3048333,2021-10-17 12:24:54.960,2.0,2.0
78933,ci39836167,33.9891667,-117.181,2021-10-17 20:17:14.280,2.4000000000000004,2.0
78948,nc73641065,36.5805,-121.1808333,2021-10-18 08:13:53.720,2.2,2.0
78953,nc73641125,36.8146667,-121.5498333,2021-10-18 10:14:20.510,2.9000000000000004,2.0
78956,ci39836727,33.9688333,-117.233,2021-10-18 17:45:37.680,2.2,2.0
78973,nc73641455,36.5966667,-121.1273333,2021-10-19 13:56:34.810,2.2,2.0
78998,nc73641845,36.6796667,-121.3088333,2021-10-20 08:52:50.670,2.7,2.0
78999,nc73641850,36.6708333,-121.3173333,2021-10-20 08:57:15.880,3.7,2.0
79009,nc73641935,36.6791667,-121.3051667,2021-10-20 14:07:02.380,2.5,2.0
79048,nc73642530,36.4601667,-121.0541667,2021-10-21 22:07:54.470,2.0,2.0
79098,nc73643550,36.9551667,-121.5913333,2021-10-23 16:28:35.790,2.3000000000000003,2.0
79104,ci39840927,34.1101667,-117.3183333,2021-10-23 21:24:47.440,2.1,2.0
79121,nc73643960,36.8743333,-121.3431667,2021-10-24 06:17:16.270,2.0,2.0
79153,nc73644370,36.5791667,-121.1766667,2021-10-25 11:07:11.980,2.1,2.0
79163,nc73644485,36.5843333,-121.179,2021-10-25 16:21:32.600,2.2,2.0
79164,ci39841839,34.1841667,-116.7375,2021-10-25 19:00:16.470,2.2,2.0
79167,nc73644530,36.5843333,-121.1835,2021-10-25 19:50:40.370,2.1,2.0
79191,ci39842055,34.0335,-116.9793333,2021-10-26 07:08:41.690,2.5,2.0
79205,ci39842199,33.7708333,-116.1198333,2021-10-26 18:24:07.940,2.4000000000000004,2.0
79233,nc73645465,36.6771667,-121.3083333,2021-10-27 12:31:30.110,2.0,2.0
79236,nc73645595,36.5845,-121.1945,2021-10-27 18:48:07.890,2.0,2.0
79252,ci39843455,34.029,-117.2386667,2021-10-28 23:01:59.620,2.0,2.0
79280,nc73646340,35.7098333,-120.2583333,2021-10-29 21:23:37.500,2.2,2.0
79289,nc73646385,36.4945,-121.0738333,2021-10-30 00:35:52.520,2.3000000000000003,2.0
79297,nc73646510,36.6793333,-121.3061667,2021-10-30 08:29:46.850,2.0,2.0
79330,nc73646960,36.5528333,-121.1443333,2021-10-31 10:28:55.440,2.3000000000000003,2.0
79359,nc73647695,36.4668333,-121.0465,2021-11-02 03:51:58.860,2.3000000000000003,2.0
79360,nc73647715,36.4631667,-121.0721667,2021-11-02 05:16:38.510,2.2,2.0
79435,nc73648865,36.7695,-121.5095,2021-11-05 05:59:32.760,2.0,2.0
79442,nc73649095,36.6908333,-121.3336667,2021-11-05 12:32:34.420,2.0,2.0
79470,nc73649635,36.6728333,-121.3006667,2021-11-06 19:03:21.040,2.1,2.0
79472,nc73649645,36.4565,-121.0408333,2021-11-06 20:18:21.760,2.3000000000000003,2.0
79477,nc73649745,36.8965,-121.4056667,2021-11-07 03:46:15.760,2.4000000000000004,2.0
79506,nc73650505,36.4771667,-121.0523333,2021-11-08 21:36:12.900,2.4000000000000004,2.0
79530,nc73650900,36.2415,-120.8143333,2021-11-10 02:21:08.170,2.2,2.0
79535,nc73650950,36.7023333,-121.3423333,2021-11-10 05:17:30.110,2.3000000000000003,2.0
79553,nc73651380,36.6985,-121.2018333,2021-11-11 03:25:48.480,2.3000000000000003,2.0
79607,nc73652555,36.8021667,-121.5358333,2021-11-14 06:20:43.730,2.1,2.0
79623,nc73652930,35.9445,-120.4905,2021-11-15 09:28:29.470,3.2,2.0
79631,nc73653115,36.6943333,-121.3296667,2021-11-15 17:11:48.010,2.3000000000000003,2.0
79635,ci40097992,34.2235,-117.4528333,2021-11-15 20:38:06.430,2.1,2.0
79726,nc73654820,36.7535,-121.3535,2021-11-19 06:12:45.550,2.2,2.0
79749,nc73655080,38.2061667,-122.9591667,2021-11-19 22:22:25.430,2.4000000000000004,2.0
79751,ci39864743,33.9943333,-116.7871667,2021-11-20 01:39:18.760,3.2,2.0
79763,ci39865071,34.794,-118.949,2021-11-20 06:00:10.000,2.2,2.0
79784,nc73655780,37.2123333,-121.7281667,2021-11-21 04:00:08.640,2.2,2.0
79799,nc73655960,36.4598333,-121.0405,2021-11-21 19:26:56.070,2.1,2.0
79811,nc73656305,36.5393333,-121.1243333,2021-11-22 12:57:52.660,2.0,2.0
79814,nc73656350,36.5588333,-121.1423333,2021-11-22 15:13:11.560,2.3000000000000003,2.0
79815,nc73656365,36.5571667,-121.1438333,2021-11-22 15:36:04.570,2.0,2.0
79819,nc73656410,36.5591667,-121.1456667,2021-11-22 18:32:09.700,2.0,2.0
79826,nc73656545,36.685,-121.3226667,2021-11-23 01:03:06.640,2.6,2.0
79829,nc73656560,36.687,-121.3188333,2021-11-23 01:40:27.490,2.9000000000000004,2.0
79831,nc73656570,36.8435,-121.5781667,2021-11-23 01:57:22.820,2.1,2.0
79855,nc73657230,36.5693333,-121.1448333,2021-11-24 14:18:51.720,2.0,2.0
79862,nc73657405,36.7405,-121.4583333,2021-11-25 00:10:51.660,2.0,2.0
79871,nc73657500,40.2498333,-124.162,2021-11-25 09:18:15.220,2.3000000000000003,2.0
79872,nc73657510,40.243,-124.1473333,2021-11-25 10:10:05.530,2.6,2.0
79922,ci39871631,34.2285,-116.7508333,2021-11-27 14:12:30.130,2.6,2.0
79933,ci39872327,34.0375,-117.0871667,2021-11-28 00:20:11.160,2.0,2.0
80011,nc73658581,36.702,-121.3383333,2021-12-02 00:27:44.310,2.3000000000000003,2.0
80021,nc73658931,36.894,-121.6136667,2021-12-02 18:34:35.400,2.5,2.0
80034,nc73659211,36.5985,-121.206,2021-12-03 14:03:36.830,2.3000000000000003,2.0
80103,ci39879543,34.1843333,-116.7376667,2021-12-05 10:58:54.320,2.0,2.0
80104,ci39879567,34.0138333,-117.2148333,2021-12-05 11:10:33.750,2.7,2.0
80146,ci39882375,34.2005,-117.5068333,2021-12-08 10:28:04.820,3.6,2.0
80158,nc73661611,40.2513333,-124.16,2021-12-09 04:28:33.800,2.7,2.0
80200,nc73662336,36.6838333,-121.3311667,2021-12-10 23:02:26.510,2.2,2.0
80238,nc73663271,36.6846667,-121.3133333,2021-12-13 14:00:35.480,2.5,2.0
80248,nc73663366,37.4368333,-122.441,2021-12-13 21:48:15.540,2.2,2.0
80275,nc73663811,36.535,-121.1196667,2021-12-15 01:56:26.530,2.4000000000000004,2.0
80276,nc73663816,36.7525,-121.3503333,2021-12-15 02:16:27.290,2.0,2.0
80278,nc73663836,39.1,-123.5736667,2021-12-15 02:39:39.700,2.0,2.0
80279,nc73663871,36.8858333,-121.419,2021-12-15 04:16:57.300,2.0,2.0
80313,ci40129040,33.7515,-115.916,2021-12-16 22:36:59.270,2.0,2.0
80315,ci40129088,33.7476667,-115.9213333,2021-12-17 01:08:01.640,2.0,2.0
80327,ci40129536,33.265,-115.6398333,2021-12-17 16:35:32.680,2.0,2.0
80329,ci40129648,33.7525,-115.917,2021-12-17 18:59:35.610,2.2,2.0
80334,ci40130000,34.0015,-116.9965,2021-12-18 02:28:30.860,2.2,2.0
80353,ci40130624,34.0473333,-117.0453333,2021-12-18 19:16:20.020,2.9000000000000004,2.0
80379,nc73666026,37.6268333,-122.487,2021-12-20 06:02:34.420,2.0,2.0
80584,ci39894799,34.2655,-117.4681667,2021-12-23 12:16:27.930,2.4000000000000004,2.0
80666,nc73668536,36.4725,-121.048,2021-12-26 01:51:19.020,2.2,2.0
80673,nc73668566,36.5941667,-121.1905,2021-12-26 07:19:46.530,3.2,2.0
80674,nc73668571,36.5878333,-121.1886667,2021-12-26 07:53:02.590,2.0,2.0
80705,nc73668761,36.562,-121.1711667,2021-12-27 17:09:16.420,2.7,2.0
80726,ci39897879,34.1285,-117.4836667,2021-12-28 16:19:00.270,2.6,2.0
80727,ci39897903,33.8395,-116.1983333,2021-12-28 16:30:18.740,2.9000000000000004,2.0
