source_id,source_magnitude,source_completeness_above_ref,source_to_end_time_distance,pos_source_to_start_time_distance,l_hat,G
49,2.1,0.0,2188.924191435185,728.9241914351852,0.04770143706547187,0.07950294499945329
88,2.2,0.0,2188.0060777777776,728.0060777777778,0.038079726999928426,0.08620077524713388
106,2.3000000000000003,0.0,2187.5654951388888,727.5654951388889,0.36739569691883245,0.09339789091875918
160,4.4,0.0,2185.3870962962965,725.3870962962962,0.3054318788013787,0.49797150779532806
170,2.4000000000000004,0.0,2184.9830643518517,724.9830643518519,0.7655056985880185,0.10151256670130909
179,2.2,0.0,2184.7749358796295,724.7749358796297,0.46867816298703546,0.08660792867071501
218,2.8000000000000003,0.0,2183.070639236111,723.0706392361111,0.07187422213865347,0.1399331438956528
222,2.4000000000000004,0.0,2183.0090444444445,723.0090444444445,0.03833316586191734,0.10180556533950356
235,3.1,0.0,2182.2614569444445,722.2614569444445,0.3675261962226226,0.17785870579933655
236,2.9000000000000004,0.0,2182.259127314815,722.2591273148148,0.2659634982251813,0.1516989354113789
237,2.6,0.0,2182.25719849537,722.2571984953704,0.2512764595363647,0.1194930502239572
238,2.3000000000000003,0.0,2182.2444755787037,722.2444755787037,0.22790346586238644,0.09412600183874159
245,2.1,0.0,2182.1418042824075,722.1418042824074,0.16770326623547932,0.0802935571414385
278,2.0,0.0,2180.8405983796297,720.8405983796297,0.13877603668955657,0.07429502743428648
286,2.1,0.0,2180.1750208333333,720.1750208333333,0.030166207762826906,0.08052477786625423
301,2.1,0.0,2179.878147337963,719.878147337963,0.41025882003019815,0.08055975618939645
307,2.2,0.0,2179.789350925926,719.7893509259259,0.03644624592680543,0.08724119356875343
317,2.4000000000000004,0.0,2179.2656869212965,719.2656869212963,0.08237225491503185,0.10236428173898153
339,2.1,0.0,2178.408555324074,718.4085553240741,0.046325131839869735,0.08073320547662594
450,2.1,0.0,2174.2433296296294,714.2433296296297,0.19241153622987614,0.08122752222529421
454,2.0,0.0,2174.129336574074,714.129336574074,0.07770140634159389,0.07502893769150115
466,2.6,0.0,2173.589309259259,713.5893092592593,0.22109658129434318,0.12101944036895754
481,2.6,0.0,2173.152937384259,713.1529373842593,0.19787803994266842,0.12109697024265483
530,2.1,0.0,2171.285550578704,711.2855505787037,0.04029348844139583,0.08158099848003163
548,2.5,0.0,2170.557294328704,710.5572943287037,0.2053191696176162,0.11226435990341309
585,2.2,0.0,2169.0157950231483,709.0157950231481,0.19184789452862255,0.08863088086574979
592,2.3000000000000003,0.0,2168.8257957175924,708.8257957175925,0.01744093150573512,0.09599607398554927
630,2.0,0.0,2167.1985351851854,707.1985351851852,0.4090816971522608,0.07579705084473
656,2.3000000000000003,0.0,2165.405598726852,705.4055987268518,0.04312836716014135,0.0964806498900563
672,2.5,0.0,2164.5118960648147,704.5118960648148,0.13575768760152304,0.11326775925188075
694,2.0,0.0,2163.0802083333333,703.0802083333333,0.2901933864460011,0.07625845690432191
699,2.6,0.0,2162.439491435185,702.4394914351852,0.25560271970288406,0.12302143155475447
701,2.3000000000000003,0.0,2162.2931193287036,702.2931193287037,0.10204563510805328,0.09692447873447207
759,2.6,0.0,2159.4771836805558,699.4771836805555,0.1486700973206428,0.12356077278367245
771,2.0,0.0,2158.966227662037,698.966227662037,0.06558029954140004,0.0767231417379472
776,2.2,0.0,2158.620628703704,698.6206287037037,0.0685664564818469,0.08999996477979852
806,2.2,0.0,2157.404519328704,697.4045193287037,0.9360087343061176,0.09016197926589412
807,2.9000000000000004,0.0,2157.3074266203703,697.3074266203704,0.7985923088430913,0.1573675110097116
816,3.5,0.0,2156.693771759259,696.6937717592592,0.19338859456432902,0.25385846136382045
820,2.5,0.0,2156.4129118055557,696.4129118055556,0.4928428440802865,0.11463092710597726
840,2.1,0.0,2155.5253685185185,695.5253685185185,0.048899643931974046,0.08349958397394487
843,2.1,0.0,2155.470008912037,695.4700089120371,0.060936187827092314,0.0835064293554506
855,2.2,0.0,2155.0977844907407,695.0977844907408,0.06993557660929421,0.09047036842546917
899,3.5,0.0,2152.7356203703703,692.7356203703704,0.19305910016700814,0.25535137246106343
915,2.6,0.0,2152.124655324074,692.1246553240741,0.11502453197737961,0.12491321934266653
957,2.0,0.0,2149.43789224537,689.4378922453703,0.0886082158356965,0.07781408980183625
976,2.2,0.0,2147.919865509259,687.9198655092592,0.4516763953689985,0.09143911013395699
1013,2.4000000000000004,0.0,2146.319749537037,686.3197495370371,0.09415381908452874,0.10746314547394646
1019,2.2,0.0,2146.153467476852,686.1534674768518,0.3478734580076824,0.09167964490807232
1052,2.6,0.0,2144.837740509259,684.8377405092592,0.27724455592807595,0.12627331626738228
1097,2.5,0.0,2143.6055872685183,683.6055872685185,0.18409448457379238,0.11683193500914581
1134,2.0,0.0,2141.840787847222,681.8407878472223,0.22871339014827605,0.0786989322131061
1137,2.0,0.0,2141.771806597222,681.7718065972222,0.12344513463291552,0.07870702855083583
1147,2.0,0.0,2141.2860674768517,681.2860674768518,0.14934373228441464,0.07876407166108307
1197,2.5,0.0,2139.5847256944444,679.5847256944445,0.2527367918351838,0.11753468069452765
1240,2.9000000000000004,0.0,2137.8850765046295,677.8850765046296,1.1867668771759572,0.16197826903311557
1280,2.1,0.0,2136.914898958333,676.9148989583333,0.05959684983200796,0.08584406285194432
1284,2.8000000000000003,0.0,2136.8150133101853,676.8150133101852,0.8647475109039056,0.14983193233811234
1305,2.0,0.0,2136.164358101852,676.1643581018518,0.012859096478492938,0.07936895665329907
1344,2.0,0.0,2135.003797916667,675.0037979166667,0.04580435235713053,0.07950689359219923
1367,2.8000000000000003,0.0,2133.9197175925924,673.9197175925926,0.38136518490206933,0.1504824714737955
1379,2.4000000000000004,0.0,2133.480874537037,673.480874537037,0.35353759248185845,0.10954264083797884
1392,2.0,0.0,2133.1323961805556,673.1323961805556,0.170792476770878,0.07973000092271669
1401,2.2,0.0,2132.7882288194446,672.7882288194445,0.08914343467594607,0.09352759952122003
1402,2.8000000000000003,0.0,2132.7522292824074,672.7522292824074,0.13933901011336097,0.15074587412224302
1452,2.1,0.0,2130.1163665509257,670.1163665509259,0.3635064323026738,0.08672268079425344
1508,2.6,0.0,2128.234286921296,668.2342869212963,0.2239654167112458,0.12944789596748543
1511,2.0,0.0,2128.1033085648146,668.1033085648148,0.4292078832632556,0.08033378325155728
1517,2.1,0.0,2127.767520138889,667.7675201388889,0.820766573792531,0.08702906878809573
1548,2.2,0.0,2126.3446171296296,666.3446171296297,0.08589440668865865,0.09443656060354336
1578,2.9000000000000004,0.0,2124.868515972222,664.8685159722222,0.7962484627600963,0.1651709558616407
1630,2.0,0.0,2122.8816916666665,662.8816916666667,0.18515189609662797,0.08096726312393127
1631,2.4000000000000004,0.0,2122.7356140046295,662.7356140046296,0.09259534855153903,0.11132512089425502
1677,2.0,0.0,2120.5483395833335,660.5483395833334,0.0616637069312748,0.08125253739497891
1706,2.5,0.0,2119.4995126157405,659.4995126157407,0.45996676306531054,0.1211321248808538
1747,2.4000000000000004,0.0,2118.019229976852,658.0192299768519,0.12430455950239153,0.11211994846293626
1749,2.6,0.0,2117.957520486111,657.9575204861111,0.9782384276836242,0.13146720846655563
1750,2.1,0.0,2117.953114814815,657.9531148148149,0.06957666472570086,0.08832530549569628
1759,2.2,0.0,2117.586368287037,657.5863682870371,0.2126367960764106,0.09569137231235396
1775,2.5,0.0,2116.6256619212963,656.6256619212963,0.6352074508156071,0.12165903774971303
1776,2.6,0.0,2116.45270625,656.45270625,0.4603202358294722,0.1317664831905123
1787,2.0,0.0,2115.8215358796297,655.8215358796297,0.011391334045085535,0.08183463963947463
1803,2.2,0.0,2115.011786574074,655.0117865740741,0.2020798822930919,0.09606455061614418
1884,2.3000000000000003,0.0,2111.764543865741,651.7645438657407,0.247080022078419,0.10453112470963366
1986,2.1,0.0,2108.3014234953703,648.3014234953704,0.25165695991006026,0.08962582692691384
2004,2.0,0.0,2107.308776388889,647.3087763888889,0.3362500886806663,0.08289740588543493
2005,2.8000000000000003,0.0,2107.246892824074,647.246892824074,0.45297463061034066,0.1566599800567757
2008,2.2,0.0,2106.9014028935185,646.9014028935185,0.16360340920998415,0.09725318722393028
2095,2.3000000000000003,0.0,2102.069470138889,642.0694701388888,0.6468757399532052,0.10608261064940365
2131,2.0,0.0,2101.031327314815,641.0313273148148,0.07414336308124136,0.08369322599916185
2188,2.0,0.0,2098.5263302083335,638.5263302083333,0.29267120823472365,0.08401371763099955
2226,2.1,0.0,2096.233183912037,636.233183912037,0.16284393697475794,0.09128907896262485
2321,2.3000000000000003,0.0,2092.4778226851854,632.4778226851852,0.20355439381824803,0.10764875815515322
2336,2.2,0.0,2092.2500685185187,632.2500685185186,0.32775182063770336,0.09945200538456625
2377,2.1,0.0,2089.403050115741,629.4030501157407,0.13316655622569698,0.0922492223704402
2403,2.2,0.0,2088.1089841435187,628.1089841435186,0.0971205770401735,0.10008584761981135
2409,2.3000000000000003,0.0,2087.801592361111,627.8015923611111,0.15043906918557648,0.1084238391687645
2417,2.2,0.0,2087.454365625,627.454365625,0.1876517322473324,0.10018655352266334
2423,2.2,0.0,2087.24648599537,627.2464859953703,0.18332123336603406,0.10021856273707674
2439,2.3000000000000003,0.0,2086.8388060185184,626.8388060185185,0.17166527939334575,0.10858437350626861
2448,2.6,0.0,2086.067303935185,626.0673039351852,0.1331880753027388,0.13801414143658494
2459,2.0,0.0,2085.663247685185,625.6632476851852,0.26502745616459245,0.0856862738638253
2499,2.1,0.0,2083.364820486111,623.3648204861111,0.13995660838752585,0.09310965959865933
2548,2.9000000000000004,0.0,2081.2259435185183,621.2259435185185,0.18033787910016963,0.17652356075017392
2600,2.1,0.0,2078.911882638889,618.9118826388889,0.00961148382949257,0.09375130500570482
2630,2.7,0.0,2077.542286921296,617.5422869212963,0.7051056549047259,0.15141833768451804
2639,2.0,0.0,2077.2568802083333,617.2568802083333,0.4682772704392664,0.08680421334303423
2666,2.8000000000000003,0.0,2076.125349537037,616.125349537037,0.2432244401161172,0.16431491724936859
2692,2.9000000000000004,0.0,2074.661562037037,614.661562037037,0.38994704978007716,0.17832318512374407
2727,2.2,0.0,2072.7557663194443,612.7557663194444,0.25932981234316305,0.10248509137831134
2741,2.1,0.0,2072.161284490741,612.1612844907407,0.4546372861344609,0.09473574975833093
2846,2.2,0.0,2066.7741090277777,606.7741090277777,0.10525100830846874,0.10344140931068929
2849,2.4000000000000004,0.0,2066.4250630787037,606.4250630787037,0.12521728442245844,0.12134568330834439
2852,2.2,0.0,2066.3393600694444,606.3393600694444,0.09704723250371101,0.10351139710655434
2853,2.2,0.0,2066.280842824074,606.280842824074,0.08169019087562526,0.10352082249422222
2861,3.0,0.0,2065.87271875,605.87271875,0.6212594151660377,0.1957401150964149
2869,2.0,0.0,2065.7463324074074,605.7463324074074,0.20312894212898117,0.08836797556169688
2936,2.2,0.0,2063.3860252314817,603.3860252314814,0.08121611618966255,0.10398858511485874
2939,2.4000000000000004,0.0,2063.155350462963,603.1553504629629,0.11592065386859303,0.12196519415878776
2944,2.2,0.0,2063.0382105324074,603.0382105324074,0.06866355403584257,0.1040449849075683
2949,2.7,0.0,2062.670138425926,602.6701384259259,0.7395553558543003,0.1549549971765634
2969,2.1,0.0,2061.93002337963,601.9300233796296,1.4655214969603785,0.09625531711643096
2975,2.4000000000000004,0.0,2061.5940350694445,601.5940350694444,0.37633288629086137,0.12226256879994724
2977,2.1,0.0,2061.5307008101854,601.5307008101852,0.8557525800864522,0.09631531052736995
3003,2.1,0.0,2061.1562974537037,601.1562974537037,0.2077743722380486,0.09637160743711033
3034,2.6,0.0,2060.047994560185,600.0479945601852,0.10414046926585176,0.1436930769917977
3044,2.1,0.0,2059.606346875,599.606346875,0.06205753730724667,0.09660515304972168
3112,2.6,0.0,2056.6829596064813,596.6829596064815,0.31558119657125866,0.14445110740283393
3125,3.0,0.0,2056.1810355324073,596.1810355324075,0.7646079470359647,0.19872397313012133
3183,2.5,0.0,2054.5065200231484,594.5065200231481,0.4896968971272264,0.1338610686015202
3184,2.0,0.0,2054.4667748842594,594.4667748842593,0.5095697016284023,0.08993860733324281
3186,2.2,0.0,2054.3789912037037,594.3789912037037,0.15141283741020717,0.10546296742038933
3204,3.5,0.0,2053.042986111111,593.0429861111111,0.5142977533124389,0.2972496141653542
3215,2.2,0.0,2052.6575024305557,592.6575024305556,0.00993103393232925,0.10574807824795035
3229,2.2,0.0,2051.6210618055557,591.6210618055555,0.10386455423336638,0.10592025206210519
3235,2.3000000000000003,0.0,2051.118037962963,591.118037962963,0.4194999335966376,0.11478076347239498
3237,2.0,0.0,2051.071262384259,591.0712623842593,0.2838737119377371,0.09041904300904127
3245,2.0,0.0,2050.7367243055555,590.7367243055555,0.5921348898989944,0.09046657130204992
3308,2.1,0.0,2047.0692292824074,587.0692292824074,0.04227784530115373,0.09852360890698221
3312,2.2,0.0,2046.9272229166668,586.9272229166667,0.14547559198333468,0.10670492492364925
3313,3.5,0.0,2046.8969114583333,586.8969114583333,0.20258285613006324,0.3001350194353233
3394,2.0,0.0,2042.9859126157407,582.9859126157407,0.0,0.09157760777282363
3403,2.1,0.0,2042.1029679398148,582.1029679398148,0.053059897661841264,0.09929831436725406
3417,2.2,0.0,2041.1580043981483,581.1580043981481,0.26775817601425456,0.10768057611435763
3420,2.0,0.0,2040.7927417824073,580.7927417824075,0.3094370338482407,0.09189545970193842
3421,2.0,0.0,2040.7621181712964,580.7621181712963,0.09472503198957563,0.09189990888515409
3423,2.0,0.0,2040.7254326388888,580.7254326388888,0.5546326670220804,0.09190523917943542
3469,2.1,0.0,2038.1879784722223,578.1879784722222,0.09040236880224126,0.09991507053281873
3480,2.5,0.0,2037.7601596064815,577.7601596064815,0.3906503501809185,0.1374400852073465
3513,3.1,0.0,2037.037315625,577.037315625,0.1252324998402042,0.22176500742945646
3542,3.4000000000000004,0.0,2035.4553412037037,575.4553412037037,0.2678664989108957,0.28224319902414347
3559,2.1,0.0,2034.2191434027777,574.2191434027778,0.11542988517277532,0.10054582462311362
3637,2.5,0.0,2029.9098848379629,569.909884837963,0.3655888111120056,0.13916423855892002
3744,2.5,0.0,2029.171640162037,569.1716401620371,0.8720734470370747,0.1393279457675015
3782,3.0,0.0,2028.1438582175927,568.1438582175925,0.2664164455571349,0.20772303839898176
3805,2.0,0.0,2027.2112590277777,567.2112590277778,0.06464254604023725,0.09389881201925936
3873,2.1,0.0,2024.4281929398148,564.4281929398148,0.07664490805849832,0.10212608745774081
3888,3.5,0.0,2023.2902484953704,563.2902484953704,0.6125089615341979,0.31159120790822875
3893,2.1,0.0,2023.0125424768519,563.0125424768519,0.29666541038668887,0.10235747478134691
3898,2.5,0.0,2022.8229415509259,562.822941550926,0.39686654981644287,0.14074708776605815
3907,3.1,0.0,2022.4305616898148,562.4305616898148,0.3536866519981499,0.22698348533343693
3927,2.0,0.0,2021.8649023148148,561.8649023148148,0.17317979270418646,0.09470436571874737
4001,2.1,0.0,2018.8596010416666,558.8596010416667,0.14006834208796384,0.10304057327731371
4036,3.0,0.0,2017.220100462963,557.2201004629629,0.2554724925905205,0.21138502559411895
4052,2.8000000000000003,0.0,2016.5711170138889,556.5711170138889,0.26634577003249904,0.18048154215339354
4093,2.0,0.0,2013.5068701388889,553.5068701388889,0.011137324502180832,0.09598346312307754
4103,2.4000000000000004,0.0,2012.4952515046296,552.4952515046297,0.2984892390194442,0.13215755777075794
4151,2.3000000000000003,0.0,2009.4151038194445,549.4151038194444,0.18165835281875115,0.1226597239895529
4165,2.9000000000000004,0.0,2008.4737820601852,548.4737820601852,0.161483666077555,0.19799048370432426
4167,2.9000000000000004,0.0,2008.3357032407407,548.3357032407407,0.6142562418259231,0.19803464863513945
4183,2.3000000000000003,0.0,2007.4273569444445,547.4273569444445,0.12452208778353083,0.12305419348068918
4184,2.0,0.0,2007.323895486111,547.3238954861112,0.2712162936365738,0.09694556378127017
4247,2.0,0.0,2002.4298061342593,542.4298061342593,0.08983350659117842,0.09771689358650393
4302,2.6,0.0,2000.194338888889,540.1943388888889,0.11600571194827362,0.1580621367230674
4335,2.6,0.0,1998.335495023148,538.3354950231482,0.14005523175666862,0.15854048934425877
4357,2.3000000000000003,0.0,1997.7019452546297,537.7019452546297,0.08783911202141508,0.12501057825557246
4404,2.3000000000000003,0.0,1994.652511574074,534.6525115740741,0.20417188759975713,0.12563318429837456
4412,2.3000000000000003,0.0,1993.7277805555555,533.7277805555556,0.6881181785043002,0.1258228672100047
4419,2.0,0.0,1993.3284346064816,533.3284346064814,0.013927498962636543,0.09917485043347449
4443,3.1,0.0,1991.773466087963,531.773466087963,0.1967872660585938,0.2385184648033008
4444,2.4000000000000004,0.0,1991.7715171296297,531.7715171296296,0.13729466978850355,0.13667658920699946
4445,2.3000000000000003,0.0,1991.7654119212964,531.7654119212963,0.13620507642639731,0.12622675830275404
4446,3.8000000000000003,0.0,1991.754500462963,531.7545004629629,0.2720198999717484,0.4162600412874958
4447,2.0,0.0,1991.7523828703704,531.7523828703704,0.07595350520727252,0.09943048705812864
4448,3.3000000000000003,0.0,1991.7489924768518,531.7489924768519,0.2045211618497198,0.27966199363551436
4449,2.7,0.0,1991.7473239583333,531.7473239583334,0.18528484292388817,0.17352114863099752
4450,2.9000000000000004,0.0,1991.7456375,531.7456375,0.18339791916771989,0.2034453107187814
4451,2.3000000000000003,0.0,1991.7452724537036,531.7452724537037,0.08177914409866227,0.12623091302793096
4452,3.3000000000000003,0.0,1991.7398563657407,531.7398563657407,0.10513445304058096,0.27966616941157035
4453,2.9000000000000004,0.0,1991.7394599537038,531.7394599537037,0.06290690657271772,0.20344736474320804
4458,2.8000000000000003,0.0,1991.7123587962963,531.7123587962963,0.16409868484264986,0.18789891325065902
4471,2.2,0.0,1990.9382287037038,530.9382287037037,0.6811254161653045,0.11673247005239121
4487,2.1,0.0,1990.4498787037037,530.4498787037037,0.2939616979878938,0.10789256564994652
4497,4.2,0.0,1990.098160763889,530.0981607638889,0.4006830839531124,0.5737585829495464
4498,3.9000000000000004,0.0,1990.097680787037,530.097680787037,0.2535467520327327,0.4519479559171684
4501,2.9000000000000004,0.0,1990.091487962963,530.091487962963,0.15227164830676804,0.20399638012705001
4502,2.0,0.0,1990.0810826388888,530.0810826388889,0.1175834324662993,0.09970260962386945
4505,2.3000000000000003,0.0,1990.0112991898147,530.0112991898148,0.1553290185726132,0.12658936659698947
4507,2.1,0.0,1989.994127662037,529.994127662037,0.12646001657930392,0.10797304687388795
4517,2.9000000000000004,0.0,1989.7818971064814,529.7818971064814,0.17221384621254043,0.204099756938503
4519,2.9000000000000004,0.0,1989.7027273148149,529.7027273148149,0.32577339074582606,0.2041262049713012
4522,2.2,0.0,1989.6751650462963,529.6751650462963,0.1705408713931398,0.11697393426928847
4546,2.0,0.0,1988.4353866898148,528.4353866898148,0.11129013993925056,0.09997161195512833
4576,2.2,0.0,1987.3597133101853,527.3597133101852,0.30839465631284924,0.11741845854491657
4579,2.4000000000000004,0.0,1987.2359916666667,527.2359916666667,0.11889448420997958,0.13769511864206968
4581,2.9000000000000004,0.0,1987.124125,527.124125,0.15597247926898697,0.20499033713861767
4595,3.0,0.0,1986.0249774305555,526.0249774305555,0.1339706359469148,0.22236349434357774
4617,2.1,0.0,1984.3718887731482,524.3718887731482,0.38674987516473897,0.108973034673448
4624,2.1,0.0,1984.0502753472222,524.0502753472222,0.26448837332121833,0.10903064110633091
4657,2.1,0.0,1982.4234780092593,522.4234780092593,0.08088405363199602,0.10932270304312962
4659,2.2,0.0,1982.321133449074,522.3211334490741,0.18214241234933767,0.11839422924776306
4661,2.0,0.0,1982.276244675926,522.2762446759259,0.27643339122049987,0.10098771393711793
4663,2.6,0.0,1982.2501746527778,522.2501746527778,0.05351074423710903,0.16276813687330016
4680,2.0,0.0,1981.1743072916668,521.1743072916667,0.23648835401262558,0.10117107700785578
4686,2.2,0.0,1980.9860152777778,520.9860152777778,0.1163393312423498,0.1186547503633138
4694,2.5,0.0,1980.4527958333333,520.4527958333333,0.11223307615443602,0.1507675049126721
4703,2.0,0.0,1980.2109980324074,520.2109980324074,0.48834334298931453,0.1013317668818219
4705,2.3000000000000003,0.0,1980.2106747685186,520.2106747685185,0.06502894148999744,0.12864323612634626
4706,2.4000000000000004,0.0,1980.2093055555556,520.2093055555556,0.11314651022020167,0.13929482215838748
4709,2.0,0.0,1980.1716545138888,520.1716545138889,0.10090256514174789,0.10133833762903674
4745,2.7,0.0,1978.9233052083334,518.9233052083333,0.47242838633590317,0.17721356897427268
4750,2.1,0.0,1978.8215319444444,518.8215319444445,0.21858265617720074,0.10997340407776558
4796,2.1,0.0,1977.1901615740742,517.1901615740741,0.3132627621442801,0.11026996071023343
4803,2.3000000000000003,0.0,1976.966017476852,516.9660174768519,0.3617422951794092,0.1293338171390261
4862,2.3000000000000003,0.0,1974.6209530092592,514.6209530092592,0.3616657431429642,0.1298362808196499
4874,2.1,0.0,1974.3768246527777,514.3768246527778,0.1684896488941394,0.11078410894549393
4925,2.4000000000000004,0.0,1972.0887667824074,512.0887667824074,0.1203012462541753,0.14117726263584912
4934,2.0,0.0,1971.7291104166666,511.7291104166667,0.08801102122674219,0.10276272864088737
4954,2.0,0.0,1970.328395138889,510.3283951388889,0.08341455812029992,0.10300185871304346
4956,2.0,0.0,1970.0194761574073,510.0194761574074,0.18988817022921506,0.10305470622830133
4959,2.0,0.0,1969.8948322916667,509.89483229166666,0.14842313577515273,0.10307604052078076
4967,3.3000000000000003,0.0,1969.4613479166667,509.4613479166667,1.1459356272436125,0.2901228366669419
4971,2.7,0.0,1969.319618287037,509.31961828703703,0.6766016843869154,0.18005366256096342
5076,2.1,0.0,1966.7893400462963,506.7893400462963,0.1426556874972047,0.11218823197395904
5082,3.4000000000000004,0.0,1966.6193762731482,506.61937627314813,0.4117768629802149,0.3156324648233708
5104,2.0,0.0,1965.9836163194445,505.9836163194444,0.5096110128884832,0.10374877108009506
5166,2.3000000000000003,0.0,1964.1296649305555,504.1296649305556,0.23876701620662205,0.1321192795512286
5178,3.6,0.0,1963.3212788194444,503.32127881944444,0.3744741009982547,0.37210326586007925
5186,3.3000000000000003,0.0,1963.1234208333333,503.12342083333334,0.3951381135605308,0.2932012435129626
5191,2.2,0.0,1963.0585094907408,503.05850949074073,0.19324838533629762,0.12223496905226716
5217,2.5,0.0,1962.0872274305555,502.0872274305556,0.11536854823130295,0.1554322212541931
5218,3.1,0.0,1962.087167939815,502.08716793981483,0.1519955066846201,0.25050899022286693
5219,3.2,0.0,1962.0795309027778,502.0795309027778,0.22396513311485777,0.2712538395505597
5281,2.1,0.0,1959.2471541666666,499.2471541666667,0.25881674056908177,0.11360981618745812
5282,2.1,0.0,1959.2160070601851,499.2160070601852,0.3130584633812332,0.11361574137010086
5337,2.4000000000000004,0.0,1956.817996875,496.817996875,0.8982937937903924,0.14481883328705908
5370,2.3000000000000003,0.0,1955.163607175926,495.1636071759259,1.0189194384128577,0.134117077956754
5385,2.4000000000000004,0.0,1953.9216928240742,493.92169282407406,0.5422283084117253,0.14552497068741996
5390,2.0,0.0,1953.8259766203703,493.8259766203704,0.08017884089349812,0.10588130084571176
5407,2.0,0.0,1953.0093261574075,493.00932615740743,0.43476183382264194,0.10602684068750758
5410,2.4000000000000004,0.0,1952.8617828703705,492.86178287037035,0.5655011377445569,0.14578464599896596
5416,2.1,0.0,1952.5381234953704,492.53812349537037,0.009323741742146202,0.11489661638921282
5430,2.1,0.0,1951.6530650462962,491.6530650462963,0.1732028478190612,0.11506796604628997
5431,2.3000000000000003,0.0,1951.64835625,491.64835625,0.13546617437969263,0.13491242675139842
5450,2.8000000000000003,0.0,1950.8995708333334,490.8995708333333,0.23971457493567633,0.20106433448781094
5451,2.7,0.0,1950.7598840277778,490.7598840277778,0.0,0.1857335039739668
5483,2.8000000000000003,0.0,1949.6027391203704,489.60273912037036,0.12368125668572764,0.20150449147355382
5484,2.3000000000000003,0.0,1949.599242361111,489.5992423611111,0.06511651166411246,0.13537925188399377
5521,2.8000000000000003,0.0,1947.3018226851852,487.3018226851852,0.9513194047178354,0.20228894009812615
5546,2.2,0.0,1946.1642112268519,486.1642112268519,0.20637278273547202,0.12575502477547737
5548,2.0,0.0,1946.0435261574073,486.0435261574074,0.0967327196961434,0.1072802917789558
5559,3.1,0.0,1945.3456642361111,485.34566423611113,0.29708663165967536,0.25766193518487324
5586,2.3000000000000003,0.0,1944.3226833333333,484.3226833333333,0.0677252992029192,0.13659234553806307
5615,2.5,0.0,1942.8523171296297,482.8523171296296,0.1416839342907061,0.1605472831338991
5631,2.3000000000000003,0.0,1942.1514916666667,482.1514916666667,0.37033304760082786,0.13709616520773618
5641,2.8000000000000003,0.0,1941.7769664351852,481.77696643518516,0.741220239961177,0.2041909962118091
5657,2.3000000000000003,0.0,1941.0394489583334,481.0394489583333,0.2134047580385445,0.1373552752456201
5664,2.2,0.0,1940.6885295138889,480.6885295138889,0.0,0.12692794056859433
5715,2.4000000000000004,0.0,1938.1819938657407,478.18199386574076,0.4611039420235804,0.1494524063945765
5733,2.0,0.0,1937.5931840277779,477.5931840277778,0.3108663194057092,0.108830412646025
5743,2.1,0.0,1937.0515702546297,477.0515702546296,0.20345823027232776,0.11795004198510804
5757,2.0,0.0,1936.412421064815,476.4124210648148,0.0,0.1090496446171256
5777,2.4000000000000004,0.0,1935.5879748842592,475.58797488425927,0.14912878444711353,0.15011467262594339
5779,2.1,0.0,1935.5216949074074,475.5216949074074,0.7377994884172285,0.11825816919521401
5844,2.2,0.0,1932.9161653935184,472.9161653935185,0.31681110071613283,0.12862079178196173
5855,2.3000000000000003,0.0,1932.2265269675927,472.2265269675926,0.13130919266289606,0.13943459598694374
5856,2.3000000000000003,0.0,1932.2155171296297,472.21551712962963,0.12704899232939318,0.13943722276617324
5877,2.2,0.0,1930.4129532407408,470.41295324074076,0.3389936024626454,0.12917313485620097
5879,2.0,0.0,1930.2256648148148,470.2256648148148,0.2859312071400296,0.11020911690190412
5898,2.4000000000000004,0.0,1929.0290523148149,469.0290523148148,0.08579213142883735,0.1518087508149361
5903,2.4000000000000004,0.0,1928.8481104166667,468.84811041666666,0.03891346395754058,0.15185588767763997
5913,2.1,0.0,1928.2555443287038,468.2555443287037,0.14905872683489013,0.11973805979260382
5945,2.0,0.0,1926.5072092592593,466.50720925925924,0.6018308634340681,0.11091483835329133
5952,2.0,0.0,1925.9429082175925,465.9429082175926,0.45639676133282664,0.11102252443453242
5962,2.2,0.0,1925.1402140046296,465.1402140046296,0.24000856556975558,0.1303481911323304
5972,2.0,0.0,1924.7003258101852,464.7003258101852,0.2748932302791744,0.1112601978894662
5974,2.0,0.0,1924.416978587963,464.41697858796294,0.15722462528501718,0.11131450106333539
5976,2.1,0.0,1924.2734670138889,464.2734670138889,0.3497739133981367,0.1205608032087248
5983,3.4000000000000004,0.0,1923.61719375,463.61719375,0.2844136770036267,0.3394756999527368
5998,2.2,0.0,1922.994732638889,462.9947326388889,0.18885675050679146,0.13083088780427912
6003,2.6,0.0,1922.8418619212962,462.8418619212963,0.07582700987772055,0.17989244592001905
6028,2.1,0.0,1921.9958164351851,461.9958164351852,0.21165851197978308,0.1210351896657086
6029,2.1,0.0,1921.9954935185185,461.9954935185185,0.6190240267886878,0.12103525711999366
6032,2.0,0.0,1921.8585190972221,461.8585190972222,0.038988413231451434,0.11180662384731035
6036,2.1,0.0,1921.8166123842593,461.81661238425926,0.11046495479279866,0.1210726323618632
6044,2.7,0.0,1921.5149645833333,461.5149645833333,0.032322130709803776,0.19523351067522296
6045,2.8000000000000003,0.0,1921.5139457175926,461.5139457175926,0.03422157243156106,0.21139862802478665
6048,3.3000000000000003,0.0,1921.4483862268519,461.4483862268518,0.06116737511063956,0.31469258378551207
6052,4.3,0.0,1921.3950458333334,461.3950458333333,0.183226258993555,0.697263408369405
6053,2.7,0.0,1921.393225462963,461.39322546296296,0.031641359180618354,0.1952745536074817
6054,2.4000000000000004,0.0,1921.3923364583334,461.3923364583333,0.022878278943926824,0.15381730946536099
6055,2.6,0.0,1921.3918300925925,461.3918300925926,0.027152191220277015,0.18034315514576543
6057,2.0,0.0,1921.3885177083334,461.3885177083333,0.010660842964834412,0.11189738253848674
6058,2.4000000000000004,0.0,1921.3878598379629,461.38785983796294,0.020408854278784565,0.1538184984852714
6059,2.0,0.0,1921.385653587963,461.38565358796296,0.009915764854510891,0.11189793594639104
6060,2.7,0.0,1921.385067824074,461.3850678240741,0.03094597268562972,0.19527730432196283
6062,2.5,0.0,1921.3843128472222,461.38431284722225,0.02616262665104155,0.1665552260528603
6063,2.2,0.0,1921.3761081018517,461.37610810185186,0.014190080508871534,0.13119681962892304
6064,2.2,0.0,1921.3751958333332,461.37519583333335,0.014057506126311844,0.13119702630188954
6066,2.5,0.0,1921.373659837963,461.373659837963,0.026657297955694933,0.1665582899251623
6067,2.8000000000000003,0.0,1921.3734872685186,461.37348726851855,0.036338700651836364,0.21144990409851383
6068,2.1,0.0,1921.3726923611111,461.3726923611111,0.02009394939571232,0.12116545912451711
6069,2.3000000000000003,0.0,1921.3725744212963,461.3725744212963,0.016695283668049368,0.14206038717714436
6070,2.5,0.0,1921.3715438657407,461.37154386574076,0.025425205471008294,0.1665588985020808
6073,2.0,0.0,1921.3669568287037,461.3669568287037,0.008257837830964733,0.11190154865151719
6075,2.3000000000000003,0.0,1921.3565153935185,461.3565153935185,0.016409931439087973,0.14206432666462582
6076,2.4000000000000004,0.0,1921.3552905092592,461.35529050925925,0.02564592552560498,0.15382714952759424
6077,2.5,0.0,1921.3539914351852,461.3539914351852,0.025278275494246147,0.16656394690262563
6078,2.4000000000000004,0.0,1921.3507226851852,461.3507226851852,0.020323439309036972,0.15382836288799953
6079,2.3000000000000003,0.0,1921.3456599537037,461.3456599537037,0.021878307310254034,0.1420669897371176
6080,2.0,0.0,1921.3453461805555,461.34534618055557,0.006870436628519496,0.11190572461381845
6081,3.1,0.0,1921.3420292824073,461.3420292824074,0.04822000612704848,0.2684554307964835
6082,2.5,0.0,1921.3412140046296,461.34121400462965,0.024676071424892004,0.1665676220695974
6083,3.2,0.0,1921.3412024305555,461.34120243055554,0.05658971444318208,0.2906831453133918
6086,2.2,0.0,1921.3290936342592,461.32909363425927,0.014671724520129471,0.1312074713148921
6090,2.3000000000000003,0.0,1921.3125760416667,461.31257604166666,0.024810521353999103,0.1420751063915687
6091,2.4000000000000004,0.0,1921.3122864583333,461.31228645833335,0.028974254603247637,0.1538385733479986
6092,2.1,0.0,1921.3120784722223,461.3120784722222,0.039287774849728084,0.12117814216558023
6096,2.0,0.0,1921.3062001157407,461.30620011574075,0.004949488164738275,0.1119132896489898
6097,2.0,0.0,1921.3040641203704,461.30406412037036,0.02339366193924343,0.11191370245526759
6099,2.1,0.0,1921.2999217592592,461.29992175925923,0.018462992812971184,0.12118068611347592
6100,2.3000000000000003,0.0,1921.2964747685185,461.2964747685185,0.015487161322803639,0.1420790568545278
6102,2.1,0.0,1921.291530324074,461.2915303240741,0.011227158343891128,0.12118244217535415
6103,2.0,0.0,1921.289425925926,461.2894259259259,0.014883344189461467,0.11191653152011925
6107,2.2,0.0,1921.2598717592593,461.2598717592593,0.04646640981121491,0.13122315670632573
6111,2.4000000000000004,0.0,1921.2144282407407,461.21442824074074,0.018949207083903685,0.1538645736433841
6118,2.1,0.0,1921.1657167824073,461.1657167824074,0.013028826472212098,0.12120877553149893
6123,2.0,0.0,1921.0915283564814,461.0915283564815,0.005605387937297004,0.11195478888341037
6128,2.4000000000000004,0.0,1921.0496503472223,461.0496503472222,0.017145525994662986,0.1539083689135399
6133,3.2,0.0,1921.0183199074074,461.01831990740743,0.057250042677148845,0.29084528733497345
6134,3.0,0.0,1921.018041898148,461.01804189814817,0.046576872569879475,0.24806652701769505
6136,2.6,0.0,1920.993694560185,460.9936945601852,0.030890792269625496,0.18046720183936432
6140,2.5,0.0,1920.919178935185,460.9191789351852,0.025787513634268986,0.1666890800165565
6144,2.2,0.0,1920.8765501157407,460.8765501157407,0.12192175436147884,0.13131006658637506
6145,3.3000000000000003,0.0,1920.8706684027777,460.87066840277777,0.06418807404278153,0.3150067334397785
6146,2.5,0.0,1920.8648871527778,460.8648871527778,0.026913224319292977,0.16670471432391495
6148,4.3,0.0,1920.8583547453704,460.8583547453704,0.19308361724131898,0.6979100332040575
6149,3.1,0.0,1920.8578158564815,460.85781585648147,0.056740688936755095,0.2686800414804353
6150,3.3000000000000003,0.0,1920.8575677083334,460.8575677083333,0.06250266753089183,0.3150138627330159
6151,2.6,0.0,1920.8569796296297,460.8569796296296,0.02892240733082807,0.18050982740585703
6152,2.5,0.0,1920.8555451388888,460.8555451388889,0.027218354799081846,0.16670740474807758
6153,2.6,0.0,1920.8551109953703,460.85511099537035,0.026005170913580063,0.1805104101209537
6154,2.8000000000000003,0.0,1920.8547377314815,460.85473773148146,0.034607796781801974,0.21163944122201528
6155,3.0,0.0,1920.854489236111,460.85448923611114,0.04506105054451019,0.24813662212764426
6156,2.3000000000000003,0.0,1920.853455787037,460.85345578703703,0.018269773503607686,0.14218781645725262
6157,2.3000000000000003,0.0,1920.853245949074,460.85324594907405,0.017935404606752803,0.142187868001231
6158,2.1,0.0,1920.8524200231482,460.85242002314817,0.020092675566509198,0.12127438718943927
6159,2.2,0.0,1920.852370486111,460.8523704861111,0.011192189187418294,0.13131555167966297
6161,2.2,0.0,1920.8506997685186,460.8506997685185,0.01847315127260498,0.1313159306907574
6162,2.0,0.0,1920.8503758101851,460.8503758101852,0.013020637852776672,0.112001434697752
6163,4.1000000000000005,0.0,1920.849823611111,460.8498236111111,0.21032506574827806,0.5952669480488646
6164,3.4000000000000004,0.0,1920.8474465277777,460.8474465277778,0.12660213106495524,0.34110202393287065
6166,3.5,0.0,1920.842703587963,460.84270358796294,0.1396468722296033,0.3693472683892721
6167,2.0,0.0,1920.8416177083334,460.84161770833333,0.007031993679337533,0.1120031293126111
6171,2.0,0.0,1920.837671064815,460.8376710648148,0.014553182997635741,0.11200389296558459
6172,2.1,0.0,1920.8375243055555,460.8375243055556,0.010097980641014826,0.12127750802319642
6174,2.0,0.0,1920.8362143518518,460.8362143518519,0.017903568389590056,0.11200417483318843
6180,2.2,0.0,1920.8304621527777,460.8304621527778,0.03489459643662051,0.13132052183053106
6182,2.1,0.0,1920.8228873842593,460.8228873842593,0.04609633450028564,0.12128057475299035
6186,2.5,0.0,1920.8059908564815,460.80599085648146,0.024357909317799666,0.16672167706505417
6188,2.3000000000000003,0.0,1920.8047039351852,460.80470393518516,0.0476612982778761,0.1421997924694363
6189,2.3000000000000003,0.0,1920.8044625,460.8044625,0.02473130791080894,0.14219985178233668
6190,2.6,0.0,1920.8029059027779,460.80290590277775,0.029324169559267112,0.18052669089962978
6191,3.0,0.0,1920.8028787037038,460.8028787037037,0.04420979142522147,0.24815874742681976
6197,2.3000000000000003,0.0,1920.7798155092592,460.77981550925927,0.04776264634450343,0.14220590695411242
6198,2.2,0.0,1920.7786649305556,460.7786649305556,0.01663845769608806,0.1313322737297115
6200,2.5,0.0,1920.7574818287037,460.7574818287037,0.04342290422338287,0.1667356501044703
6202,3.2,0.0,1920.7549708333333,460.75497083333335,0.05679846124656352,0.29097763358968803
6205,2.4000000000000004,0.0,1920.752248263889,460.7522482638889,0.019258947162586228,0.15398746072591007
6209,2.5,0.0,1920.7221940972222,460.7221940972222,0.02304849735622517,0.16674581584625953
6210,2.5,0.0,1920.720584375,460.720584375,0.02577404289982582,0.16674627959952282
6211,2.2,0.0,1920.6988030092593,460.6988030092593,0.014309216651951982,0.13135039610912203
6212,2.4000000000000004,0.0,1920.6986449074075,460.6986449074074,0.020730384661267615,0.15400172259462566
6215,2.5,0.0,1920.673831712963,460.67383171296296,0.02512846293904644,0.16675974965931384
6216,2.1,0.0,1920.6272480324074,460.6272480324074,0.01578352064685333,0.12132157627581151
6219,2.7,0.0,1920.5926924768519,460.5926924768519,0.0341193371338004,0.1955447656724514
6223,2.1,0.0,1920.4351675925925,460.4351675925926,0.013086699500530362,0.12136185210744202
6224,2.6,0.0,1920.415524537037,460.415524537037,0.0571662497915811,0.18064756903066626
6225,2.2,0.0,1920.397942013889,460.3979420138889,0.01751321298275073,0.1314187015093594
6230,2.2,0.0,1920.3005950231482,460.30059502314816,0.015652170993886435,0.13144081387550152
6243,2.1,0.0,1920.0256957175925,460.0256957175926,0.01778966849703851,0.12144777783433856
6245,2.7,0.0,1919.980353587963,459.98035358796295,0.0402579075324594,0.19575183236322538
6246,3.6,0.0,1919.9542686342593,459.9542686342593,0.09185128043668006,0.4005426355782365
6247,2.0,0.0,1919.9522452546296,459.95224525462964,0.009294495122623214,0.11217541488666635
6248,2.9000000000000004,0.0,1919.9504135416666,459.95041354166665,0.04383015457083051,0.22952097990412715
6249,3.5,0.0,1919.9492626157407,459.94926261574074,0.0828756729191047,0.3699180076136579
6250,2.6,0.0,1919.9485949074074,459.9485949074074,0.03156410922085407,0.1807934303353738
6253,2.0,0.0,1919.9394621527779,459.93946215277776,0.006383561108101378,0.11217789406635188
6254,2.7,0.0,1919.9392858796296,459.9392858796296,0.060637759967193096,0.19576573143471912
6256,3.3000000000000003,0.0,1919.8931674768519,459.89316747685183,0.06452540630854085,0.3155393452389129
6259,2.2,0.0,1919.8746616898147,459.87466168981484,0.01968642868490223,0.13153763011503958
6267,2.2,0.0,1919.762758449074,459.76275844907406,0.016608769168885488,0.1315630838411921
6268,2.2,0.0,1919.7522708333333,459.75227083333334,0.08584030539006586,0.13156546975221223
6269,2.1,0.0,1919.7504888888889,459.75048888888887,0.009563251319681805,0.12150557984102475
6271,2.6,0.0,1919.691390625,459.691390625,0.04547890803233501,0.1808738521028866
6272,2.1,0.0,1919.6170771990742,459.61707719907406,0.014162098171195622,0.12153361526967997
6282,2.0,0.0,1919.4435347222222,459.44353472222224,0.10363993589127984,0.11227413853531423
6298,2.8000000000000003,0.0,1918.6124828703703,458.61248287037034,0.1400356197201034,0.21246163179436983
6299,2.1,0.0,1918.5179199074073,458.5179199074074,0.019655214921943998,0.12176496363126242
6306,3.2,0.0,1918.2444527777777,458.2444527777778,0.050804178587400065,0.2922438332531136
6314,2.1,0.0,1918.093446875,458.093446875,0.29216740630967575,0.12185448239113184
6326,2.0,0.0,1917.5265465277778,457.5265465277778,0.11741230794615345,0.11264733286366711
6349,2.0,0.0,1916.599280787037,456.59928078703706,0.2858654685698774,0.11282851789012055
6355,3.0,0.0,1916.2755042824074,456.2755042824074,0.04909198330678303,0.2501111735622985
6356,2.0,0.0,1916.2372274305555,456.23722743055555,0.00614867224576092,0.11289938068922387
6366,2.1,0.0,1916.0083346064814,456.00833460648147,0.05643729582049089,0.12229565526881274
6376,2.0,0.0,1915.8106856481481,455.81068564814814,0.011700886887145571,0.11298295114902289
6378,2.1,0.0,1915.7755530092593,455.7755530092593,0.015796156009064234,0.12234505630680792
6389,3.0,0.0,1915.0574543981481,455.05745439814814,0.702825003494426,0.250640387175594
6417,2.2,0.0,1913.4880575231482,453.48805752314814,0.31246161230128816,0.13300223505230882
6455,2.0,0.0,1911.941559837963,451.941559837963,0.1494856556700369,0.11374527261022299
6465,2.0,0.0,1911.4311181712962,451.4311181712963,0.13156440823012316,0.1138464201455528
6506,2.4000000000000004,0.0,1909.4502244212963,449.4502244212963,1.278242297428267,0.15703889286008355
6520,3.7,0.0,1909.0529033564815,449.05290335648147,0.3147925070908432,0.44199750835927465
6536,2.0,0.0,1908.2525726851852,448.25257268518516,0.006295114687472519,0.11447932807867264
6547,2.7,0.0,1907.6442666666667,447.6442666666667,0.17296204313248942,0.1999944210996481
6551,2.5,0.0,1907.4559267361112,447.4559267361111,0.1823878176998443,0.17063446750660635
6553,2.3000000000000003,0.0,1907.2862780092591,447.28627800925926,0.1495097493922425,0.14557991967997874
6554,2.1,0.0,1907.2366659722222,447.2366659722222,0.33703351257314995,0.12417811651472498
6596,2.0,0.0,1904.566272337963,444.56627233796297,0.7237264899516829,0.11522000518013051
6647,2.0,0.0,1902.1423837962964,442.1423837962963,0.12329994476675106,0.11571098145627477
6650,2.0,0.0,1901.9708131944444,441.9708131944444,0.0,0.11574585419214699
6673,2.2,0.0,1900.6614444444444,440.66144444444444,0.46709484288963576,0.13601879355459082
6675,2.2,0.0,1900.4281150462964,440.4281150462963,0.08760697936551594,0.13607462177793936
6691,2.1,0.0,1899.583862037037,439.583862037037,0.0,0.12585638581348696
6694,2.1,0.0,1899.1514070601852,439.1514070601852,0.11235380949850655,0.1259522466988027
6696,3.5,0.0,1899.0769943287037,439.0769943287037,0.06337365111223033,0.38363775579984066
6737,2.5,0.0,1896.920227662037,436.92022766203706,0.220065314584233,0.1738209560285445
6752,2.1,0.0,1896.0621211805556,436.06212118055555,0.0714433280512432,0.12664027200906144
6767,2.3000000000000003,0.0,1894.6853043981482,434.68530439814816,0.020850157635837717,0.14884097090489495
6776,2.0,0.0,1893.9552537037036,433.9552537037037,0.004699635358850274,0.11739299361510219
6811,2.1,0.0,1892.6296336805556,432.62963368055557,0.33361331460540994,0.1274114517874421
6819,2.4000000000000004,0.0,1892.193069675926,432.1930696759259,0.04967271346106227,0.1618771373199582
6891,2.8000000000000003,0.0,1889.2398456018518,429.23984560185187,0.2556803888818885,0.22369165752513268
6892,2.7,0.0,1889.239632986111,429.23963298611113,0.5713676913425692,0.20658696483704828
6893,2.7,0.0,1889.2030273148148,429.2030273148148,0.16837671564785447,0.20660040443091698
6900,2.6,0.0,1888.9024587962963,428.9024587962963,0.2302571515360209,0.19090449143684748
6922,2.6,0.0,1887.7100208333334,427.7100208333333,0.4538426567032166,0.19130981836612293
6926,2.2,0.0,1887.533711226852,427.53371122685184,0.42261591069383614,0.13921479520409413
6927,2.0,0.0,1887.51188125,427.51188125,0.29598966715819697,0.11874304861574715
6963,3.2,0.0,1886.5172938657408,426.5172938657407,1.0354326392558182,0.3089881668976393
6991,2.4000000000000004,0.0,1885.248082986111,425.2480829861111,0.33640571958607995,0.16388839799187319
7023,2.1,0.0,1883.5310901620371,423.53109016203706,0.9167038432902495,0.1294906225282741
7057,2.9000000000000004,0.0,1882.1102061342592,422.1102061342593,0.5704602207812092,0.24531149252328519
7060,2.5,0.0,1881.9511733796296,421.9511733796296,0.39942874483634894,0.1785062088857619
7102,2.9000000000000004,0.0,1879.6786878472221,419.67868784722225,0.006800185866428517,0.24638223445353652
7118,2.2,0.0,1878.8840881944445,418.8840881944444,0.0,0.14138365842573225
7140,3.6,0.0,1877.9612631944444,417.9612631944444,0.5143007572608314,0.43129786370327977
7144,2.0,0.0,1877.821679398148,417.82167939814815,0.18526757945286462,0.12081854974021927
7160,2.3000000000000003,0.0,1876.661538425926,416.6615384259259,0.16972049099748474,0.15370230812935426
7177,2.1,0.0,1876.0529622685185,416.0529622685185,0.22339706589727068,0.1312386658860782
7185,2.2,0.0,1875.5660510416667,415.56605104166664,0.6862000037846764,0.14222943275254682
7198,2.0,0.0,1875.1846070601853,415.18460706018516,0.42587364343023837,0.12139302058010108
7241,2.1,0.0,1873.0606621527777,413.06066215277775,0.20457429238842614,0.1319483139706793
7307,2.0,0.0,1870.9281278935184,410.92812789351854,0.3458681108261333,0.12232919337120467
7308,2.1,0.0,1870.9274510416667,410.92745104166664,0.24641222029031085,0.13245784354379034
7314,2.3000000000000003,0.0,1870.5091400462964,410.5091400462963,0.40236131316358204,0.155417670799317
7325,2.0,0.0,1869.935713773148,409.93571377314817,0.0,0.1225490684590469
7331,2.6,0.0,1869.360471875,409.360471875,1.0451886287936152,0.19771728874638944
7337,2.4000000000000004,0.0,1868.911189236111,408.9111892361111,1.1863181058483452,0.16877343959912702
7377,2.2,0.0,1866.4315582175925,406.43155821759257,0.05572243672312634,0.14459857932252704
7379,2.2,0.0,1866.3232947916667,406.3232947916667,0.04857740196541281,0.14462702404411668
7387,2.4000000000000004,0.0,1865.7862929398148,405.7862929398148,0.6074990836294181,0.1697334248557945
7415,2.1,0.0,1864.2715483796296,404.2715483796296,0.029230544673380945,0.13406736420429893
7416,2.8000000000000003,0.0,1864.1921284722223,404.19212847222224,0.7610238071226587,0.2339996068786526
7460,2.1,0.0,1861.894338773148,401.89433877314815,0.3609027559442377,0.1346495793815595
7560,2.0,0.0,1858.545203587963,398.545203587963,0.24340283082517153,0.12511720667048862
7561,2.5,0.0,1858.5438854166666,398.5438854166667,0.7673991929978912,0.18623155577230338
7562,2.2,0.0,1858.5434327546295,398.54343275462963,0.3869789266166949,0.14669405762005536
7564,2.9000000000000004,0.0,1858.349698263889,398.3496982638889,0.40219271933698825,0.256091918542491
7572,2.3000000000000003,0.0,1857.9282064814815,397.9282064814815,0.15569548737715974,0.15901899817952003
7600,2.3000000000000003,0.0,1856.7738438657407,396.77384386574073,0.1741196030542381,0.15935592769516166
7617,2.1,0.0,1856.2563052083333,396.25630520833334,0.04505317117975773,0.13604626284833404
7642,2.0,0.0,1854.5447119212963,394.5447119212963,0.9561983406095703,0.12603908809105896
7656,2.2,0.0,1853.9190371527777,393.9190371527778,0.17551063805088904,0.14794461203940054
7683,2.0,0.0,1852.6598717592592,392.65987175925926,0.11410741318885104,0.12647711934588232
7702,2.1,0.0,1851.443321412037,391.44332141203705,0.033695486491626216,0.13725654652718344
7722,2.3000000000000003,0.0,1850.3524658564816,390.3524658564815,0.07073491150620641,0.16125070449307582
7723,2.0,0.0,1850.2976479166666,390.2976479166667,0.054606243598134374,0.1270294687577998
7729,2.0,0.0,1849.958286226852,389.95828622685184,0.1635288203124821,0.1271091310481547
7750,2.0,0.0,1848.5966454861111,388.59664548611113,0.09430628990153866,0.12742955463824518
7782,2.0,0.0,1846.8505189814814,386.85051898148146,0.2613837012510451,0.12784231686974215
7862,2.2,0.0,1843.27598125,383.27598125,0.7978729002947395,0.15088705406449002
7951,3.0,0.0,1841.7470394675927,381.7470394675926,0.49985072376055617,0.28593341868036765
7954,2.5,0.0,1841.3998336805555,381.39983368055556,0.12492551428638245,0.1922254322675357
7976,2.1,0.0,1840.146947800926,380.14694780092594,0.16657075416217038,0.14016447919217334
8037,2.2,0.0,1837.4417075231481,377.4417075231481,0.851711456911582,0.15253935292465645
8042,3.0,0.0,1837.143456712963,377.143456712963,0.4014073508529187,0.2884036791306861
8046,2.1,0.0,1836.8327574074074,376.8327574074074,0.6335100519753573,0.14103609688418708
8068,2.1,0.0,1835.34320625,375.34320625,0.5760557987947901,0.14143064327035262
8092,2.2,0.0,1834.4863637731482,374.4863637731481,0.24726700934640733,0.15338728206299204
8142,2.2,0.0,1830.0858243055557,370.08582430555555,0.29617913781542643,0.15466380976908137
8151,2.9000000000000004,0.0,1829.3740585648147,369.3740585648148,0.2751507957547731,0.270272464363949
8393,3.9000000000000004,0.0,1828.252085300926,368.2520853009259,0.8586819019055747,0.6000582905647692
8394,2.6,0.0,1828.2515366898149,368.2515366898148,0.2987361927664431,0.21334497349440062
8409,2.2,0.0,1828.1956400462964,368.1956400462963,0.10584419546512618,0.15521732583116193
8421,2.1,0.0,1828.1260618055555,368.12606180555554,0.5117766311314914,0.14336737523005125
8444,2.8000000000000003,0.0,1827.9491027777779,367.9491027777778,0.20149641054905693,0.25027935204627705
8482,2.1,0.0,1827.5750307870371,367.57503078703706,0.9350186883125275,0.14351698007517852
8508,2.4000000000000004,0.0,1827.2439005787037,367.2439005787037,0.713476650840754,0.1823126170132726
8530,2.4000000000000004,0.0,1826.9745233796295,366.9745233796296,0.16698146536140834,0.18240567321257004
8591,2.4000000000000004,0.0,1825.163759375,365.163759375,0.3471289809810468,0.18303317624029475
8594,2.2,0.0,1825.130782175926,365.1307821759259,0.09045197454741187,0.15612157857880635
8601,2.4000000000000004,0.0,1825.106645023148,365.10664502314813,0.6560746843587649,0.18305302483048944
8851,2.0,0.0,1823.406486574074,363.40648657407405,1.1328380251546193,0.13359556204053874
8908,2.6,0.0,1821.8920782407408,361.8920782407407,0.05993148539380232,0.21593672531003327
8937,2.1,0.0,1820.9050787037038,360.9050787037037,0.097344165814847,0.14534786318609616
8986,2.0,0.0,1819.4388935185186,359.4388935185185,0.027117210859083092,0.13461004548207176
9011,2.1,0.0,1818.3781490740741,358.3781490740741,0.32833517196501466,0.14605130362127283
9012,2.4000000000000004,0.0,1818.3682434027778,358.36824340277775,0.6730266726620564,0.1854192325615935
9014,2.2,0.0,1818.2744430555556,358.27444305555554,0.2898616852857341,0.15817529710178432
9027,2.1,0.0,1817.6353525462962,357.6353525462963,0.06333045576945438,0.14625912348090359
9036,2.4000000000000004,0.0,1817.325488888889,357.3254888888889,1.369129329109076,0.18578978916784827
9043,2.1,0.0,1816.8703719907408,356.87037199074075,0.20458994450786813,0.14647364823948594
9075,2.1,0.0,1815.2191762731482,355.21917627314815,0.30802054925055794,0.14693842845909588
9097,2.4000000000000004,0.0,1814.3219339120371,354.321933912037,0.05671775540972475,0.1868638397046987
9104,2.0,0.0,1814.0384186342592,354.03841863425924,0.979475184456647,0.1360109539795739
9108,2.6,0.0,1813.573557175926,353.57355717592594,0.06202395523104031,0.21940397225004837
9113,2.0,0.0,1813.3855024305556,353.38550243055556,0.0,0.1361819165770723
9116,2.1,0.0,1813.1939282407407,353.1939282407407,0.335196610233356,0.147511755627135
9117,2.7,0.0,1813.1440827546296,353.1440827546296,0.34152382693707,0.23776642486648922
9124,2.4000000000000004,0.0,1812.831034837963,352.831034837963,0.26895438513605313,0.18740070275880288
9167,2.0,0.0,1810.9161130787038,350.9161130787037,0.4351891597957848,0.1368316663219459
9169,2.3000000000000003,0.0,1810.8009934027777,350.8009934027778,0.012281837591073031,0.17374977194937224
9172,2.1,0.0,1810.480616435185,350.4806164351852,0.5889676958414743,0.1482855552011635
9174,2.7,0.0,1810.434021875,350.434021875,0.03854628144175159,0.2390122451696793
9176,2.2,0.0,1810.423486111111,350.4234861111111,0.012278655121177989,0.16058086988410508
9186,2.9000000000000004,0.0,1810.1381320601852,350.13813206018517,0.0489621161955875,0.2803899686936213
9209,2.0,0.0,1808.9587722222223,348.9587722222222,0.03564031396773353,0.13735026003480746
9231,2.1,0.0,1807.8901578703703,347.8901578703704,0.18070276845402508,0.14903047490443994
9319,2.8000000000000003,0.0,1803.5250037037038,343.5250037037037,0.331284441850368,0.26229317197096363
9336,3.5,0.0,1802.8643543981482,342.8643543981481,0.6191788048196254,0.45832685999395445
9337,2.5,0.0,1802.8561827546296,342.85618275462963,0.28873734080605207,0.20687683407311186
9338,2.2,0.0,1802.8448188657408,342.84481886574076,0.3537170696796766,0.1629597584218703
9356,2.5,0.0,1802.2556077546296,342.25560775462964,0.22669179465659833,0.2071192628858788
9359,2.5,0.0,1802.1665797453704,342.16657974537037,0.43217720450069774,0.20715523949388398
9364,2.5,0.0,1801.9471922453704,341.9471922453704,0.5581734928956757,0.20724393849786465
9376,2.2,0.0,1801.306512037037,341.306512037037,0.23688407238098796,0.16344963136468835
9385,2.8000000000000003,0.0,1800.9034486111111,340.9034486111111,0.12031355185752822,0.26363807638929787
9440,2.0,0.0,1797.9469871527779,337.94698715277775,0.16857092192765838,0.14032835066687743
9444,2.3000000000000003,0.0,1797.4553575231482,337.45535752314817,0.490797949080257,0.17832220026063578
9446,2.9000000000000004,0.0,1797.3282063657407,337.32820636574075,0.17995688202792393,0.2874723058779743
9478,2.6,0.0,1795.039923148148,335.03992314814815,0.36555618344296326,0.22746171733269355
9485,2.0,0.0,1794.8842100694444,334.88421006944446,0.05127045270776109,0.141175464347806
9493,3.3000000000000003,0.0,1794.7672608796297,334.76726087962965,1.7730624062474802,0.3971647598546419
9504,2.0,0.0,1794.0075302083333,334.0075302083333,1.3198315384013748,0.14141948624693645
9542,2.0,0.0,1791.4818055555556,331.4818055555556,0.7902296645122115,0.14212640993425782
9556,2.5,0.0,1790.8660927083333,330.8660927083333,1.0618082148385786,0.2118063306735454
9567,2.5,0.0,1790.008958449074,330.0089584490741,0.21985150634540265,0.21216610806802122
9631,2.1,0.0,1786.611881712963,326.61188171296294,1.2475692254186668,0.1553878832081538
9640,3.0,0.0,1786.320079513889,326.3200795138889,0.12417357245778848,0.3181212674080096
9641,2.5,0.0,1786.3119082175926,326.3119082175926,0.07437824889703228,0.21372955685753417
9642,2.0,0.0,1786.3030542824074,326.3030542824074,0.05531318239046154,0.1435942523773882
9647,2.0,0.0,1785.9838782407408,325.98387824074075,0.19549845810729385,0.14368553788184704
9671,3.4000000000000004,0.0,1784.5760113425927,324.5760113425926,0.21222928502784916,0.43882400255438575
9705,2.2,0.0,1782.3211561342594,322.32115613425924,0.04525221656267151,0.16970033383457664
9778,2.4000000000000004,0.0,1779.2211672453705,319.2211672453704,0.5757588058577389,0.20020573719044202
9786,2.5,0.0,1778.9202064814815,318.9202064814815,0.10137566962080886,0.21691333689441875
9800,2.0,0.0,1777.6209385416666,317.62093854166665,0.44057488758666197,0.14611216893371995
9811,2.1,0.0,1776.9603215277778,316.96032152777775,0.21657890649182734,0.15842052291069603
9831,2.0,0.0,1776.0092393518519,316.0092393518519,0.17055648049714148,0.14658768288851196
9864,2.3000000000000003,0.0,1774.4020416666667,314.40204166666666,0.49765432962353207,0.1867019356396634
9885,2.9000000000000004,0.0,1773.4388086805557,313.43880868055555,0.3883993107784999,0.3014933313754729
9887,2.3000000000000003,0.0,1773.309576736111,313.3095767361111,0.2375731950278413,0.1871152435555411
9891,3.3000000000000003,0.0,1773.0511130787038,313.0511130787037,0.3168566417379228,0.4147696331198424
9897,2.9000000000000004,0.0,1772.237220138889,312.2372201388889,0.6341007582997974,0.3022285325326222
9898,2.0,0.0,1772.2333563657407,312.23335636574075,0.3957427254657047,0.14771191784878165
9902,2.8000000000000003,0.0,1772.0182813657407,312.01828136574073,0.6240298024567823,0.27924238902712345
9910,2.0,0.0,1771.5813212962962,311.5813212962963,0.0825456819882471,0.14790752024442178
9912,2.1,0.0,1771.5296528935185,311.5296528935185,0.07412377627035734,0.16017061990275666
9918,2.0,0.0,1771.1662734953704,311.1662734953704,0.38335976760255225,0.1480322562253879
9938,2.1,0.0,1770.1616905092592,310.16169050925924,0.1312916120825863,0.16061658298388656
9965,3.6,0.0,1768.3759247685184,308.37592476851853,0.8646011335368761,0.5315886739541907
9967,3.4000000000000004,0.0,1768.1695699074073,308.16956990740744,0.3723867124940259,0.45359102521580774
9975,2.0,0.0,1767.7692350694444,307.76923506944445,0.2684195085296973,0.14905987137917287
10006,2.3000000000000003,0.0,1766.1413820601852,306.1413820601852,0.33266967820687576,0.18986574339558163
10013,2.2,0.0,1765.7281664351851,305.7281664351852,0.1885540985381527,0.17549584744223626
10032,3.1,0.0,1764.6865805555556,304.68658055555557,0.6033882254383,0.3598461761949468
10033,2.1,0.0,1764.5993064814816,304.5993064814815,0.6716212477428976,0.16245169137984375
10045,2.4000000000000004,0.0,1763.8515586805556,303.85155868055557,0.6928997129628016,0.2065530249936447
10049,2.3000000000000003,0.0,1763.4576405092594,303.45764050925925,0.3883907000500036,0.19091311909554268
10072,2.0,0.0,1762.6430998842593,302.64309988425924,0.39845942875251555,0.1506335119868964
10080,2.0,0.0,1762.0702375,302.0702375,0.35143288053266836,0.1508111186741568
10099,2.6,0.0,1760.8401815972222,300.8401815972222,0.14320987927727163,0.24367774088837957
10100,2.2,0.0,1760.8050368055556,300.8050368055556,0.08848935682772324,0.17727976962446626
10142,2.5,0.0,1758.3195416666667,298.3195416666667,0.11005801630307123,0.22621929040148067
10143,3.7,0.0,1758.2775054398148,298.27750543981483,0.6729128629493043,0.5876677369051863
10165,2.0,0.0,1757.052562962963,297.05256296296295,0.07751762377245297,0.152382103025592
10167,2.5,0.0,1756.9700770833333,296.9700770833333,0.7019068849757908,0.22685241467312248
10170,2.2,0.0,1756.767854050926,296.7678540509259,0.06501143566735348,0.1787657813848448
10171,2.5,0.0,1756.6779020833333,296.6779020833333,0.1108013404417654,0.2269898916009291
10194,2.4000000000000004,0.0,1755.3139734953704,295.31397349537036,0.013298114647090646,0.2102273555377886
10196,2.0,0.0,1755.2020651620371,295.20206516203706,0.32006350345698414,0.15296852862318408
10219,2.1,0.0,1754.2761197916666,294.27611979166664,0.45598102172731636,0.165953159316308
10272,2.6,0.0,1752.9163833333334,292.91638333333333,0.2799292401017028,0.24771427065952373
10274,3.6,0.0,1752.786869675926,292.7868696759259,0.8887962745004815,0.548957482918999
10275,2.8000000000000003,0.0,1752.7858548611111,292.7858548611111,0.1735660794068491,0.2905115046730512
10299,2.3000000000000003,0.0,1751.0529339120371,291.052933912037,0.5093220305765119,0.19588449341337202
10300,2.6,0.0,1751.0524216435185,291.0524216435185,0.48047105616968017,0.2486804433263559
10316,3.0,0.0,1750.3228101851853,290.3228101851852,0.39072639772808127,0.3423677274842018
10319,2.0,0.0,1750.295867824074,290.2958678240741,0.14894948907858782,0.1545421507413403
10322,2.1,0.0,1750.2172491898148,290.2172491898148,0.07614457784667593,0.16736532309465155
10348,2.5,0.0,1749.475422337963,289.475422337963,1.3464025458884739,0.23042448318560363
10353,2.4000000000000004,0.0,1749.3727884259258,289.37278842592593,0.4803566013490433,0.21285067537388938
10385,3.5,0.0,1748.112679861111,288.11267986111113,0.9611846946559551,0.5119657800581232
10411,2.0,0.0,1747.0533586805554,287.05335868055556,0.04636084515606295,0.15559748745303276
10413,2.3000000000000003,0.0,1746.907310763889,286.9073107638889,0.17694386197292714,0.19759554955083247
10424,2.2,0.0,1746.4193547453704,286.41935474537036,1.1102203839990443,0.18267380166124142
10435,2.3000000000000003,0.0,1745.9024641203703,285.9024641203704,0.38113258954111906,0.19801416879095118
10444,2.2,0.0,1745.7105700231482,285.71057002314814,0.41969517136270407,0.18294683982406565
10445,3.0,0.0,1745.6299583333334,285.6299583333333,0.7571508578703393,0.3457602164694563
10449,2.5,0.0,1745.1988993055556,285.1988993055555,0.34060720046068077,0.23250629512257504
10459,2.4000000000000004,0.0,1744.8543981481482,284.85439814814816,0.25559708610064236,0.2148836896631552
10467,2.7,0.0,1744.472369212963,284.472369212963,1.391721917672673,0.27302029374058057
10468,2.3000000000000003,0.0,1744.400029050926,284.4000290509259,0.14373085324881055,0.19864294766365143
10470,2.9000000000000004,0.0,1744.3575064814816,284.3575064814815,0.3179282862719432,0.3201801371536522
10471,2.4000000000000004,0.0,1744.3530851851851,284.3530851851852,0.21899025097060654,0.21511131739756126
10493,2.7,0.0,1742.8083155092593,282.8083155092593,0.5133139714126734,0.27398291587224566
10498,2.2,0.0,1742.6064318287038,282.6064318287037,0.3800978125244745,0.18415097099279668
10515,2.0,0.0,1741.7923626157408,281.7923626157407,0.148234350180826,0.1573364671718772
10549,3.1,0.0,1740.6615496527777,280.66154965277775,0.33902743432215654,0.37834625066933236
10557,2.7,0.0,1740.3374618055554,280.33746180555556,0.4025966313723544,0.27542315273868606
10569,2.2,0.0,1739.768420023148,279.76842002314817,0.38533385589714403,0.18526394102692928
10585,2.5,0.0,1739.0523649305555,279.05236493055554,0.5984669975677199,0.23555596828365294
10586,2.2,0.0,1739.0398640046296,279.03986400462964,0.12416985485201658,0.18555154217741912
10605,2.4000000000000004,0.0,1738.287054050926,278.2870540509259,0.5346914536433173,0.21789915790474257
10607,2.3000000000000003,0.0,1738.244284837963,278.24428483796294,0.29126477136742374,0.20125567412987108
10626,2.6,0.0,1737.2883601851852,277.2883601851852,0.5993840698879094,0.256020914141484
10645,3.0,0.0,1736.6180751157408,276.61807511574074,1.2795417581773092,0.35244048375483306
10655,2.8000000000000003,0.0,1736.1560349537037,276.1560349537037,1.5792826258492272,0.3008991739623691
10672,2.0,0.0,1735.6546659722221,275.65466597222223,0.3499075699893657,0.15940828204388355
10674,4.0,0.0,1735.544517361111,275.5445173611111,1.0620820903524972,0.7826256570209322
10675,3.2,0.0,1735.5443074074074,275.5443074074074,0.5335734870150318,0.41416937606720816
10681,2.1,0.0,1735.4282979166667,275.4282979166667,0.14855121160422427,0.17269052915587588
10686,2.6,0.0,1735.3482008101853,275.3482008101852,0.21870856207368575,0.2570858893807426
10688,2.4000000000000004,0.0,1735.3265430555555,275.32654305555553,0.36646464236059445,0.2192826762688019
10693,2.9000000000000004,0.0,1735.0494606481482,275.04946064814817,0.3101117513159792,0.3265859045634528
10701,2.4000000000000004,0.0,1734.611740162037,274.61174016203705,0.18257728710044854,0.2196190217843065
10724,2.3000000000000003,0.0,1733.122836689815,273.1228366898148,0.2542368666715644,0.20347537405373617
10730,2.6,0.0,1732.9032106481482,272.90321064814816,0.4483388673548001,0.25843904569320725
10739,2.1,0.0,1732.4319472222223,272.4319472222222,0.2728246485161705,0.17380546264645302
10740,2.2,0.0,1732.4288787037037,272.42887870370373,0.10945230977437,0.18819727372607822
10762,2.0,0.0,1731.5537684027777,271.5537684027778,0.2683608524716777,0.16081927282348776
10777,2.3000000000000003,0.0,1730.6144945601852,270.61449456018516,0.20297539272184745,0.20457821325737227
10781,2.4000000000000004,0.0,1730.4273909722222,270.4273909722222,0.4116453984213752,0.2216062021108188
10813,3.0,0.0,1728.7355583333333,268.73555833333336,0.6047830965448039,0.35847050400756736
10815,2.3000000000000003,0.0,1728.673977662037,268.67397766203703,0.8809076990740254,0.20543862614315403
10822,2.1,0.0,1728.4258194444444,268.42581944444447,0.09718193258933283,0.1753159959282762
10826,2.4000000000000004,0.0,1728.1746896990742,268.17468969907407,0.48591029954195475,0.22268915176157011
10841,2.5,0.0,1727.6031869212964,267.6031869212963,0.46337491519723295,0.2414262362871299
10892,2.0,0.0,1725.014246412037,265.01424641203704,0.1393827946901587,0.16311523687791574
10921,2.1,0.0,1723.1616318287038,263.1616318287037,0.20582621495915399,0.1773363976092436
10930,2.2,0.0,1723.045076736111,263.0450767361111,0.9589707567708889,0.19206825856449494
10932,2.1,0.0,1723.001980324074,263.00198032407405,0.1437983492135965,0.1773983155643405
10938,2.0,0.0,1722.6084837962962,262.6084837962963,0.2912504526644123,0.16397449654387816
10961,3.5,0.0,1722.0687231481481,262.06872314814814,1.1085772323734977,0.5413711076719087
10973,2.0,0.0,1721.8206856481481,261.8206856481481,0.1221693536532397,0.1642576191179789
10983,3.1,0.0,1721.406543287037,261.40654328703704,0.6488605905267077,0.39440025742893425
11012,2.9000000000000004,0.0,1720.3703649305555,260.3703649305556,0.1769916575185011,0.33715591217763247
11014,3.2,0.0,1720.3413699074074,260.3413699074074,0.22324134608520008,0.42805497813231774
11032,2.0,0.0,1719.5717755787036,259.5717755787037,0.44999691807484765,0.1650706438242339
11039,2.3000000000000003,0.0,1719.2989990740741,259.29899907407406,0.18398070083333193,0.2096870492736168
11040,2.1,0.0,1719.2057277777778,259.2057277777778,0.3135977465826608,0.1788820194604527
11043,2.5,0.0,1718.8553556712964,258.8553556712963,0.4725875539048491,0.24608767853777766
11069,2.4000000000000004,0.0,1717.157917476852,257.1579174768519,0.6855691395570916,0.22812287576177692
11091,2.6,0.0,1716.2007119212963,256.2007119212963,0.29703576209121524,0.2680291014140016
11094,2.0,0.0,1715.9713074074075,255.9713074074074,0.27756564314950766,0.16638731603615256
11108,3.1,0.0,1715.378532060185,255.3785320601852,0.044467897550278294,0.39967571278799424
11112,2.5,0.0,1715.2253128472223,255.22531284722223,0.2682614202099226,0.24806928962251312
11115,2.1,0.0,1715.1260694444445,255.12606944444445,0.003003051369479043,0.18050132474559888
11184,2.1,0.0,1711.9621935185185,251.96219351851852,0.18151865234356063,0.18177531016320522
11207,2.0,0.0,1710.729464351852,250.72946435185185,0.13574034913573169,0.16833817931404124
11219,2.1,0.0,1710.2817219907408,250.28172199074075,1.3501265389834727,0.18245857119070047
11251,2.2,0.0,1708.6954547453704,248.69545474537037,0.8953315698578005,0.1982685627804793
11265,2.4000000000000004,0.0,1707.650225,247.650225,0.40255992548000785,0.23300582420147603
11276,2.9000000000000004,0.0,1707.0591913194444,247.05919131944444,0.7179831796942971,0.3472793269216488
11311,3.0,0.0,1705.1666792824074,245.16667928240742,0.6400823552123853,0.37763970436051625
11319,2.3000000000000003,0.0,1704.3040747685186,244.30407476851852,0.7818723449286734,0.21681759602266248
11388,2.1,0.0,1701.1531753472223,241.15317534722223,0.016574564803206016,0.18625275744353656
11394,2.4000000000000004,0.0,1700.789901388889,240.7899013888889,1.2847339492772685,0.2366479041656554
11445,2.3000000000000003,0.0,1697.4214259259259,237.42142592592592,0.530832625855205,0.22023926937939017
11459,2.2,0.0,1696.6405144675925,236.6405144675926,0.1712099656428748,0.20376279609883552
11532,2.0,0.0,1692.6217519675927,232.6217519675926,0.010619881176666256,0.17540779994422742
11558,2.0,0.0,1691.2423197916667,231.24231979166666,0.08766849209300599,0.17596867925129525
11565,2.0,0.0,1690.766805324074,230.76680532407408,0.37573814926521015,0.1761627939123141
11571,3.6,0.0,1690.2200450231483,230.22004502314815,1.8872693434608787,0.6298220883775522
11633,2.0,0.0,1687.173413888889,227.1734138888889,0.567831515088386,0.1776426291443777
11671,2.5,0.0,1684.8983219907407,224.89832199074075,0.32397127699897876,0.26582519803912125
11675,2.2,0.0,1684.712601736111,224.7126017361111,0.2642906580571177,0.2094808783743017
11676,2.3000000000000003,0.0,1684.6845467592593,224.68454675925926,0.29903024876241413,0.22684020569439614
11687,3.5,0.0,1683.9331380787037,223.9331380787037,0.5977113368504292,0.5902708599332809
11728,2.5,0.0,1681.4381453703704,221.43814537037036,0.6078396957601667,0.26800063589682255
11816,2.2,0.0,1676.791853125,216.791853125,0.3024876884892384,0.21344599800180178
11826,2.1,0.0,1676.3149046296296,216.31490462962964,0.13346962447902294,0.19734934386876218
11843,3.5,0.0,1675.8230930555555,215.82309305555555,0.27538654323189693,0.6017344146706588
11848,2.0,0.0,1675.5947555555556,215.59475555555557,0.5582270219141275,0.182573006848876
11862,2.1,0.0,1674.7548614583334,214.75486145833332,0.0288657643912083,0.1980876246494671
11870,2.8000000000000003,0.0,1674.378210648148,214.37821064814815,0.577565269506454,0.34600226527741834
11875,2.1,0.0,1674.1119487268518,214.11194872685186,0.023318729011240224,0.19839340540033126
11903,2.2,0.0,1672.5448070601851,212.54480706018518,0.18285463565907917,0.21563093845999898
11917,2.0,0.0,1672.0073880787038,212.0073880787037,0.3069426362601011,0.18415333726832378
11922,2.0,0.0,1671.5957739583334,211.59577395833333,0.2994477892756821,0.18433632981162576
11933,2.1,0.0,1670.6844873842592,210.68448738425926,1.235254688950987,0.2000388379252122
11935,2.1,0.0,1670.4728769675926,210.47287696759258,0.6807509226361175,0.20014127946042184
11941,2.2,0.0,1670.1589876157407,210.15898761574073,0.3859437725302328,0.21687711007256114
11949,2.5,0.0,1669.547979050926,209.54797905092593,0.7955946883221042,0.27573879341173263
11967,2.1,0.0,1668.7022347222223,208.70223472222222,0.5060014144304127,0.20100240261442645
11998,2.0,0.0,1667.978305324074,207.97830532407409,0.07776864256888828,0.18595962487074674
11999,2.4000000000000004,0.0,1667.9681627314815,207.96816273148147,0.1857616692017436,0.25563335919324087
12006,3.2,0.0,1667.699610300926,207.69961030092594,0.6439140916965888,0.4833678095748088
12007,3.4000000000000004,0.0,1667.6995878472221,207.69958784722223,0.7280849861148451,0.566724283001384
12019,3.0,0.0,1667.4369306712963,207.4369306712963,1.269534044889432,0.4125356765942844
12047,2.4000000000000004,0.0,1666.488461111111,206.48846111111112,0.16184037874639023,0.2565570450926356
12053,2.4000000000000004,0.0,1666.365711574074,206.36571157407408,0.17408955281846863,0.25663395816075896
12080,2.4000000000000004,0.0,1665.423757638889,205.4237576388889,0.2815833718128718,0.25722565266043834
12101,2.7,0.0,1664.6423126157408,204.64231261574074,0.9013915540835868,0.3271799932170424
12127,2.9000000000000004,0.0,1663.6843027777777,203.6843027777778,0.18893586043632427,0.38450503082189846
12130,2.7,0.0,1663.4121033564816,203.41210335648148,0.8498317156841612,0.32816972968365793
12134,2.1,0.0,1663.1574513888888,203.1574513888889,0.25488559712954273,0.20374562808912894
12142,2.9000000000000004,0.0,1662.681071875,202.681071875,0.30995693354735177,0.38545514756857113
12169,2.1,0.0,1661.7959417824075,201.7959417824074,0.49394008019715135,0.20443029873482946
12178,2.3000000000000003,0.0,1661.1950163194444,201.19501631944445,0.5497392974921642,0.2400401298569259
12194,2.8000000000000003,0.0,1660.6624185185185,200.6624185185185,0.31655559953338896,0.3577593733680245
12195,2.5,0.0,1660.6597731481481,200.65977314814816,0.11961831671489527,0.2818076342501256
12212,2.0,0.0,1660.1200671296297,200.12006712962963,1.0203493010995495,0.1895823569748557
12300,2.2,0.0,1655.006665162037,195.00666516203702,1.0574447106113647,0.22512683834020775
12338,2.5,0.0,1652.202124537037,192.20212453703704,1.029832594862311,0.2878281545886984
12339,2.3000000000000003,0.0,1652.1961732638888,192.19617326388888,1.423124650980106,0.2454967380805204
12380,3.5,0.0,1649.4212412037036,189.42124120370372,0.5463049225585535,0.6421900243125892
12383,2.2,0.0,1649.3006878472222,189.30068784722224,0.8513606786947346,0.22839427125008432
12439,2.0,0.0,1646.947290162037,186.94729016203704,0.8837364654933549,0.19597382724114035
12443,2.3000000000000003,0.0,1646.8698016203705,186.86980162037037,0.3368156572036284,0.24884291725561034
12476,2.0,0.0,1644.3979638888889,184.39796388888888,1.0012312345579562,0.19726028015277033
12477,2.5,0.0,1644.3713773148147,184.37137731481482,0.5346095716852799,0.2936327962162195
12488,2.4000000000000004,0.0,1643.8174700231482,183.81747002314816,0.6365654135825638,0.2715672725387089
12504,2.9000000000000004,0.0,1642.8628206018518,182.86282060185187,0.3049421382808761,0.4052127448956749
12507,2.6,0.0,1642.8094372685184,182.8094372685185,0.22592172909486985,0.3192286972351974
12519,2.2,0.0,1642.0747210648149,182.0747210648148,1.3750658941211482,0.23266955922381918
12529,2.6,0.0,1641.6060469907407,181.60604699074074,0.7704545304475179,0.3202250558766207
12547,2.9000000000000004,0.0,1641.2812541666667,181.28125416666666,0.0772395001479507,0.4068763307146962
12570,2.4000000000000004,0.0,1640.684586226852,180.68458622685185,0.852230554849799,0.27377919206948187
12576,3.2,0.0,1640.4290532407408,180.42905324074073,1.0258907181279822,0.5176847370710282
12598,2.1,0.0,1639.1774837962962,179.1774837962963,0.20345268947762482,0.2165032676450949
12626,2.1,0.0,1637.5352650462962,177.5352650462963,0.13686220075415056,0.2174354028776398
12632,2.2,0.0,1637.3496122685185,177.3496122685185,0.6329839173315849,0.23555305448168737
12706,3.0,0.0,1634.261762962963,174.26176296296296,0.11893525216261246,0.44874284216496074
12733,2.1,0.0,1633.2362255787036,173.2362255787037,0.20754764382957,0.21991458724154717
12741,2.9000000000000004,0.0,1632.9187497685184,172.91874976851852,0.41076422181577793,0.4159070192584668
12742,2.4000000000000004,0.0,1632.9183416666667,172.91834166666666,0.20159888683990562,0.27942260520090406
12757,2.1,0.0,1632.005228587963,172.00522858796296,0.26468555027306684,0.22063513554562034
12806,2.3000000000000003,0.0,1630.8567489583334,170.85674895833333,0.14019680597166684,0.25947681641366405
12822,2.3000000000000003,0.0,1630.184507523148,170.18450752314814,0.04619299031690165,0.2599434843331975
12906,2.9000000000000004,0.0,1627.0683311342593,167.06833113425927,0.588841899334351,0.42247218370224604
12907,3.1,0.0,1627.0610284722222,167.06102847222223,0.652201845006239,0.4953369823970087
12925,2.8000000000000003,0.0,1626.2586597222223,166.25865972222223,0.793750050829052,0.39102219413632044
12937,2.2,0.0,1625.6591542824074,165.6591542824074,0.5038818944803655,0.24301007451652207
12941,2.2,0.0,1625.5526378472223,165.55263784722223,0.5999959737531926,0.2430802551208089
12997,2.8000000000000003,0.0,1623.2922344907408,163.29223449074075,0.43874520760129065,0.394187090909905
13138,2.0,0.0,1618.7047789351852,158.70477893518517,0.2913522681806776,0.2112523124562713
13192,2.0,0.0,1617.4633505787037,157.4633505787037,0.15253712135923606,0.21198071565087803
13204,2.6,0.0,1616.916094675926,156.91609467592593,1.59170314449719,0.3421679915717389
13216,2.4000000000000004,0.0,1616.6801763888889,156.6801763888889,0.6685025635132708,0.29203205392538983
13334,2.4000000000000004,0.0,1611.9436126157407,151.94361261574073,0.26137732572157324,0.29593875360703215
13345,2.2,0.0,1611.660271875,151.660271875,0.3684998519230459,0.25261304616735997
13351,2.2,0.0,1611.436736574074,151.43673657407408,0.053680178551904406,0.2527729251975345
13390,2.1,0.0,1609.617462962963,149.61746296296297,0.582257516923352,0.23465362932792908
13396,2.3000000000000003,0.0,1609.406999537037,149.40699953703702,0.34609670766713463,0.27528451378258834
13410,2.0,0.0,1608.7066238425925,148.7066238425926,0.32021230105247867,0.21727443522090445
13457,2.7,0.0,1606.6496771990742,146.64967719907406,0.8085739828475192,0.3814158121629542
13483,2.0,0.0,1606.2387283564815,146.2387283564815,0.05608873715110128,0.2188180602782494
13511,2.8000000000000003,0.0,1605.2713582175927,145.2713582175926,0.4203555194326284,0.41464036714380187
13535,2.2,0.0,1604.4050052083333,144.40500520833334,0.7580226775976723,0.257916003804839
13541,3.5,0.0,1604.1383082175926,144.1383082175926,1.5252107328772035,0.725981628452535
13583,2.7,0.0,1602.8748672453703,142.87486724537038,0.6287166066405956,0.38560675422824486
13592,2.3000000000000003,0.0,1602.6323979166666,142.63239791666666,1.232532774359338,0.28071358977713673
13607,2.0,0.0,1602.155303125,142.155303125,0.43009335740361665,0.2214252057299179
13609,2.8000000000000003,0.0,1602.139941087963,142.13994108796297,0.7743842141929936,0.4184300229604577
13614,2.2,0.0,1602.0608800925927,142.06088009259258,0.5302875820380127,0.2596814529532885
13636,2.7,0.0,1601.565313425926,141.56531342592592,0.5114890315122738,0.387084275262832
13688,3.2,0.0,1599.534000462963,139.53400046296295,0.9653435656802618,0.5796050168787846
13711,2.0,0.0,1598.4527219907407,138.45272199074074,0.9062449639982282,0.22384879288501164
13720,2.1,0.0,1598.220449537037,138.22044953703704,0.24102961656581318,0.24254953854969227
13721,2.0,0.0,1598.2199373842593,138.21993738425925,0.6136918987393845,0.22400312387463722
13728,2.1,0.0,1598.0662918981482,138.06629189814814,1.027635895502833,0.24266034378449544
13761,2.0,0.0,1596.7254707175925,136.7254707175926,0.7049784740620467,0.22499956653030947
13765,3.1,0.0,1596.4090850694445,136.40908506944444,2.571673250762044,0.5402670852283386
13771,2.5,0.0,1596.061951388889,136.0619513888889,0.15062110965516037,0.33556453102632944
13797,2.0,0.0,1594.7780940972223,134.7780940972222,0.328586025974062,0.22631287880048284
13813,2.0,0.0,1594.2215369212963,134.2215369212963,0.2195207002637741,0.2266913710882253
13842,2.1,0.0,1592.731468287037,132.73146828703705,0.6870364518566223,0.2465655640901778
13857,3.2,0.0,1591.6579378472222,131.65793784722223,1.4146005282328824,0.5934194703548853
13862,2.9000000000000004,0.0,1591.4326613425926,131.43266134259258,0.43324918568611476,0.46775421341333306
13863,2.2,0.0,1591.411598263889,131.4115982638889,0.39433246007088874,0.268050262271486
13889,2.7,0.0,1590.1791668981482,130.17916689814814,0.28671680299539515,0.4004801917503522
13890,2.9000000000000004,0.0,1590.1789534722222,130.17895347222222,0.839105794783068,0.469543028005995
13913,2.4000000000000004,0.0,1588.953749074074,128.95374907407407,0.7796383467707035,0.31664159393114266
13917,2.2,0.0,1588.9016737268519,128.90167372685184,0.8718127675759574,0.2701116067123765
13936,2.3000000000000003,0.0,1587.7620789351852,127.76207893518519,0.2905914249964689,0.2935023538495666
13985,2.0,0.0,1586.0178945601851,126.01789456018518,1.1983759627275015,0.23244069045507837
13986,2.3000000000000003,0.0,1585.9813871527779,125.98138715277778,0.7484757982898343,0.29512259021508486
14020,2.0,0.0,1584.7124490740741,124.71244907407407,0.4716778909136932,0.23338637515011687
14040,2.6,0.0,1584.1397570601853,124.13975706018519,0.7503771401445793,0.37682024180523555
14143,2.0,0.0,1579.4789287037038,119.4789287037037,0.1336849767080965,0.23726852499750903
14144,2.3000000000000003,0.0,1579.4219059027778,119.42190590277778,0.8054398961339577,0.3012729709724495
14188,2.3000000000000003,0.0,1577.3587710648148,117.35877106481482,0.48575636123919413,0.30326962469979935
14198,2.6,0.0,1576.9992688657408,116.99926886574075,0.7209085672881047,0.3854539672740827
14230,2.3000000000000003,0.0,1575.618272337963,115.61827233796296,0.2324596297936595,0.304978382528896
14308,2.4000000000000004,0.0,1572.58821875,112.58821875,0.3715825896685085,0.3335103476773295
14325,2.4000000000000004,0.0,1572.0537053240741,112.05370532407407,0.30962636715203745,0.3340971405364664
14334,2.0,0.0,1571.7132869212962,111.7132869212963,0.0,0.24331663647015564
14387,3.3000000000000003,0.0,1569.0835358796296,109.08353587962964,0.6174454833348229,0.6903555471347296
14400,2.5,0.0,1568.4825990740742,108.48259907407407,0.30700724902862,0.3660741459675134
14408,2.1,0.0,1568.1427769675927,108.1427769675926,0.3208938514021367,0.2666093757347567
14423,3.2,0.0,1567.5326788194445,107.53267881944444,1.1430541136013843,0.6408887418800208
14430,2.4000000000000004,0.0,1567.150713888889,107.15071388888889,0.8489321573540549,0.33959771999143146
14436,3.0,0.0,1566.8059465277777,106.80594652777778,1.29771416423996,0.5479638419685117
14447,2.0,0.0,1566.4927517361111,106.49275173611112,1.612672660584982,0.24759447129339104
14459,2.3000000000000003,0.0,1566.0354497685184,106.03544976851852,0.5734151666307222,0.3148140421520125
14466,2.6,0.0,1565.6514305555556,105.65143055555555,0.644855289549788,0.40018491133353506
14478,2.0,0.0,1564.607966087963,104.60796608796296,0.4574005277958056,0.24918418405362716
14482,2.1,0.0,1564.4605216435186,104.46052164351852,0.5314312526528144,0.26995168150270255
14509,2.1,0.0,1563.5564984953703,103.55649849537038,0.4646938396918729,0.2707879830727495
14540,2.8000000000000003,0.0,1562.3964652777777,102.39646527777778,0.9200398694006383,0.47445097712054013
14541,2.2,0.0,1562.3924100694444,102.39241006944444,0.16938093929736195,0.294384676844705
14542,3.2,0.0,1562.2953791666666,102.29537916666666,0.5365151573998683,0.6524255518509551
14552,2.1,0.0,1561.920551388889,101.9205513888889,1.0999963015722423,0.2723177110350992
14598,2.5,0.0,1560.0298310185185,100.02983101851852,0.9868543759498162,0.3768053566846542
14611,2.3000000000000003,0.0,1559.403752199074,99.40375219907408,0.116742192487258,0.3220875200213055
14617,2.5,0.0,1559.2845641203703,99.28456412037038,0.6407086788484243,0.37778903536683095
14625,2.2,0.0,1558.9551297453704,98.95512974537037,0.7084846176018434,0.29792720194313743
14633,2.1,0.0,1558.6480751157408,98.64807511574074,0.5166233187871472,0.27544299181328985
14670,2.0,0.0,1557.2548774305556,97.25487743055555,0.19568061861483188,0.255635114947645
14733,2.2,0.0,1553.9734976851853,93.97349768518518,0.45820013452221564,0.3032558004528096
14739,2.0,0.0,1553.7992791666666,93.79927916666666,0.44712543340053507,0.2588142075522947
14744,2.5,0.0,1553.6728472222221,93.67284722222222,0.9830596980969659,0.38540880496641267
14786,2.3000000000000003,0.0,1552.3756635416667,92.37566354166667,0.27975085023331103,0.33027115693602577
14823,2.3000000000000003,0.0,1550.1823483796297,90.18234837962963,0.24834726059096648,0.3329352588760575
14830,2.6,0.0,1549.331225462963,89.33122546296296,0.45987637365713036,0.4240010245017543
14847,2.0,0.0,1548.5231311342593,88.52313113425926,0.08663130707953652,0.26386877913752155
14848,2.7,0.0,1548.3342804398148,88.33428043981482,0.38476944823232545,0.46081091147877395
14852,2.2,0.0,1548.2075171296297,88.20751712962964,0.8425716920813193,0.30973680957703403
14853,2.0,0.0,1548.2048157407407,88.20481574074074,0.5533097718869388,0.2641819387708625
14897,2.6,0.0,1545.2722355324074,85.27223553240741,0.360878870302304,0.43050488010122545
14901,2.8000000000000003,0.0,1544.9303734953703,84.93037349537038,0.6487148467843655,0.505401486583654
14902,2.3000000000000003,0.0,1544.8150390046296,84.81503900462963,0.35594720652445533,0.33969722889435167
14906,2.3000000000000003,0.0,1544.5754486111111,84.57544861111111,0.09185705279886637,0.34000753250911486
14909,2.1,0.0,1544.5058762731483,84.50587627314815,0.29196307027846014,0.2900746139313969
14929,3.0,0.0,1543.7223584490741,83.72235844907408,1.1526271306931637,0.595298208990991
14930,2.4000000000000004,0.0,1543.718207523148,83.71820752314815,0.7206347983944353,0.36936800067509146
14931,2.5,0.0,1543.7179850694445,83.71798506944444,0.9751448714787002,0.39995089753345225
14963,2.7,0.0,1543.3589368055555,83.35893680555556,0.21154093944146427,0.4695689341058035
15003,2.4000000000000004,0.0,1542.587176273148,82.58717627314815,0.1789241478346391,0.3709792335161653
15024,2.1,0.0,1541.8970621527778,81.89706215277778,0.9371882380250741,0.29300072052122295
15035,2.4000000000000004,0.0,1541.3635407407407,81.36354074074075,1.083737927480801,0.3727437067737796
15059,2.2,0.0,1539.8687059027777,79.86870590277778,0.16668549663393314,0.319783681681698
15066,2.9000000000000004,0.0,1539.532019212963,79.53201921296296,0.8723345476252686,0.5588061301638048
15067,2.5,0.0,1539.5191159722222,79.51911597222222,0.20257831392946546,0.40653234098774266
15091,2.1,0.0,1538.457389236111,78.45738923611111,0.9603739579467534,0.2969825078635386
15097,2.1,0.0,1538.2307929398148,78.23079293981482,0.24688034016898985,0.2972499884997739
15100,2.0,0.0,1538.087238773148,78.08723877314814,0.040360263237630735,0.2746773300761396
15146,2.3000000000000003,0.0,1535.889097685185,75.88909768518519,0.09721970586006079,0.3517973269916752
15163,2.1,0.0,1535.1830380787037,75.1830380787037,0.5975701851764386,0.3009129539157356
15169,2.0,0.0,1534.9118640046297,74.91186400462963,0.27178317109241035,0.27820997197165453
15186,2.3000000000000003,0.0,1534.5017138888888,74.50171388888889,0.24316589150685297,0.35378534243700055
15221,3.5,0.0,1533.5100377314816,73.51003773148148,1.8012461312505899,0.9227173327832485
15224,2.5,0.0,1533.408004513889,73.40800451388888,1.0246459478903702,0.41665882017577965
15265,2.1,0.0,1531.9869342592592,71.98693425925926,0.061295210452446805,0.30489153344789927
15297,2.1,0.0,1531.1856243055556,71.18562430555555,0.21885575941562388,0.3059123183476537
15309,2.4000000000000004,0.0,1530.900574074074,70.90057407407407,0.04315966558162218,0.3888271583505648
15321,2.7,0.0,1530.2756412037038,70.2756412037037,0.44864847677737796,0.4949239318560853
15322,2.0,0.0,1530.2238821759258,70.22388217592592,0.2593741387790712,0.2836638062291953
15332,2.4000000000000004,0.0,1529.8529622685185,69.85296226851852,0.7327578154522796,0.3905458558840252
15349,2.6,0.0,1529.2133939814814,69.21339398148149,0.14627420984014122,0.4591379391051964
15350,2.2,0.0,1529.2050664351852,69.20506643518519,0.11701204600387217,0.33401840602088884
15352,2.3000000000000003,0.0,1529.2036802083333,69.20368020833334,0.1339764452478575,0.361676252096289
15359,2.6,0.0,1528.947416898148,68.94741689814815,0.5582418923706316,0.459657587941179
15362,2.1,0.0,1528.906421412037,68.90642141203703,0.2549384819415958,0.30886952496144876
15373,2.0,0.0,1528.0379724537038,68.0379724537037,0.5372784481799553,0.28631215795543025
15375,2.1,0.0,1527.863377662037,67.86337766203704,1.432710310510267,0.3102503020937756
15420,2.3000000000000003,0.0,1526.2073342592594,66.20733425925926,0.7059317373997777,0.36636639092989626
15429,2.1,0.0,1525.9097243055555,65.90972430555556,0.22722278507127422,0.3128850643450288
15458,2.6,0.0,1524.5573390046297,64.55733900462963,0.21174086230965003,0.46848682417623233
15481,3.1,0.0,1523.158807638889,63.15880763888889,0.9024404534513659,0.7016641124949253
15505,2.4000000000000004,0.0,1521.5201487268519,61.52014872685185,0.2904647813387209,0.40504373542049943
15508,2.1,0.0,1521.4741600694445,61.474160069444444,0.201800801819351,0.31911803243780634
15514,2.8000000000000003,0.0,1521.3130979166667,61.31309791666666,0.3715179136676205,0.5573114598571149
15576,2.2,0.0,1519.2266387731481,59.226638773148146,0.8393960676292455,0.3491158050876238
15601,2.1,0.0,1518.242692824074,58.242692824074076,0.2517115643550944,0.32389890595742454
15621,2.3000000000000003,0.0,1517.6400877314816,57.64008773148148,0.08810628738911899,0.38082871906946103
15622,2.1,0.0,1517.552656712963,57.552656712962964,0.7197998111356263,0.32494817957642963
15626,2.3000000000000003,0.0,1517.4171599537037,57.4171599537037,0.7574557113880026,0.3812282673032796
15643,2.3000000000000003,0.0,1515.979033912037,55.97903391203704,0.45693367036409577,0.38383705670470547
15679,2.1,0.0,1514.2215868055555,54.22158680555555,0.6598010193578682,0.33016462595685886
15680,2.4000000000000004,0.0,1514.212519212963,54.21251921296296,0.9312699452658535,0.41917058386436057
15698,2.3000000000000003,0.0,1513.6357386574075,53.63573865740741,0.9583110371533806,0.3882088044319282
15703,2.0,0.0,1513.3269085648149,53.326908564814815,0.15005551295157535,0.30625373988853904
15705,2.2,0.0,1513.1732244212963,53.1732244212963,0.3150186537822942,0.35933811023112416
15724,2.5,0.0,1512.3479709490741,52.347970949074075,0.06544436287808054,0.4580509675280228
15737,2.6,0.0,1511.8722175925925,51.87221759259259,1.304237670930476,0.49715067001429525
15738,2.1,0.0,1511.8683489583334,51.868348958333335,0.26821044393739046,0.33401134655951703
15742,2.3000000000000003,0.0,1511.6700702546295,51.67007025462963,1.0929653104587573,0.3919990141546638
15775,2.5,0.0,1510.2903567129629,50.29035671296296,0.6771375710288703,0.46280178700519625
15814,4.6000000000000005,0.0,1508.1864693287037,48.1864693287037,0.7763083629653867,2.486412397728872
15820,2.2,0.0,1508.1412248842594,48.14122488425926,0.3370220713745203,0.3685924303233445
15821,2.6,0.0,1508.1399870370371,48.13998703703704,0.2385731123683666,0.5066841901309082
15822,2.7,0.0,1508.1347271990742,48.13472719907407,0.28986760603434614,0.5486511154705297
15827,2.4000000000000004,0.0,1508.0238483796297,48.02384837962963,0.3235058097575636,0.43241991602645596
15831,2.1,0.0,1507.9744283564814,47.97442835648148,0.11381268904777324,0.34070330684953026
15832,2.0,0.0,1507.9737966435184,47.97379664351852,0.2382575031449307,0.31465217734241957
15833,2.2,0.0,1507.9544501157407,47.95445011574074,0.38110986843643807,0.3689509115655949
15834,2.8000000000000003,0.0,1507.928303587963,47.928303587962965,0.5683822863313658,0.594716491973894
15838,2.1,0.0,1507.8770453703703,47.87704537037037,0.2046005261958782,0.3408762833197966
15839,2.1,0.0,1507.8481550925926,47.84815509259259,0.03726943461914062,0.3409276549513136
15842,2.8000000000000003,0.0,1507.8211871527778,47.821187152777775,0.3746451265348518,0.5950488200991311
15847,2.0,0.0,1507.703446412037,47.70344641203704,0.2723911014747036,0.3150963276695288
15851,2.0,0.0,1507.5423666666666,47.542366666666666,0.09975316181416466,0.3153619392896201
15853,2.9000000000000004,0.0,1507.5259322916668,47.52593229166666,0.39773241764306827,0.6453123575954041
15854,2.5,0.0,1507.513834837963,47.51383483796296,0.3622804044859021,0.4694716285200711
15860,2.0,0.0,1507.388662037037,47.38866203703704,0.12439984321028998,0.31561607592752994
15863,2.0,0.0,1507.3276756944445,47.327675694444444,0.13025305300266424,0.3157170978523448
15872,2.9000000000000004,0.0,1507.0700900462964,47.07009004629629,0.798822482904297,0.646858943497505
15873,2.1,0.0,1507.0683962962962,47.0683962962963,0.44316285021627133,0.3423238576591171
15874,2.5,0.0,1507.0645328703704,47.06453287037037,0.5841790785309986,0.47058074144354595
15877,3.2,0.0,1506.947703587963,46.94770358796296,0.17653481727961376,0.8217331129515044
15878,3.8000000000000003,0.0,1506.9417459490742,46.941745949074075,0.33485573396315016,1.3244228126692728
15879,2.1,0.0,1506.9366434027777,46.936643402777776,0.28496428101232946,0.3425616308843679
15881,2.1,0.0,1506.9261039351852,46.92610393518518,0.2418940928368588,0.34258067488418503
15885,2.7,0.0,1506.8816782407407,46.88167824074074,0.7081889101169638,0.5522641871213236
15887,2.4000000000000004,0.0,1506.8684275462963,46.868427546296296,0.33776190525860156,0.43504696760480394
15888,2.2,0.0,1506.8329028935186,46.832902893518515,0.2827010198085353,0.3711278361750441
15890,2.1,0.0,1506.829582986111,46.82958298611111,0.23426434728913967,0.34275524329706586
15892,2.1,0.0,1506.796863773148,46.79686377314815,0.6280088386176508,0.34281448611127785
15895,2.4000000000000004,0.0,1506.7092116898148,46.709211689814815,0.9169330170080806,0.4354131060441064
15896,2.0,0.0,1506.6460872685186,46.64608726851852,0.2926587470070312,0.31685341919009885
15897,2.7,0.0,1506.5714762731482,46.57147627314815,0.8555127238692645,0.5531707902275032
15901,2.4000000000000004,0.0,1506.4892064814815,46.48920648148148,0.29693599353291533,0.4359207170448648
15905,2.5,0.0,1506.3382715277778,46.33827152777778,0.34263767097000913,0.4723919463656299
15907,2.0,0.0,1506.288144212963,46.28814421296296,1.008349299800365,0.31745560484793217
15908,2.4000000000000004,0.0,1506.285382986111,46.28538298611111,0.5674025052852321,0.43639274397815075
15909,2.1,0.0,1506.233849074074,46.23384907407407,0.2702016538518168,0.3438392361467865
15915,2.6,0.0,1506.1260956018518,46.12609560185185,1.1120953046874313,0.5120822559758672
15931,2.0,0.0,1505.580929050926,45.580929050925924,0.25446544784925673,0.31865663655941684
15934,2.3000000000000003,0.0,1505.4699665509258,45.469966550925925,0.41716747473880017,0.40478340836144117
15946,3.0,0.0,1505.0357231481482,45.03572314814815,0.4690777419302757,0.7080559014606698
15947,2.5,0.0,1504.9474753472223,44.94747534722222,0.04990536061803096,0.47592600532736207
15948,3.0,0.0,1504.9464269675925,44.94642696759259,0.4889007139141364,0.708397598873765
15950,3.0,0.0,1504.8555594907407,44.85555949074074,0.539999182740423,0.7087458766953938
15954,2.7,0.0,1504.8270622685186,44.82706226851852,0.43220301246130194,0.5583627424165374
15983,2.0,0.0,1503.577820138889,43.57782013888889,0.5074611630058729,0.32214277255697615
16001,2.0,0.0,1503.1195568287037,43.1195568287037,0.329694017004424,0.3229585839936993
16007,2.7,0.0,1502.6184256944443,42.61842569444445,0.8211534073170715,0.5651776397372937
16014,2.0,0.0,1502.353704513889,42.353704513888886,0.24451642527570888,0.324337824179467
16030,2.6,0.0,1501.4143998842592,41.41439988425926,0.3893862818439991,0.5255042086424317
16034,2.9000000000000004,0.0,1501.219010763889,41.21901076388889,0.5007088785816032,0.6678804685465458
16036,2.2,0.0,1501.1960559027777,41.19605590277778,0.3261429725098506,0.3827596363698359
16063,2.4000000000000004,0.0,1500.033666087963,40.03366608796296,0.36698115541886633,0.45176524982860694
16070,2.2,0.0,1499.7035929398148,39.70359293981481,0.3187827933401446,0.3860547964828362
16102,2.2,0.0,1497.3480087962962,37.3480087962963,0.33373601870766856,0.39146532072958534
16111,2.0,0.0,1497.0129773148149,37.01297731481481,0.2694198030276601,0.3345620652253383
16119,2.8000000000000003,0.0,1496.2302111111112,36.23021111111111,0.4037464549368891,0.6352158147071274
16121,2.0,0.0,1495.9683809027779,35.96838090277778,0.5430493889415338,0.33669963918645573
16162,2.7,0.0,1493.158237037037,33.15823703703704,0.4680803807871537,0.5980730480043078
16163,2.4000000000000004,0.0,1493.15806875,33.15806875,0.29506937288282375,0.4711005300764325
16183,3.1,0.0,1492.1378146990742,32.13781469907408,0.04800674030819876,0.8276110146109389
16184,3.0,0.0,1492.1178635416666,32.117863541666665,1.1569561806443305,0.7644272220140832
16199,2.1,0.0,1490.8613233796295,30.86132337962963,1.16737454087529,0.3767389614964865
16222,3.3000000000000003,0.0,1489.6976969907407,29.69769699074074,0.438125195125236,0.9863775932104389
16234,2.1,0.0,1488.7964800925927,28.796480092592592,0.05103342654576751,0.3821175148671574
16240,2.0,0.0,1488.443524074074,28.443524074074073,0.15959501114775412,0.3537758999075811
16275,2.1,0.0,1486.49694375,26.49694375,0.2998828585929136,0.38848194098216976
16279,2.4000000000000004,0.0,1486.2707935185185,26.27079351851852,0.3896820223505283,0.4940117407627204
16299,2.9000000000000004,0.0,1485.459296875,25.459296875,0.8600939971922521,0.7397865596992349
16352,3.2,0.0,1484.291321412037,24.291321412037036,0.692565388817785,0.9476081496983638
16363,2.3000000000000003,0.0,1483.8395157407408,23.83951574074074,0.4354556864328071,0.4647688122956896
16366,2.0,0.0,1483.8022704861112,23.802270486111112,0.7588779396579538,0.3662038452211635
16397,2.1,0.0,1482.908167824074,22.908167824074074,0.48025049954810317,0.39935237654062855
16402,2.2,0.0,1482.8243836805555,22.824383680555556,0.29688321609511026,0.43270930560412474
16405,2.0,0.0,1482.787819675926,22.787819675925927,0.2818066897576927,0.3691732294736673
16412,2.9000000000000004,0.0,1482.6836706018519,22.68367060185185,1.479627311345887,0.7559949967884082
16433,2.4000000000000004,0.0,1481.3292847222222,21.329284722222223,0.2917257036219894,0.5136072913229814
16434,2.5,0.0,1481.2225787037037,21.222578703703704,0.383294553069079,0.5566317742194173
16435,2.0,0.0,1481.2203017361112,21.22030173611111,0.22939781693926517,0.37397376854251774
16449,2.1,0.0,1480.6259145833333,20.625914583333333,0.6192513716653048,0.4069880819016586
16479,2.7,0.0,1478.6715310185184,18.671531018518518,0.44877395990611024,0.6673627395502578
16518,2.8000000000000003,0.0,1476.6821164351852,16.682116435185186,0.2579955588404416,0.7363017951149581
16520,3.3000000000000003,0.0,1476.649937037037,16.649937037037038,1.5912279043185147,1.0962955172230933
16558,2.1,0.0,1474.3220284722222,14.322028472222222,0.8051960997697949,0.43223198092891313
16563,2.5,0.0,1474.1316313657408,14.131631365740741,0.3657210854362019,0.5953839182718135
16590,2.2,0.0,1472.9325197916667,12.932519791666667,0.3071358111818729,0.47528659624155467
16599,3.0,0.0,1472.4602741898148,12.460274189814815,1.827557578167573,0.9030439129443405
16603,2.0,0.0,1472.2236032407407,12.22360324074074,0.730741265327637,0.40874384751250026
16604,2.0,0.0,1472.1798216435186,12.179821643518519,1.3556136900260771,0.4089565748241226
16617,2.2,0.0,1471.6838452546297,11.68384525462963,2.0317233202586817,0.4823561753320789
16641,2.1,0.0,1470.7862188657407,10.786218865740741,0.3129491735753579,0.45050981100031623
16660,2.0,0.0,1469.1950225694445,9.195022569444445,0.3546545946707059,0.4251046887413259
16686,2.0,0.0,1467.7505341435185,7.750534143518519,0.48464870155509787,0.4344341390944409
16716,2.2,0.0,1466.4796363425926,6.479636342592593,0.29058645106598147,0.5203683667619681
16719,2.2,0.0,1466.3799332175927,6.379933217592592,0.9386632837868855,0.5213011836515021
16737,2.4000000000000004,0.0,1465.1681083333333,5.1681083333333335,1.5310601822809242,0.6256774222491369
16757,2.4000000000000004,0.0,1464.0077328703703,4.00773287037037,0.505460555930515,0.6422437897694827
16758,3.3000000000000003,0.0,1463.9841975694444,3.9841975694444445,1.116899953644203,1.314846085312822
16762,2.3000000000000003,0.0,1463.9257224537037,3.925722453703704,0.323062370671691,0.5943389548469334
16764,2.9000000000000004,0.0,1463.8906150462963,3.8906150462962965,0.3673049476002126,0.9587325411658892
16770,3.1,0.0,1463.6290145833334,3.6290145833333334,0.5624535097655947,1.1316347651364072
16771,2.5,0.0,1463.6268927083333,3.6268927083333335,0.3437576051888685,0.7021797026292703
16773,2.1,0.0,1463.5220150462962,3.5220150462962962,0.23016313313817316,0.5122345010114209
16774,2.1,0.0,1463.5168206018518,3.516820601851852,0.17133544596851508,0.5123058531974578
16775,3.0,0.0,1463.513996875,3.513996875,0.46191494570772995,1.0482999280489185
16778,2.2,0.0,1463.3610534722222,3.3610534722222223,1.3970840174918648,0.5570818199575798
16789,2.0,0.0,1462.757948263889,2.757948263888889,1.9532163510573133,0.48368117628530205
16796,2.3000000000000003,0.0,1462.4967819444444,2.4967819444444443,0.4364794816596896,0.6193111964020388
16799,2.8000000000000003,0.0,1462.3600238425927,2.3600238425925926,0.45303484068176053,0.9261738391180768
16800,2.8000000000000003,0.0,1462.3398125,2.3398125,0.4918558646431922,0.9268342202459339
16801,2.2,0.0,1462.3132833333334,2.313283333333333,0.356328355574497,0.575610805908639
16805,2.0,0.0,1462.1721981481483,2.1721981481481483,0.35913008375129046,0.4934761647486191
16813,3.0,0.0,1461.8227824074074,1.8227824074074075,1.2260921250575563,1.1084781771467642
16827,2.8000000000000003,0.0,1461.3060422453705,1.3060422453703704,0.7769498855267829,0.9686340004730066
16832,3.0,0.0,1461.216059837963,1.216059837962963,0.8433787579561383,1.1412257969168218
16833,2.5,0.0,1461.1770369212963,1.1770369212962963,0.574871835419575,0.768402645227631
16834,2.7,0.0,1461.102600925926,1.102600925925926,1.2076943937346047,0.9048209345251212
16836,2.5,0.0,1460.9120855324074,0.9120855324074074,0.49658548666782565,0.7811276907254857
16860,2.0,0.0,1459.7748328703703,0.0,0.33664394080897336,0.6508360848647138
16881,2.6,0.0,1458.6761003472222,0.0,1.7219173055619488,1.0488742225228904
16887,2.2,0.0,1458.5480944444444,0.0,0.3671716003192378,0.7630126134177418
16893,3.0,0.0,1458.179248611111,0.0,1.4168733134050484,1.4417759685798075
16894,2.0,0.0,1458.1785929398147,0.0,0.11819436431317125,0.6507698111643887
16898,2.1,0.0,1457.9473024305555,0.0,0.26924269319672917,0.7046411771969032
16921,2.0,0.0,1456.7787892361112,0.0,0.3824335429801081,0.6507115799853718
16926,2.0,0.0,1456.6056623842592,0.0,0.4195824961501266,0.6507043706240528
16932,2.6,0.0,1456.5175430555555,0.0,2.3756709526974213,1.048729522811617
16953,2.0,0.0,1455.7135206018518,0.0,0.15604247523674028,0.6506671942513709
16963,2.6,0.0,1454.8328466435185,0.0,0.2898221687390229,1.0486163060764775
17034,2.0,0.0,1451.270033912037,0.0,1.3919599017593023,0.6504813861115015
17048,2.0,0.0,1450.6358320601853,0.0,0.5880693814538075,0.6504547786871979
17053,2.6,0.0,1450.4216837962963,0.0,1.239697397148645,1.0483186842734653
17054,2.8000000000000003,0.0,1450.4127186342594,0.0,1.983678079884554,1.229099800738981
17122,2.0,0.0,1447.585633449074,0.0,0.24405577594575245,0.6503265025712266
17161,2.3000000000000003,0.0,1445.0619346064814,0.0,0.7640005361477139,0.8254702421475033
17168,2.3000000000000003,0.0,1444.9079809027778,0.0,0.39140569527439356,0.8254619782631223
17215,2.0,0.0,1442.2022159722221,0.0,0.4651310709080244,0.6500988546498195
17258,2.0,0.0,1439.1683318287037,0.0,0.21249487195527478,0.6499698547757351
17271,2.0,0.0,1438.5358716435185,0.0,0.8205513576473731,0.6499428983036605
17280,2.1,0.0,1438.3231523148147,0.0,1.0225037762475442,0.7037463862157454
17303,3.4000000000000004,0.0,1437.1243600694445,0.0,3.6748295441638503,1.9792172165348216
17305,2.1,0.0,1437.107951273148,0.0,0.13379129718833724,0.7036902206587737
17308,2.2,0.0,1437.0600402777777,0.0,0.6247637990439361,0.7619512474570445
17311,2.0,0.0,1436.956452662037,0.0,0.596254647007639,0.6498754835553711
17312,3.6,0.0,1436.7482288194444,0.0,2.742116257911263,2.320474461989542
17313,2.6,0.0,1436.747463888889,0.0,0.8485145135293571,1.0473851330701482
17324,2.5,0.0,1436.1873420138888,0.0,0.4620569032921039,0.9672603026823675
17330,2.3000000000000003,0.0,1435.9676023148147,0.0,0.6680205415985918,0.824979219324124
17343,2.3000000000000003,0.0,1435.2890341435186,0.0,2.392671971210934,0.8249423475095964
17346,2.5,0.0,1435.1946792824074,0.0,0.6993573373496667,0.9671970671424427
17353,2.8000000000000003,0.0,1434.9178712962962,0.0,0.7231655611509439,1.227858034246799
17355,2.9000000000000004,0.0,1434.8484640046297,0.0,1.4054086045778833,1.3295148894868212
17380,2.0,0.0,1432.8621425925926,0.0,0.9677226447551469,0.649700075451335
17399,2.3000000000000003,0.0,1431.7625891203704,0.0,2.0876216020079643,0.8247502007665426
17443,2.1,0.0,1429.6142174768518,0.0,1.4714083193808705,0.7033418870671604
17459,2.1,0.0,1428.8870774305556,0.0,0.8426342805705768,0.7033079049550627
17474,2.4000000000000004,0.0,1427.7378322916666,0.0,1.162948161086726,0.8927983958714083
17478,2.0,0.0,1427.4943297453704,0.0,1.6246342068655708,0.6494686793638271
17524,2.2,0.0,1425.9112407407408,0.0,0.4154532980610535,0.7613887236541875
17577,2.5,0.0,1423.6908659722221,0.0,0.8769661478803483,0.9664582142956518
17598,2.0,0.0,1422.1877555555557,0.0,1.553989028098595,0.6492383172675148
17609,2.3000000000000003,0.0,1421.7953527777777,0.0,0.8391752953874082,0.8242022877010412
17626,2.0,0.0,1420.7801739583333,0.0,1.2869789298787255,0.6491769435065557
17630,2.1,0.0,1420.74429375,0.0,0.4663691863476012,0.7029251396121675
17632,2.1,0.0,1420.726180324074,0.0,1.036818236367873,0.7029242835925702
17637,2.0,0.0,1420.640224537037,0.0,0.3734353756259063,0.649170835191075
17655,2.2,0.0,1419.9798665509259,0.0,1.4447647351119406,0.7610860834964637
17660,2.1,0.0,1419.6450785879629,0.0,0.0,0.70287315507399
17663,2.5,0.0,1419.3388141203704,0.0,1.5288723183343518,0.9661757773927937
17666,2.0,0.0,1419.2330394675926,0.0,0.6684904662490474,0.6491093539111361
17669,2.1,0.0,1419.0613024305555,0.0,1.030883003253987,0.7028455163570215
17696,2.2,0.0,1417.6646074074074,0.0,0.0,0.7609673095101006
17699,2.1,0.0,1417.3710655092593,0.0,1.9653043738511542,0.7027653729024564
17745,2.2,0.0,1415.3076997685184,0.0,0.596472044960847,0.7608460270884007
17751,2.1,0.0,1415.1631006944444,0.0,0.5833571907046043,0.7026604125004322
17759,3.3000000000000003,0.0,1414.9252826388888,0.0,1.021703520652054,1.8251683412629058
17820,2.6,0.0,1412.2026982638888,0.0,0.5317918355513093,1.0456669550025062
17830,2.6,0.0,1411.6614802083334,0.0,1.4217207684873108,1.045628441074159
17843,2.6,0.0,1410.962915625,0.0,2.2320273651012164,1.045578689526097
17849,2.0,0.0,1410.5372653935185,0.0,0.5330790960260924,0.648726893395487
17977,2.0,0.0,1405.2462770833333,0.0,0.35340592799846243,0.6484920313693329
17993,2.5,0.0,1404.4099515046296,0.0,1.5002464642406457,0.965194556593094
18000,2.0,0.0,1404.0100543981482,0.0,0.2347452726411886,0.6484369200365948
18006,2.6,0.0,1403.6531710648148,0.0,0.5695009812387404,1.0450553354670125
18013,2.5,0.0,1403.407527662037,0.0,1.4149234094818701,0.9651279767074792
18014,2.8000000000000003,0.0,1403.3889494212963,0.0,0.8049044458687887,1.2252521102552465
18026,2.0,0.0,1403.1405048611111,0.0,0.5492670944118992,0.6483981012530953
18038,2.0,0.0,1402.8548188657408,0.0,1.0852341050726717,0.6483853378162032
18091,2.1,0.0,1400.7490230324074,0.0,0.7933681611369786,0.7019676569813562
18100,3.4000000000000004,0.0,1400.5831261574074,0.0,1.7112755000401811,1.9743475182004417
18113,3.1,0.0,1399.3573701388889,0.0,0.5405367090048255,1.5550546406298351
18135,2.2,0.0,1398.2698657407407,0.0,0.18426630783710618,0.7599580002872105
18175,2.0,0.0,1396.331975,0.0,0.5663258447853219,0.6480926059984278
18177,2.0,0.0,1396.2819949074074,0.0,0.16950987982190624,0.6480903532367975
18193,3.3000000000000003,0.0,1395.4734174768519,0.0,2.218734673909948,1.8227310683662266
18195,2.6,0.0,1395.4693732638889,0.0,0.9216285324642524,1.044463379454387
18213,2.5,0.0,1394.814774189815,0.0,0.18473369493826106,0.9645536242855091
18214,2.3000000000000003,0.0,1394.775765625,0.0,1.0036039598918158,0.8226803483269893
18220,3.7,0.0,1394.2465229166667,0.0,2.664372726995512,2.505380025522081
18238,2.1,0.0,1393.2859008101852,0.0,1.0380704891647554,0.7016037588227314
18256,2.7,0.0,1392.7834578703703,0.0,1.5909843461052056,1.1307299135830993
18294,3.4000000000000004,0.0,1390.243652662037,0.0,1.8836043658339,1.9729265229187243
18295,2.7,0.0,1390.2426408564816,0.0,0.7012973336132563,1.1305287836114304
18308,2.1,0.0,1389.4078530092593,0.0,0.11453346258372041,0.7014132433436605
18341,2.1,0.0,1387.9241320601852,0.0,1.0030256725522257,0.7013400937888081
18344,2.0,0.0,1387.89230625,0.0,1.4896230341320944,0.6477100830687382
18357,2.7,0.0,1387.4396969907407,0.0,0.5702684840857399,1.1303061168218063
18360,2.1,0.0,1387.3538466435184,0.0,0.2922222018782212,0.7013119396000069
18371,2.0,0.0,1386.7485636574074,0.0,0.2241992132368975,0.6476579137080142
18375,2.0,0.0,1386.562134375,0.0,0.7067131551537856,0.6476494026333497
18384,2.6,0.0,1385.9213248842593,0.0,2.789680946440475,1.0437645926337267
18385,2.6,0.0,1385.9210769675926,0.0,0.44847654972249257,1.0437645743745503
18388,2.0,0.0,1385.8299983796296,0.0,1.338427442564795,0.6476159579836803
18389,3.1,0.0,1385.8277599537037,0.0,1.152550723100638,1.553584486698171
18399,2.0,0.0,1385.0299378472223,0.0,1.540899853447555,0.6475793733101229
18434,2.6,0.0,1384.1674,0.0,0.8732045297044422,1.0436352648383675
18447,2.3000000000000003,0.0,1383.723206712963,0.0,0.5325662548064181,0.8220419597077593
18455,2.4000000000000004,0.0,1383.3791721064815,0.0,0.1428400301840884,0.8900828735267864
18521,2.8000000000000003,0.0,1380.1169989583334,0.0,1.305757423238426,1.2232579226528741
18530,2.6,0.0,1379.1891627314815,0.0,0.45507948202819776,1.0432665434271138
18576,2.3000000000000003,0.0,1377.3163292824074,0.0,0.07728936791609677,0.8216675930055906
18584,2.5,0.0,1377.1605368055555,0.0,0.3889081539490201,0.9633528779713071
18587,3.0,0.0,1376.964015625,0.0,1.4788850185297941,1.4338855388007827
18621,2.0,0.0,1375.2716377314814,0.0,0.4817835170209652,0.6471300086163736
18658,2.0,0.0,1372.8969460648148,0.0,1.4073770359750697,0.6470197701183932
18676,2.5,0.0,1371.7222641203705,0.0,0.46495860694110697,0.9629772856763728
18696,2.6,0.0,1370.6209112268518,0.0,2.253770000158686,1.0426261769223224
18697,2.0,0.0,1370.6142761574074,0.0,0.7751054373872542,0.6469134742915095
18698,2.0,0.0,1370.4841758101852,0.0,0.11510556441687332,0.6469074062355449
18701,3.0,0.0,1370.3932947916667,0.0,2.349131283761362,1.4332093849931695
18702,2.8000000000000003,0.0,1370.3697773148149,0.0,1.7643906412871235,1.2224042004637572
18703,2.3000000000000003,0.0,1370.3665341435185,0.0,0.6486671436192565,0.8212578785434468
18711,2.0,0.0,1369.6400704861112,0.0,1.7591526125231585,0.6468680104481914
18714,2.6,0.0,1369.5507234953704,0.0,0.4123682399083504,1.0425456795633803
18719,2.1,0.0,1369.2013355324075,0.0,1.1815072336602397,0.7004045386193758
18736,2.1,0.0,1368.830915625,0.0,1.4853824178117792,0.7003857929836791
18737,2.3000000000000003,0.0,1368.8303949074075,0.0,0.5214232929427074,0.8211668047630358
18753,2.3000000000000003,0.0,1367.8429167824074,0.0,0.26804990964541225,0.8211081611119765
18789,2.3000000000000003,0.0,1366.2156494212963,0.0,0.0,0.8210113533962168
18804,2.8000000000000003,0.0,1365.8586612268518,0.0,2.26715169224835,1.2220053204043162
18806,2.9000000000000004,0.0,1365.8251064814815,0.0,0.5922210445376793,1.3231804505453657
18820,2.1,0.0,1365.3704600694443,0.0,0.5480105723332984,0.7002102234110006
18828,2.9000000000000004,0.0,1365.150910300926,0.0,1.0136391921378654,1.3231156747335835
18829,2.6,0.0,1365.1391086805556,0.0,0.0014364715128121533,1.0422126310345652
18850,2.0,0.0,1364.2925232638888,0.0,0.1084408692510826,0.6466173983074177
18853,2.1,0.0,1364.214373148148,0.0,1.288070774375266,0.7001513872757607
18860,2.2,0.0,1364.0368454861111,0.0,0.16772273578277266,0.7581120174875996
18901,2.3000000000000003,0.0,1361.9592510416667,0.0,0.5784313672655861,0.8207571393680086
18905,2.4000000000000004,0.0,1361.883514699074,0.0,0.6516656944622264,0.8887084413865405
18906,3.3000000000000003,0.0,1361.838416087963,0.0,3.206957138431492,1.818365594322306
18908,3.2,0.0,1361.6861166666667,0.0,2.799791209098949,1.6793040704154791
18909,2.1,0.0,1361.5399847222222,0.0,0.4593940666898527,0.7000149323121362
18934,2.4000000000000004,0.0,1360.629868287037,0.0,0.6923405230794158,0.8886270607069703
18937,3.0,0.0,1360.442287962963,0.0,1.2127692035196163,1.4321740395978182
18948,2.1,0.0,1359.7212673611111,0.0,0.5425173028868114,0.6999218571273902
18969,2.1,0.0,1358.47048125,0.0,0.030293941724828268,0.6998577150490419
18984,2.3000000000000003,0.0,1357.1197375,0.0,0.0010211994428058993,0.8204663363280391
18997,2.0,0.0,1356.3600726851853,0.0,0.9872513594219646,0.6462423319419158
19012,2.0,0.0,1355.8750381944444,0.0,0.20536754956456413,0.6462192689066393
19014,2.1,0.0,1355.6913797453703,0.0,0.6562803729754069,0.6997148139684937
19046,2.2,0.0,1353.334394212963,0.0,1.4733243967647045,0.7575174062458934
19106,2.4000000000000004,0.0,1350.4963221064816,0.0,1.7135688715452073,0.8879642035469227
19133,2.3000000000000003,0.0,1349.4127372685184,0.0,0.029394459673296694,0.819999320791305
19148,3.1,0.0,1348.7753810185186,0.0,0.9161785964687252,1.5494202067493057
19175,3.9000000000000004,0.0,1347.9679525462964,0.0,3.7620602505018317,2.927651800573751
19177,2.2,0.0,1347.8960640046296,0.0,0.5054650603217281,0.7572119797304896
19180,2.4000000000000004,0.0,1347.8471487268519,0.0,1.1321912147737954,0.8877894259908785
19181,2.1,0.0,1347.8234424768518,0.0,0.08691453037746118,0.6993073481635762
19185,2.1,0.0,1347.6078493055556,0.0,0.09962845068449123,0.6992961223568558
19223,2.7,0.0,1346.0622021990741,0.0,0.7265247719399055,1.1269205420127266
19235,2.2,0.0,1345.6565565972223,0.0,1.1428696689366533,0.7570855555962199
19239,2.3000000000000003,0.0,1345.435792824074,0.0,1.0248232020264636,0.8197564380441132
19245,3.2,0.0,1345.29713125,0.0,1.6705751608302994,1.6772726558396196
19254,2.0,0.0,1345.0916391203705,0.0,0.8941503766771444,0.6457026348075413
19298,2.3000000000000003,0.0,1342.7374613425925,0.0,2.570296015058786,0.8195909033419008
19299,2.1,0.0,1342.7374310185185,0.0,0.9376815076614854,0.699041654535413
19301,2.4000000000000004,0.0,1342.6315797453703,0.0,0.12738611541069264,0.8874435100109469
19304,2.0,0.0,1342.4436780092592,0.0,0.0,0.6455746228894791
19317,3.0,0.0,1341.9464332175926,0.0,1.6828736487467122,1.4302126353621138
19357,2.3000000000000003,0.0,1340.0512888888888,0.0,0.0031683899705272443,0.8194255170137863
19361,2.4000000000000004,0.0,1339.8427686342593,0.0,0.825174462208557,0.8872575482278412
19388,2.1,0.0,1338.8367984953704,0.0,0.06717396889054666,0.6988366508087679
19447,2.3000000000000003,0.0,1336.5194043981483,0.0,0.5059951081011177,0.8192071488144361
19462,2.1,0.0,1336.050790625,0.0,1.6324444479827507,0.6986895675979714
19463,2.0,0.0,1336.0172012731482,0.0,0.7780893923280862,0.6452620413116964
19464,2.6,0.0,1335.9878605324075,0.0,0.9448993758736842,1.0399617657434597
19471,2.1,0.0,1335.5180211805555,0.0,1.2372610975851923,0.6986613778926684
19523,2.2,0.0,1333.019591898148,0.0,0.3534071474838796,0.7563649972362141
19524,2.0,0.0,1332.9890461805555,0.0,0.8929273317908732,0.6451138125146434
19531,4.5,0.0,1332.507245138889,0.0,8.19719691993234,4.71298807868974
19532,2.4000000000000004,0.0,1332.5062047453703,0.0,1.1075127144463042,0.8867649884284353
19533,3.2,0.0,1332.5056314814815,0.0,2.06505928541174,1.6756557912374488
19534,2.2,0.0,1332.505325925926,0.0,0.3636670914537468,0.7563354133482925
19536,2.3000000000000003,0.0,1332.5036438657407,0.0,0.8048166494272064,0.8189575981379849
19542,2.4000000000000004,0.0,1332.4725496527778,0.0,0.2988609916580046,0.8867627176630206
19548,2.4000000000000004,0.0,1332.2838523148148,0.0,1.4469283353069724,0.8867499840284534
19549,2.5,0.0,1332.2838121527777,0.0,0.41331095054260897,0.9601702035546501
19552,2.4000000000000004,0.0,1332.2188947916666,0.0,0.3739818155575491,0.8867455998284149
19557,2.6,0.0,1332.1187693287036,0.0,0.33900358525687846,1.0396563374735486
19585,2.1,0.0,1330.9457633101852,0.0,0.009036003983542167,0.6984186179437231
19624,2.6,0.0,1329.1001010416667,0.0,1.0476414993242307,1.0394169326572873
19628,2.0,0.0,1328.9545652777779,0.0,0.875286139550152,0.6449153809110263
19629,2.4000000000000004,0.0,1328.8855269675926,0.0,1.009072628837082,0.8865201030822913
19636,2.2,0.0,1328.6994574074074,0.0,0.056252521933478294,0.7561158360321789
19637,2.8000000000000003,0.0,1328.6984427083332,0.0,2.2035486583938537,1.2186262251052724
19668,2.0,0.0,1327.9007530092592,0.0,1.1595506145555263,0.6448633720370633
19733,2.2,0.0,1326.7998516203704,0.0,0.18552401663827342,0.7560058165540023
19785,2.0,0.0,1324.1653252314816,0.0,0.8657574148158839,0.6446784195600691
19835,2.3000000000000003,0.0,1322.234541898148,0.0,1.1853786697608466,0.8183132611863189
19903,2.2,0.0,1318.7553268518518,0.0,0.9742334514711332,0.7555367566850382
19910,2.2,0.0,1318.4358634259258,0.0,0.0,0.7555180237683438
19914,2.2,0.0,1318.2485592592593,0.0,0.7161105829514051,0.7555070367262109
19919,2.0,0.0,1318.0860510416667,0.0,0.07541870977424443,0.6443754106970727
19926,2.4000000000000004,0.0,1317.6936136574075,0.0,0.9535776572495046,0.885755514236315
19933,2.3000000000000003,0.0,1317.3775309027778,0.0,1.855260242919355,0.8180053756678414
19944,2.7,0.0,1316.990028125,0.0,1.6309558301556202,1.124426872657897
19945,2.1,0.0,1316.8829074074074,0.0,0.6687961852761922,0.6976624957469318
19947,2.4000000000000004,0.0,1316.8144233796297,0.0,2.2828198198735214,0.8856949591273973
19948,2.0,0.0,1316.8140494212962,0.0,0.9966208886975758,0.6443116941732397
19951,2.3000000000000003,0.0,1316.6056408564814,0.0,0.7639653118457448,0.8179562587848368
19955,2.5,0.0,1316.3581255787037,0.0,2.403166316463598,0.9589937677876044
19976,2.0,0.0,1315.5228020833333,0.0,1.0294338215968228,0.6442469011275898
19988,2.5,0.0,1314.215057986111,0.0,0.5796643762040768,0.9588335135649443
19991,3.1,0.0,1314.0438135416666,0.0,0.48780376060890435,1.5453242357367538
20001,2.1,0.0,1313.4018549768518,0.0,1.442320606106052,0.6974730951741275
20004,2.9000000000000004,0.0,1313.266355324074,0.0,0.6030206384340856,1.3179506559811918
20008,2.0,0.0,1312.8182032407408,0.0,0.7660537573904553,0.6441108196767046
20015,3.0,0.0,1311.9127199074073,0.0,1.2793387264132976,1.4269217760205197
20016,2.0,0.0,1311.8463203703704,0.0,0.5850919925690168,0.6440617974271458
20031,2.1,0.0,1310.6059372685186,0.0,0.37875552754721065,0.6973203228700158
20042,3.8000000000000003,0.0,1310.192994212963,0.0,0.9167723012392685,2.6959874206569117
20052,2.3000000000000003,0.0,1309.8958471064814,0.0,0.5768826264912669,0.817527127717403
20064,2.2,0.0,1309.3738980324074,0.0,0.9458635963487623,0.7549832474597741
20108,2.1,0.0,1306.7782918981482,0.0,0.12161776143331295,0.6971102325185029
20140,2.2,0.0,1305.6309313657407,0.0,0.2454209008788826,0.7547604348320425
20165,2.0,0.0,1303.8540252314815,0.0,0.6601460602635518,0.6436561973760292
20181,2.5,0.0,1303.2253806712963,0.0,0.3183442784479739,0.9580043593489085
20192,2.0,0.0,1302.646842361111,0.0,0.4063046043823046,0.6435945499443756
20194,2.0,0.0,1302.6035212962963,0.0,0.030080493427796666,0.6435923357753531
20222,3.4000000000000004,0.0,1301.1293015046297,0.0,1.980322621220301,1.9598303364946648
20236,2.2,0.0,1300.2409778935184,0.0,1.1752617658882878,0.754437579367082
20257,2.2,0.0,1298.5508637731482,0.0,1.0913545107760554,0.7543358531425011
20262,2.8000000000000003,0.0,1298.2397972222223,0.0,0.62606923365787,1.2157273178474248
20286,2.2,0.0,1296.8669613425925,0.0,0.43448340084054626,0.7542342673453435
20294,2.1,0.0,1296.5746140046297,0.0,0.6659366522325437,0.6965447997034012
20307,2.0,0.0,1295.9518140046296,0.0,0.3510074525961442,0.6432508066831197
20317,2.8000000000000003,0.0,1295.5358783564816,0.0,0.19341490773686146,1.2154641222399014
20333,2.3000000000000003,0.0,1294.7458494212963,0.0,1.3514132220644874,0.8165436717680595
20334,2.2,0.0,1294.7440541666667,0.0,0.3261522925533937,0.7541058643496751
20349,2.0,0.0,1293.8610873842592,0.0,0.20287371237188032,0.6431428174701317
20364,2.6,0.0,1292.6106565972223,0.0,0.08248991314127418,1.0364442068086466
20446,2.3000000000000003,0.0,1288.8506730324075,0.0,0.2507507241111506,0.8161554620432888
20492,3.1,0.0,1286.7980699074074,0.0,0.23922425638992534,1.5419733242262084
20496,2.2,0.0,1286.5739373842594,0.0,0.2341608990994151,0.7536082091004382
20503,2.8000000000000003,0.0,1286.125214236111,0.0,1.2519271540120724,1.2145404840827023
20516,2.0,0.0,1285.1635541666667,0.0,0.2792796344041602,0.6426902495233682
20521,2.1,0.0,1284.8710708333333,0.0,0.9764868869914026,0.6958864817593684
20547,2.0,0.0,1283.9816737268518,0.0,0.23938247402928994,0.6426283346424064
20554,2.6,0.0,1283.4924467592593,0.0,0.9746308446564071,1.0356779968026792
20565,2.6,0.0,1282.943041550926,0.0,1.1884512017540256,1.0356315235743467
20593,2.3000000000000003,0.0,1280.942516550926,0.0,0.12962548483869676,0.815629750304647
20619,2.3000000000000003,0.0,1279.527112962963,0.0,0.06932161843561338,0.815535055527782
20630,2.8000000000000003,0.0,1278.7607824074073,0.0,1.068535285849265,1.213809333280497
20683,2.1,0.0,1275.4011702546297,0.0,0.6218575227511098,0.6953460266588901
20691,2.0,0.0,1275.1291032407407,0.0,1.0232950901651727,0.6421613719379475
20699,2.8000000000000003,0.0,1274.3410559027777,0.0,0.5604908802379135,1.2133669754166332
20730,2.0,0.0,1272.4501633101852,0.0,0.5202349024973407,0.6420189382023942
20760,2.7,0.0,1270.5338940972222,0.0,1.3335729307648359,1.12023194255522
20789,2.0,0.0,1269.3303778935185,0.0,0.8424117783151724,0.6418524025687122
20840,2.4000000000000004,0.0,1266.7008150462964,0.0,1.30036535413541,0.8821205796683149
20867,2.3000000000000003,0.0,1265.4081943287038,0.0,0.1876385424315043,0.814580304002387
20888,2.1,0.0,1264.8092269675926,0.0,0.6632507762803729,0.6947331417554689
20939,2.0,0.0,1261.832342824074,0.0,0.022422769049423065,0.6414492136237089
20942,2.0,0.0,1261.7983782407407,0.0,0.028946432318164843,0.641447377753334
20945,2.5,0.0,1261.6637758101851,0.0,1.5424594022580642,0.9547535692277395
20947,2.4000000000000004,0.0,1261.6332760416667,0.0,0.5258165632175688,0.8817452677573455
21010,2.1,0.0,1258.392983912037,0.0,1.1134933017122168,0.6943575000210438
21021,2.0,0.0,1257.7365050925926,0.0,0.5735966239656141,0.6412272010509364
21025,2.8000000000000003,0.0,1257.6258018518517,0.0,0.3277187086575261,1.2116694384814382
21033,2.3000000000000003,0.0,1257.3670849537036,0.0,2.293958593302219,0.8140281857346093
21053,3.0,0.0,1256.4301527777777,0.0,2.275826138056335,1.4204768571432635
21085,2.0,0.0,1254.638227199074,0.0,0.23768488900035367,0.6410584234105701
21116,3.1,0.0,1253.217564699074,0.0,1.5514884950844745,1.5376674372071917
21131,2.2,0.0,1252.9227195601852,0.0,2.7250053180682388,0.7514985695524589
21135,2.3000000000000003,0.0,1252.8695025462962,0.0,1.0344507447139275,0.8137166859563726
21166,3.4000000000000004,0.0,1251.668616087963,0.0,1.9926109952873161,1.9518482792656737
21168,2.0,0.0,1251.6094699074074,0.0,1.374340257405679,0.6408927317033761
21175,2.5,0.0,1251.3441505787036,0.0,0.6306032842358374,0.953917181543772
21176,2.3000000000000003,0.0,1251.3319498842593,0.0,0.553269351905807,0.8136097502726019
21209,2.2,0.0,1249.4002333333333,0.0,1.3067360580741785,0.7512720213460815
21216,2.2,0.0,1249.2467559027777,0.0,0.2643473489800586,0.7512621252932743
21217,2.1,0.0,1249.2316671296296,0.0,0.49753397154162265,0.6938153363602652
21250,2.5,0.0,1247.490115162037,0.0,0.3452175572531162,0.9536017402515745
21272,2.3000000000000003,0.0,1246.507674189815,0.0,0.19635256304439905,0.813272741800415
21281,2.4000000000000004,0.0,1246.2405496527779,0.0,0.09634028670082995,0.8805889934044734
21294,2.2,0.0,1245.3833532407407,0.0,1.1233217064376437,0.7510123219382026
21299,2.7,0.0,1245.0709545138889,0.0,0.3238125204056238,1.11781653824719
21302,2.2,0.0,1244.874193287037,0.0,0.46424168224247503,0.750979300181184
21310,3.1,0.0,1244.4244292824073,0.0,1.9033574079876927,1.5365065483497746
21339,2.4000000000000004,0.0,1242.5670180555555,0.0,1.7345129412681766,0.8803093775755608
21340,2.8000000000000003,0.0,1242.563350462963,0.0,0.9289360051498508,1.2101057836891964
21365,2.7,0.0,1241.332848148148,0.0,0.4256122561589117,1.1174547153106926
21366,2.4000000000000004,0.0,1241.2886483796296,0.0,0.5450280650236894,0.8802117374151364
21372,2.0,0.0,1240.7211590277777,0.0,0.3385645618654896,0.6402912915584241
21374,2.1,0.0,1240.7039895833334,0.0,0.0,0.693304443380844
21393,2.1,0.0,1239.8490905092592,0.0,0.3741446903419666,0.6932528916524212
21435,2.8000000000000003,0.0,1238.0962118055556,0.0,1.4480096635086004,1.209635721035167
21454,2.0,0.0,1236.8103965277778,0.0,0.18321890991859738,0.640073040397053
21470,2.1,0.0,1236.2325150462964,0.0,0.9878659441562614,0.6930341265949582
21472,2.0,0.0,1236.1913748842592,0.0,1.4536408160027696,0.6400383850571346
21491,2.7,0.0,1234.8925159722223,0.0,0.4551281603226201,1.1168269046366703
21501,3.5,0.0,1234.088760648148,0.0,0.44711859688764605,2.1102384776906224
21591,2.5,0.0,1230.1628806712963,0.0,0.6303311827083443,0.9521624930270948
21598,2.9000000000000004,0.0,1229.864417824074,0.0,1.8693909729919644,1.308843647041527
21736,2.3000000000000003,0.0,1221.8181543981482,0.0,0.2924579848201847,0.8115121435583496
21743,2.3000000000000003,0.0,1221.5951113425926,0.0,0.24004478092617607,0.8114959601651768
21753,3.0,0.0,1221.182321412037,0.0,1.7406459580613132,1.416118453051445
21758,2.6,0.0,1221.002297685185,0.0,0.8399206297821142,1.0301594211898046
21794,2.0,0.0,1219.5636371527778,0.0,0.632684320742858,0.639096201280734
21814,2.7,0.0,1218.9088519675927,0.0,0.4241983497000331,1.1152441991151585
21838,2.1,0.0,1218.0971125,0.0,1.5416846448052577,0.6919203151936031
21849,2.0,0.0,1217.8470552083334,0.0,1.432792955233665,0.6389976797474511
21852,2.0,0.0,1217.6592965277778,0.0,0.31065781677159426,0.6389868891256777
21855,2.4000000000000004,0.0,1217.4567061342593,0.0,1.722442750926579,0.8783592480438283
21859,2.2,0.0,1217.394269675926,0.0,0.9175711129979576,0.7491618699860626
21877,2.0,0.0,1216.44806875,0.0,0.9094959769586972,0.6389172106705836
21901,2.5,0.0,1215.908560648148,0.0,0.7445858704269727,0.9509521116577745
21907,2.5,0.0,1215.5134778935185,0.0,0.6011206754061041,0.9509182183277469
21923,2.7,0.0,1214.6353064814814,0.0,1.3813773133231058,1.1148149962261846
21961,2.1,0.0,1212.9604847222222,0.0,0.9070675210525492,0.691599667299748
21977,2.4000000000000004,0.0,1212.0041702546296,0.0,1.3476828967174677,0.8779266576081479
22025,2.0,0.0,1210.1096511574074,0.0,0.7805075036459636,0.6385506405473108
22026,2.0,0.0,1210.0719143518518,0.0,0.0,0.6385484483177223
22042,2.0,0.0,1208.9377688657407,0.0,0.27453484261517086,0.6384825085023824
22053,2.2,0.0,1207.5852157407408,0.0,0.99146083052073,0.7484960121282667
22093,2.0,0.0,1204.286063888889,0.0,1.778814341599239,0.6382109516873732
22095,2.9000000000000004,0.0,1204.196861574074,0.0,1.3959383733103514,1.3058221364210594
22122,2.0,0.0,1202.6175037037037,0.0,0.3097577814519786,0.6381131100378689
22138,2.4000000000000004,0.0,1201.4314690972221,0.0,0.7728594266867282,0.877078333212347
22151,2.5,0.0,1201.0804232638889,0.0,0.9201927685099864,0.9496670376780803
22183,2.4000000000000004,0.0,1199.2760351851853,0.0,0.9748001058112673,0.8769038300746674
22189,2.5,0.0,1199.1019797453703,0.0,0.050715486807446024,0.949493537400057
22192,2.4000000000000004,0.0,1198.9929293981481,0.0,1.3206310421410041,0.8768808704484196
22221,3.4000000000000004,0.0,1197.4690449074074,0.0,1.9259538957732891,1.9424492059107228
22228,2.2,0.0,1197.0672961805556,0.0,0.7449321429195502,0.7477717426797359
22250,2.2,0.0,1195.9088356481482,0.0,0.03860615034395213,0.747691310942065
22269,2.0,0.0,1194.1957966435184,0.0,0.40709684482909375,0.6376157420667918
22281,2.7,0.0,1193.4762740740741,0.0,1.1940133121131793,1.1126514941311034
22284,2.0,0.0,1193.4177578703705,0.0,1.321724816011552,0.6375694932577545
22347,2.1,0.0,1190.5466383101852,0.0,1.0735262329491035,0.690173046824649
22353,2.5,0.0,1190.1658591435184,0.0,1.1793489758240367,0.9487038070408355
22381,2.0,0.0,1188.6544671296297,0.0,0.21854887248083077,0.6372852361756602
22386,2.4000000000000004,0.0,1188.5203030092594,0.0,1.8885709967187616,0.8760250573856765
22406,3.6,0.0,1187.3878528935186,0.0,2.7383871514292433,2.275279264097536
22427,3.5,0.0,1186.2525506944444,0.0,1.7585967030170035,2.1010733627654057
22447,2.0,0.0,1185.3890847222222,0.0,1.2586489409218986,0.6370892571596214
22471,2.0,0.0,1184.706856712963,0.0,0.2091297006775294,0.6370481969295482
22487,2.2,0.0,1183.9317756944445,0.0,0.5037243393526862,0.7468519654551428
22490,2.0,0.0,1183.7995931712962,0.0,1.0006492612886655,0.6369935311557431
22512,2.3000000000000003,0.0,1183.390146412037,0.0,0.2897194500464514,0.808647588332926
22525,2.1,0.0,1182.564206712963,0.0,1.1248849668873973,0.6896539508899139
22526,3.8000000000000003,0.0,1182.4377598379629,0.0,2.04316706910073,2.666402102233965
22599,2.2,0.0,1178.0588302083333,0.0,0.16252449773239733,0.7464351491838123
22630,2.2,0.0,1176.1601962962964,0.0,0.8335927019601839,0.7462996519692884
22642,2.1,0.0,1175.309977314815,0.0,0.81359928476616,0.689177074787788
22648,3.0,0.0,1175.219247685185,0.0,0.05565252439373728,1.4101014972901689
22657,2.8000000000000003,0.0,1174.5250473379629,0.0,2.5211458616944746,1.2026171001824777
22658,2.8000000000000003,0.0,1174.4750512731482,0.0,0.8459294812947006,1.202611328240105
22661,3.2,0.0,1174.4263127314814,0.0,2.084594071017822,1.6531467392309172
22662,2.7,0.0,1174.2936243055556,0.0,0.7652226540385955,1.1106332945263049
22666,2.0,0.0,1174.1023594907408,0.0,2.296821155721108,0.636404811622969
22667,2.0,0.0,1174.050324537037,0.0,0.34438774399319877,0.6364016305954435
22678,2.6,0.0,1173.4524270833333,0.0,0.7877598060475546,1.025624880951114
22700,2.3000000000000003,0.0,1172.6312015046296,0.0,0.898282624350167,0.8078172525780513
22714,2.2,0.0,1171.8108716435186,0.0,0.5233200640366714,0.7459878741042639
22731,2.1,0.0,1170.8150109953704,0.0,0.5221730893189046,0.6888791033156635
22759,2.0,0.0,1169.6736665509259,0.0,0.5445297927224881,0.6361332273804376
22767,2.6,0.0,1169.2740208333332,0.0,1.1089377977344241,1.0252115983755725
22777,2.3000000000000003,0.0,1168.6528641203704,0.0,0.8951212143989403,0.8075069795453554
22803,2.2,0.0,1167.2566923611112,0.0,1.490895156129662,0.7456593303984421
22821,2.5,0.0,1166.046938888889,0.0,0.8355568117260108,0.9465215870837626
22851,2.0,0.0,1163.906108101852,0.0,1.592217103949783,0.6357769528432266
22873,2.1,0.0,1162.9060875,0.0,1.3570663726161853,0.6883501532364993
22877,2.1,0.0,1162.580210300926,0.0,0.0,0.6883282298557699
22878,2.0,0.0,1162.5672234953704,0.0,0.7647508922537267,0.6356938257149862
22879,2.3000000000000003,0.0,1162.5164486111112,0.0,1.722398025645054,0.8070249234643605
22885,2.1,0.0,1162.1387143518518,0.0,0.8858430688440566,0.6882985118973295
22894,2.1,0.0,1161.5597472222223,0.0,0.2625997377462926,0.6882595119846379
22896,2.1,0.0,1161.5078893518519,0.0,1.569457856202196,0.6882560171979349
22897,2.5,0.0,1161.4703270833334,0.0,1.2407734041995284,0.946098962070214
22898,2.1,0.0,1161.4348857638888,0.0,0.26690021332478014,0.6882510969265607
22928,2.1,0.0,1159.8517694444445,0.0,1.271743388856914,0.6881442718438262
22956,3.3000000000000003,0.0,1158.7762479166668,0.0,1.9041845019018775,1.787302433965348
22957,3.0,0.0,1158.7755295138888,0.0,0.486758816445025,1.4078516891699167
23010,2.7,0.0,1156.2476184027778,0.0,0.37840763309238734,1.1086836259707828
23032,2.1,0.0,1155.2207798611112,0.0,0.6087476939427705,0.6878303867674738
23044,4.1000000000000005,0.0,1154.4590945601851,0.0,4.053222810748062,3.375898386426547
23045,3.1,0.0,1154.4574662037037,0.0,1.1476455168001904,1.523768283847152
23047,2.9000000000000004,0.0,1154.450740162037,0.0,1.5060829194527217,1.2996444826028484
23048,3.6,0.0,1154.4425238425927,0.0,3.0777288706402053,2.2680544183466083
23051,3.1,0.0,1154.3640175925925,0.0,3.018787469040274,1.523754188086071
23052,3.5,0.0,1154.3562072916666,0.0,3.019829140810942,2.0946078315127385
23053,3.0,0.0,1154.3387586805557,0.0,2.390478141034101,1.4072355234196814
23054,2.6,0.0,1154.336682523148,0.0,2.1742082650744425,1.0237137909243845
23055,3.3000000000000003,0.0,1154.3197854166667,0.0,1.9436057034840475,1.7865167142994673
23056,2.0,0.0,1154.3182511574073,0.0,0.25570842772994246,0.6351781377951464
23057,2.8000000000000003,0.0,1154.295774537037,0.0,2.181304026929082,1.2002476607064048
23059,2.9000000000000004,0.0,1154.2896438657408,0.0,1.5225899597273578,1.2996237557926615
23060,2.0,0.0,1154.284784837963,0.0,0.3913229523852891,0.635176033171734
23066,2.6,0.0,1154.1952292824074,0.0,0.7895962083743804,1.0236994530832737
23084,2.5,0.0,1153.6001545138888,0.0,1.3733595265875733,0.9453656786996112
23086,2.0,0.0,1153.4425180555556,0.0,0.6319019232461931,0.6351230315125294
23090,2.1,0.0,1153.3308814814816,0.0,0.5455132155682734,0.6877016898522312
23094,2.8000000000000003,0.0,1153.3191097222223,0.0,0.5692549316084548,1.2001315167201023
23107,2.7,0.0,1152.5678380787037,0.0,1.699327958327248,1.1082798393246795
23114,2.1,0.0,1152.2693028935184,0.0,1.697175740776788,0.6876292457451745
23129,2.1,0.0,1151.297387962963,0.0,0.6628916303821664,0.6875628233919134
23200,3.2,0.0,1148.2799763888888,0.0,2.1911172990315797,1.6489183097633275
23202,2.2,0.0,1148.260973726852,0.0,0.6913071800206553,0.7442656055335091
23209,2.7,0.0,1148.0085811342592,0.0,1.6826012832945936,1.1077765732775053
23217,2.2,0.0,1147.69061875,0.0,1.020086126477482,0.7442231671448786
23230,2.5,0.0,1147.4156363425925,0.0,1.0629768668769535,0.944783603804899
23255,3.5,0.0,1146.4083940972223,0.0,1.9969929584441277,2.0929502659360457
23260,2.1,0.0,1146.1183796296295,0.0,0.4053483789273797,0.6872073095773821
23268,2.5,0.0,1145.601963425926,0.0,0.7759770987649137,0.9446119189173448
23289,2.1,0.0,1144.693015162037,0.0,0.7876294461552602,0.6871089986903715
23307,2.0,0.0,1144.0694663194445,0.0,0.4297101822738354,0.6345288533521471
23310,2.1,0.0,1144.062946412037,0.0,0.32518691239655023,0.6870654768343397
23315,2.5,0.0,1143.776504861111,0.0,0.8929707866187461,0.9444386643436469
23319,2.5,0.0,1143.5873940972222,0.0,0.7537384143662731,0.9444206897095542
23339,2.0,0.0,1142.8616851851853,0.0,1.1137647315917008,0.6344517039498367
23361,2.0,0.0,1141.5946475694445,0.0,0.15586530716428876,0.634370624701822
23365,2.4000000000000004,0.0,1141.2997858796296,0.0,1.5087692686429055,0.872003601068599
23367,2.6,0.0,1141.174646412037,0.0,0.8975210185950231,1.0223670907125053
23368,2.0,0.0,1141.1204667824074,0.0,0.2133261977694656,0.6343402431322498
23385,2.9000000000000004,0.0,1140.6269538194445,0.0,1.6093832715848608,1.2978482915952456
23394,2.0,0.0,1140.1903879629629,0.0,0.3546529823690641,0.6342805909121406
23410,2.8000000000000003,0.0,1139.222882638889,0.0,0.43842970635587275,1.1984368847578613
23450,2.3000000000000003,0.0,1137.1975059027777,0.0,1.0312201289285805,0.804990411146743
23475,2.2,0.0,1136.7052927083334,0.0,0.6496719799235424,0.7433989304824437
23490,2.1,0.0,1135.8234425925925,0.0,0.3799794358965925,0.6864926738929008
23505,2.1,0.0,1135.1321306712964,0.0,0.5063398149237547,0.6864443033820029
23507,2.1,0.0,1134.9785479166667,0.0,0.8140097263543907,0.6864335507506549
23523,2.0,0.0,1133.939994212963,0.0,0.0,0.6338776226357028
23529,2.0,0.0,1133.5620998842592,0.0,0.40375107266643384,0.6338531423620485
23538,2.0,0.0,1133.303965625,0.0,1.3539118732773252,0.6338364125258379
23568,2.0,0.0,1131.1252451388889,0.0,0.30193974432365706,0.6336949586405469
23627,2.2,0.0,1128.3434278935185,0.0,1.100716077033377,0.7427626937952333
23652,2.2,0.0,1127.0996953703705,0.0,0.43437409642107017,0.742667399630414
23722,2.5,0.0,1123.4544564814814,0.0,2.43810152319739,0.9424786736958081
23815,2.2,0.0,1119.962754861111,0.0,1.5637336042162062,0.7421172259671917
23822,2.8000000000000003,0.0,1119.7036512731481,0.0,2.018919503028313,1.1960324977294075
23823,2.8000000000000003,0.0,1119.7036133101851,0.0,1.0863167737917938,1.196032492986458
23855,2.0,0.0,1118.3283013888888,0.0,0.6230539706230009,0.6328550151617632
23858,2.5,0.0,1118.080500462963,0.0,2.140767476361056,0.9419506304032783
23888,2.0,0.0,1116.4911796296296,0.0,0.16242440410544245,0.6327331434473399
23947,2.0,0.0,1114.5190255787038,0.0,0.05436892245812114,0.6326019497059546
24001,2.0,0.0,1111.263441550926,0.0,0.1298197982624089,0.6323845495119051
24019,2.8000000000000003,0.0,1110.5545449074075,0.0,1.035817812909234,1.1948817777185965
24091,2.3000000000000003,0.0,1107.410714699074,0.0,0.6411982625764675,0.8024994012649107
24104,2.7,0.0,1106.7969719907408,0.0,1.4745256291360738,1.1030735357256853
24112,2.0,0.0,1106.5394038194445,0.0,0.28448426748661737,0.6320672423499887
24149,2.2,0.0,1105.1828253472222,0.0,0.46171238932567676,0.7409594888037264
24153,2.1,0.0,1104.9418726851852,0.0,0.0,0.6842837749488352
24181,2.0,0.0,1103.6760733796295,0.0,1.3869250192586648,0.6318738445365619
24182,3.1,0.0,1103.623525462963,0.0,2.728945987360668,1.515811986324935
24201,2.0,0.0,1102.5100181712962,0.0,1.0540729422998418,0.6317948526326287
24220,2.6,0.0,1100.9072590277779,0.0,1.0225948227205286,1.0180837607434285
24243,2.1,0.0,1099.5490268518517,0.0,0.7540187254340502,0.6838877064447426
24247,2.0,0.0,1099.4247625,0.0,0.38517973778031317,0.6315851950072022
24283,2.1,0.0,1097.6039246527778,0.0,0.2615294905548062,0.6837440798242993
24296,2.6,0.0,1096.7395259259258,0.0,0.550929578235407,1.0176258607982118
24318,2.8000000000000003,0.0,1095.3433452546296,0.0,0.1971600986713182,1.1929341467754324
24335,2.5,0.0,1094.4987621527778,0.0,0.999145258227255,0.9395838062098475
24342,2.5,0.0,1094.0096751157407,0.0,0.6682028809984161,0.9395338453643435
24355,2.8000000000000003,0.0,1093.1621689814815,0.0,0.42288126553685995,1.192651283434478
24429,2.0,0.0,1089.2277226851852,0.0,1.0236047603967429,0.6308854468824069
24435,2.6,0.0,1088.9553917824073,0.0,0.8167020543137989,1.0167630720448062
24504,2.2,0.0,1086.480675462963,0.0,0.35134628282203195,0.739458067087059
24522,2.1,0.0,1085.811634375,0.0,0.5030585093785711,0.6828644680714593
24545,2.9000000000000004,0.0,1084.9672236111112,0.0,2.6841533580728663,1.2902396170896928
24546,2.5,0.0,1084.9670466435184,0.0,1.207646217939369,0.9386036049625527
24601,2.1,0.0,1082.3036127314815,0.0,0.3593527868831441,0.6825998268995601
24612,2.0,0.0,1081.8841770833333,0.0,0.26359187620299274,0.6303749497052754
24620,2.6,0.0,1081.4051474537036,0.0,1.6494804625381365,1.0159166786727836
24629,2.1,0.0,1081.1198416666666,0.0,0.04121401892929777,0.6825102139342646
24666,2.3000000000000003,0.0,1080.1333150462963,0.0,0.8531161161103775,0.800120924492163
24678,2.3000000000000003,0.0,1079.7324570601852,0.0,1.5945933437973083,0.8000852520691848
24682,2.3000000000000003,0.0,1079.5780078703704,0.0,0.8991929196714181,0.8000715019492697
24697,2.1,0.0,1079.0976825231483,0.0,0.8355595971427271,0.6823567698007956
24783,2.0,0.0,1076.9261054398148,0.0,0.7369838486391628,0.6300271294516147
24791,2.3000000000000003,0.0,1076.617628125,0.0,0.7634573047910366,0.7998073389419926
24801,2.4000000000000004,0.0,1076.0959866898147,0.0,0.24892402011727005,0.8659784408847571
24812,2.0,0.0,1075.611499537037,0.0,0.8641394266669685,0.6299344768116005
24815,2.0,0.0,1074.9510513888888,0.0,0.29254322069845423,0.6298878604997623
24829,2.5,0.0,1074.3455015046297,0.0,1.9945478903580618,0.9374949209745681
24842,2.4000000000000004,0.0,1073.8114612268519,0.0,0.9182845075653359,0.8657566748973846
24854,2.4000000000000004,0.0,1073.5139949074073,0.0,0.30994700236858685,0.8657277434739158
24912,2.5,0.0,1071.0947675925927,0.0,0.0,0.9371520981343862
24917,2.1,0.0,1070.9632436342592,0.0,1.6197022098281857,0.6817348432910455
24962,2.1,0.0,1067.7347546296296,0.0,0.8272357597573711,0.6814859124434628
24984,2.0,0.0,1066.6372625,0.0,1.0227103890199611,0.6292971158272851
25005,3.2,0.0,1065.666108101852,0.0,1.185838885220623,1.6344522028483794
25008,2.2,0.0,1065.4296916666667,0.0,0.5074323088962497,0.7377176479535228
25010,2.2,0.0,1065.3099158564814,0.0,0.7337681816476325,0.7377075885655798
25016,2.8000000000000003,0.0,1065.2299355324074,0.0,2.9555835106325805,1.1889470553346455
25025,2.0,0.0,1064.992039699074,0.0,0.5448392985996378,0.629179343038514
25057,2.0,0.0,1063.7340390046297,0.0,0.03925649127124215,0.6290890941330257
25063,2.0,0.0,1063.5088385416666,0.0,1.26760723453733,0.6290729203662019
25184,2.4000000000000004,0.0,1057.8225068287038,0.0,0.3586615434662926,0.8641832710842452
25315,2.0,0.0,1054.499682986111,0.0,0.7947979113363511,0.6284213998946662
25316,2.4000000000000004,0.0,1054.4931121527777,0.0,0.31029425480247214,0.8638508833751066
25318,2.1,0.0,1054.415110185185,0.0,0.588309013247789,0.6804461275314738
25321,2.8000000000000003,0.0,1054.2600511574074,0.0,2.112991483719227,1.1874496374023218
25322,2.1,0.0,1054.0867405092592,0.0,0.8363992307172069,0.6804202309430533
25335,2.6,0.0,1053.4620412037036,0.0,1.8708525375197507,1.0127002846668014
25358,2.7,0.0,1052.558563425926,0.0,1.661369091680764,1.096433761652931
25365,3.2,0.0,1052.2726483796296,0.0,2.269362660624254,1.6319360961290976
25371,2.3000000000000003,0.0,1051.9602414351853,0.0,0.9104615198710407,0.7975612388106025
25392,2.1,0.0,1050.9087673611111,0.0,0.5034086340479439,0.6801689424114247
25407,2.1,0.0,1050.2769677083334,0.0,0.6313475437981244,0.6801188417317943
25419,2.7,0.0,1049.8725770833332,0.0,0.6038450574080981,1.0960908009258108
25458,2.1,0.0,1048.4963296296296,0.0,1.5320474174824688,0.6799773838148766
25472,2.0,0.0,1047.7858016203704,0.0,0.8249302162925387,0.6279301137455829
25500,2.5,0.0,1045.9655369212962,0.0,1.4904886364153451,0.9344450521775934
25501,2.3000000000000003,0.0,1045.9252594907407,0.0,0.5469913673376269,0.7969987508380312
25520,2.3000000000000003,0.0,1045.1630557870371,0.0,0.2523438778141338,0.7969273460632353
25543,2.0,0.0,1044.2128289351851,0.0,0.3718640399482816,0.6276666336524
25567,2.2,0.0,1043.278491898148,0.0,0.0,0.7358262511147424
25632,2.0,0.0,1039.792497800926,0.0,1.3637974021855,0.6273386978248402
25651,3.0,0.0,1039.228065972222,0.0,2.5259472405986996,1.3897713213486351
25667,2.5,0.0,1038.4413627314814,0.0,0.5369649660796203,0.9336144394834963
25693,2.4000000000000004,0.0,1037.0549792824074,0.0,0.3134090843284113,0.8620825295554274
25727,2.3000000000000003,0.0,1035.4948804398148,0.0,0.1453827100217314,0.7960144518226904
25728,2.0,0.0,1035.4693967592593,0.0,0.0794076959944058,0.6270158513656916
25731,2.5,0.0,1035.0958002314815,0.0,0.6052436460305537,0.9332420728749633
25732,2.1,0.0,1035.0942847222223,0.0,1.2075709068035436,0.6789004311145315
25755,2.9000000000000004,0.0,1034.1411591435185,0.0,1.0969620063371244,1.2827228943502178
25791,2.1,0.0,1032.664103587963,0.0,0.05809072042585638,0.67870280223229
25834,2.1,0.0,1030.357259375,0.0,1.0723953771737296,0.6785145291272685
25844,2.6,0.0,1029.7073594907408,0.0,0.9389050298262415,1.0098579927849367
25851,2.3000000000000003,0.0,1029.4430265046296,0.0,0.11567048218470732,0.7954361912752944
25865,2.0,0.0,1028.4261643518519,0.0,0.0,0.6264853216554339
25887,2.4000000000000004,0.0,1027.3293189814815,0.0,0.6036497983056562,0.8610758608611158
25893,2.4000000000000004,0.0,1027.1636875,0.0,0.67490479831852,0.8610585880271144
25952,2.0,0.0,1023.801115162037,0.0,0.24808365548802175,0.6261338441374574
25953,2.7,0.0,1023.6885668981481,0.0,1.0470010338149096,1.0926736788110252
25977,2.0,0.0,1022.5513447916667,0.0,0.178946917351021,0.6260384437153556
26016,2.5,0.0,1020.9375835648148,0.0,0.8459735563086611,0.9316451669023929
26018,2.4000000000000004,0.0,1020.8206450231481,0.0,0.2713234750921995,0.8603938219931762
26019,2.7,0.0,1020.465639699074,0.0,0.7778680047350419,1.0922436209284587
26025,2.3000000000000003,0.0,1020.3434364583334,0.0,1.1097887982805377,0.7945566561706292
26033,2.4000000000000004,0.0,1020.0692041666666,0.0,1.8937735305389183,0.8603146431297979
26058,2.1,0.0,1018.926619675926,0.0,1.0027440014191613,0.6775718228511418
26127,2.2,0.0,1016.358512037037,0.0,0.26521538918251536,0.733440937537603
26153,2.1,0.0,1014.7355462962963,0.0,0.026260643026703157,0.6772220443213234
26161,2.9000000000000004,0.0,1014.3641996527778,0.0,0.06550645936522302,1.2796389032416935
26168,2.0,0.0,1014.1515623842593,0.0,0.7577178238553195,0.6253925154236326
26169,2.0,0.0,1013.9671054398148,0.0,1.0763871345792149,0.6253782378780499
26172,2.0,0.0,1013.7993495370371,0.0,0.29865239199855864,0.6253652495496472
26185,2.2,0.0,1013.1455030092593,0.0,0.08093495746582852,0.7331496610610722
26208,2.2,0.0,1011.8033170138889,0.0,0.5731025475275074,0.733027560430093
26217,2.0,0.0,1011.4249063657408,0.0,0.625784789095591,0.6251810529365153
26242,2.5,0.0,1010.5283600694445,0.0,2.344227024180745,0.9304489565411785
26250,2.1,0.0,1010.4133677083333,0.0,0.882219067841639,0.6768589701485878
26255,2.9000000000000004,0.0,1010.3560715277778,0.0,2.669672761841314,1.279002470124788
26258,2.2,0.0,1010.1860869212964,0.0,0.5583638924536407,0.7328801051204565
26260,2.5,0.0,1010.07216875,0.0,0.22098885945501542,0.930396095181232
26264,2.1,0.0,1009.9748810185185,0.0,1.0873152217791056,0.6768220017898717
26265,2.0,0.0,1009.9434121527778,0.0,0.20024054719699225,0.6250657870147538
26272,2.3000000000000003,0.0,1009.5570480324074,0.0,0.5648869733164001,0.7934981560356383
26300,2.1,0.0,1008.567285300926,0.0,0.24875712776679987,0.6767031609248461
26312,2.1,0.0,1007.8159193287037,0.0,0.605846912596154,0.6766396193843717
26349,2.5,0.0,1006.0422859953703,0.0,0.18646302509471063,0.9299275223424853
26354,2.2,0.0,1005.5566380787037,0.0,0.9998060176673325,0.7324559771482877
26396,2.1,0.0,1003.2627319444445,0.0,0.17396970757625396,0.6762529946250453
26405,2.2,0.0,1002.6507994212963,0.0,0.7626173328847466,0.7321882149548865
26437,3.0,0.0,1001.131696875,0.0,2.138266047880091,1.383297870140968
26451,3.5,0.0,1000.255178587963,0.0,0.3711447834548143,2.058745773270763
26461,2.1,0.0,1000.063544675926,0.0,1.3615650980748144,0.6759797199143157
26475,2.5,0.0,999.0504236111111,0.0,1.2012717851463461,0.9291076367481166
26487,2.2,0.0,998.0575673611111,0.0,1.0551375947192936,0.7317625182524896
26515,2.3000000000000003,0.0,996.4634418981482,0.0,0.7126744515357524,0.792189507984465
26526,2.2,0.0,995.9170879629629,0.0,0.1450880590526531,0.731563109646053
26528,2.3000000000000003,0.0,995.8702850694444,0.0,0.5324816153728817,0.792129598096694
26555,3.4000000000000004,0.0,994.4545194444445,0.0,1.2563139742503882,1.899919134514272
26576,2.2,0.0,993.8067453703703,0.0,0.33671245341998157,0.7313658631473655
26618,2.9000000000000004,0.0,992.2087814814815,0.0,0.0014413403770768812,1.2760714406468432
26620,2.4000000000000004,0.0,992.098962037037,0.0,0.7788574288606862,0.8573016979321608
26636,2.2,0.0,991.4225965277777,0.0,0.10225753722837805,0.731142250421277
26639,2.7,0.0,991.2507635416666,0.0,0.7701408481067248,1.0882469838166413
26645,2.1,0.0,990.9464894675926,0.0,1.2758390877674415,0.6751935118551826
26647,2.2,0.0,990.8513556712963,0.0,0.5476338162859015,0.7310885504811845
26681,2.2,0.0,990.1388621527777,0.0,0.0,0.7310215054711545
26717,2.2,0.0,988.7835287037037,0.0,0.7005244356732292,0.7308937656494753
26723,2.8000000000000003,0.0,988.4943706018519,0.0,1.2752232354469175,1.177932115278622
26725,2.0,0.0,988.472887037037,0.0,0.23379306494252594,0.6233655027708358
26740,3.0,0.0,987.8644030092593,0.0,3.330012649488742,1.380953270902782
26775,2.7,0.0,986.8793864583333,0.0,2.0783465924255715,1.08763336201067
26785,2.0,0.0,986.3533828703704,0.0,0.22408765921534193,0.6231945810116033
26791,2.3000000000000003,0.0,986.1101012731482,0.0,0.45039692652366653,0.7911358791754324
26823,2.1,0.0,984.0713679398148,0.0,1.0083211900815647,0.6745932668897989
26826,3.6,0.0,983.7603027777777,0.0,1.7145618220247343,2.2244874994320516
26838,2.3000000000000003,0.0,983.3315714120371,0.0,0.0,0.7908502309263926
26873,2.2,0.0,982.4068331018518,0.0,0.6678361333598645,0.7302891515424444
26898,2.4000000000000004,0.0,981.5700815972223,0.0,0.7893476085740567,0.8561334667638663
26913,2.4000000000000004,0.0,980.9536127314815,0.0,0.47039004647576665,0.8560644736010263
26940,2.1,0.0,979.5423953703704,0.0,0.14384427547155632,0.6741943458340836
26945,2.0,0.0,979.3345572916667,0.0,1.536146206595566,0.6226245388471152
26946,2.1,0.0,979.3214900462963,0.0,0.4706196455607893,0.6741748161503615
26950,2.6,0.0,979.1638650462963,0.0,0.04980213756333797,1.0034569121296677
26970,2.6,0.0,978.2864579861111,0.0,0.4775046704941551,1.0033413267808646
26985,2.0,0.0,977.3746020833333,0.0,0.4331618335358929,0.6224642452571969
27007,2.1,0.0,976.845528125,0.0,0.8500221515320596,0.673955462775054
27170,2.0,0.0,972.5720790509259,0.0,1.0286208061021542,0.6220693996128085
27187,2.1,0.0,971.6753237268518,0.0,0.83810903069274,0.6734946807615628
27190,2.4000000000000004,0.0,971.6316424768519,0.0,0.6570935303970794,0.8550130813761012
27205,2.2,0.0,970.4807939814815,0.0,1.2490563152009284,0.7291421601227067
27208,2.2,0.0,970.4570902777778,0.0,0.04204408339986315,0.7291398591080551
27209,2.3000000000000003,0.0,970.3546265046297,0.0,0.526418365539194,0.7894996677122301
27267,2.1,0.0,967.5144083333333,0.0,0.47293910447417953,0.6731211389567215
27269,2.3000000000000003,0.0,967.3994320601852,0.0,0.7269546458532143,0.7891882686489348
27293,2.1,0.0,966.1253232638888,0.0,0.8363663901822878,0.6729958931372471
27323,2.2,0.0,965.2617789351851,0.0,1.526868045503692,0.7286334657233999
27340,2.7,0.0,964.7545701388889,0.0,1.104972547639236,1.0844628957343763
27348,2.0,0.0,964.5291644675926,0.0,0.06388138839729345,0.6214014733099164
27355,2.0,0.0,964.0040041666666,0.0,0.4008876737464615,0.6213575681134582
27378,2.3000000000000003,0.0,962.9279685185185,0.0,0.8730558059314864,0.7887143481282356
27379,2.4000000000000004,0.0,962.9037233796296,0.0,0.28170597748313314,0.8540147235443634
27406,2.4000000000000004,0.0,961.7820480324074,0.0,0.8174468689978966,0.853885426239149
27458,2.3000000000000003,0.0,960.3790943287037,0.0,1.2997458733329013,0.7884427081092918
27483,2.0,0.0,959.6647444444444,0.0,0.16176411643282912,0.6209934038167486
27485,2.5,0.0,959.4829722222222,0.0,0.15066067636026073,0.9242968301057232
27656,2.0,0.0,951.3912511574074,0.0,0.9320339238386356,0.6202921442678156
27689,2.2,0.0,950.1296046296296,0.0,0.9999590140991661,0.7271347701229738
27697,2.4000000000000004,0.0,949.6683770833333,0.0,0.0,0.852474437228597
27707,2.1,0.0,949.0382106481482,0.0,0.0796192062838388,0.6714326903267455
27714,2.0,0.0,948.7080005787037,0.0,0.5234357898821109,0.620062741294772
27731,2.0,0.0,948.0197181712963,0.0,0.7215704110591745,0.6200037401141426
27821,2.0,0.0,945.6055910879629,0.0,0.0005547282828927821,0.6197962871165773
27825,2.1,0.0,945.3557422453704,0.0,0.9149712507451417,0.6710902521940675
27879,2.6,0.0,943.1311739583333,0.0,0.7512859171231878,0.998577078509402
27972,2.3000000000000003,0.0,941.1656328703704,0.0,0.0,0.7863596047627603
27988,3.2,0.0,940.8096925925926,0.0,1.434424931061504,1.6088771371669688
27989,2.3000000000000003,0.0,940.8077167824074,0.0,0.12029298905230078,0.786320196227656
28083,2.0,0.0,938.4948803240741,0.0,0.2762359769972124,0.6191806124258422
28096,2.0,0.0,937.8273056712962,0.0,0.3630942947424355,0.6191224534704058
28105,2.1,0.0,937.7388865740741,0.0,0.4465720001395057,0.6703755782489275
28136,2.9000000000000004,0.0,936.5634412037037,0.0,1.2722062649568093,1.2665505323058606
28193,2.5,0.0,933.9267710648148,0.0,0.4196423205081728,0.9210271565530438
28204,3.1,0.0,933.6863871527778,0.0,1.1362256837150504,1.4843620913059197
28219,2.2,0.0,933.4774803240741,0.0,0.509233776283272,0.725443605911424
28280,3.0,0.0,931.4732563657408,0.0,0.6571945593481275,1.370428119869725
28285,2.4000000000000004,0.0,931.2394736111111,0.0,0.2748814050102236,0.8502753443021283
28315,2.9000000000000004,0.0,930.0419769675926,0.0,1.592386687047642,1.2653790233281892
28316,2.4000000000000004,0.0,929.9388454861111,0.0,1.4331581642921145,0.850117693829885
28318,3.0,0.0,929.7738715277778,0.0,1.9566906342814039,1.3700961548501764
28345,2.0,0.0,928.9005019675926,0.0,0.5633977744654721,0.6183387836801408
28370,2.1,0.0,928.2136072916667,0.0,0.7646689790772944,0.6694695726923562
28393,2.7,0.0,927.0627299768519,0.0,1.9058347482388973,1.0788012416156145
28398,2.6,0.0,926.7115975694444,0.0,1.071153609224431,0.9962596005341325
28401,2.5,0.0,926.4694486111111,0.0,1.5881882733478856,0.9200477872155453
28405,3.3000000000000003,0.0,926.1274532407407,0.0,2.9580762010391832,1.738462568552007
28407,2.0,0.0,926.1263907407407,0.0,0.05076670667926035,0.6180929667447594
28423,2.0,0.0,925.4536355324074,0.0,0.4512462768622139,0.6180331887073487
28445,2.4000000000000004,0.0,923.9358501157408,0.0,0.6743657109465119,0.8493858037088233
28473,3.0,0.0,922.4379270833333,0.0,0.775651581489534,1.3686527278924854
28487,2.2,0.0,921.7069569444444,0.0,0.4959435042750848,0.7242208740248824
28489,2.4000000000000004,0.0,921.5711119212963,0.0,1.0497898860221395,0.8490955564662368
28526,2.0,0.0,919.6013601851852,0.0,0.0,0.6175104546953863
28601,2.2,0.0,916.1817899305555,0.0,0.0,0.7236389150782653
28651,2.0,0.0,913.8805818287037,0.0,0.5870320401465792,0.6169946964469737
28673,2.7,0.0,913.1131866898148,0.0,0.0,1.0766182356558014
28693,2.1,0.0,912.3118131944444,0.0,0.4151410195408133,0.6679259516898782
30219,2.0,0.0,908.9104548611111,0.0,0.006774609496445911,0.6165427392331544
31143,2.5,0.0,908.6694053240741,0.0,0.48996814933854427,0.9176622470856962
32846,2.8000000000000003,0.0,908.1501777777778,0.0,1.5135232994745498,1.1649051167915816
33058,2.4000000000000004,0.0,908.0781469907407,0.0,1.1419928410298223,0.8474181616489868
33816,2.6,0.0,907.689144675926,0.0,1.1380609433241735,0.9934974982536507
34170,2.5,0.0,907.3870496527778,0.0,0.027410361440761102,0.9174877318324729
34262,2.2,0.0,907.2860549768518,0.0,1.3359773550556937,0.7226909940581578
34270,2.5,0.0,907.2767159722222,0.0,0.5403984580685476,0.9174726996589355
34343,2.0,0.0,907.2074994212963,0.0,0.2813816583367976,0.6163870453708377
34378,2.0,0.0,907.1741236111111,0.0,0.4663259643979978,0.6163839896802666
34551,2.4000000000000004,0.0,906.9742358796296,0.0,0.3140506949466743,0.8472793057348463
35760,2.3000000000000003,0.0,905.568090625,0.0,1.6245267402651884,0.7823277011909932
35913,2.0,0.0,905.3644291666667,0.0,0.20252936841842165,0.6162180576002485
35975,2.0,0.0,905.2833574074074,0.0,0.03863258011611438,0.6162106126990878
36120,2.1,0.0,905.068077662037,0.0,0.009515402768831007,0.6672095803695962
36774,2.0,0.0,904.1165450231481,0.0,0.3432054189298429,0.6161033548262198
37151,2.3000000000000003,0.0,903.5244791666667,0.0,1.7524969610919705,0.7820891531556117
37370,2.0,0.0,903.1678422453704,0.0,0.12742223565666164,0.6160159968805498
38414,2.3000000000000003,0.0,900.6868677083334,0.0,0.11067865206741147,0.7817566096478892
38788,2.2,0.0,899.4222016203704,0.0,1.5836212457869014,0.7218416016490679
39254,2.1,0.0,897.6796143518518,0.0,0.5654114720680129,0.6664701893794078
39899,2.2,0.0,894.9384851851852,0.0,0.9999748314093608,0.7213524298324449
39938,2.2,0.0,894.7602043981482,0.0,0.03326321171845105,0.7213329055929096
40030,2.2,0.0,894.2598592592593,0.0,0.0,0.7212780805090826
40176,2.2,0.0,893.3521927083333,0.0,0.28841025048008617,0.7211785092187639
40482,2.8000000000000003,0.0,891.2978,0.0,1.387028652334287,1.1619539861993975
40565,3.1,0.0,890.7577807870371,0.0,0.7739299055472413,1.4750073715473604
40606,2.2,0.0,890.4872575231482,0.0,0.5632242500692439,0.7208632565093622
40873,2.1,0.0,888.5015100694444,0.0,0.1262333813665357,0.6655392408409401
40989,3.7,0.0,887.598828587963,0.0,3.012761550642937,2.376107080962525
40990,2.9000000000000004,0.0,887.586037962963,0.0,0.9256935164113183,1.2574446030743605
41060,2.1,0.0,886.9385550925925,0.0,0.09201960245565635,0.665379313645561
41066,2.2,0.0,886.8831607638889,0.0,0.305503851295796,0.7204645671165192
41265,2.0,0.0,885.3039138888889,0.0,0.2686246158402702,0.6143456475939906
41279,2.0,0.0,885.1760287037037,0.0,1.4638221518694035,0.6143335133782616
41360,2.1,0.0,884.5016787037038,0.0,0.6898633978821771,0.6651291461302319
41463,2.4000000000000004,0.0,883.1959032407408,0.0,0.6854298945487244,0.8442270901561527
41682,2.9000000000000004,0.0,880.6692221064815,0.0,1.590210039989445,1.256099313803513
41740,2.0,0.0,879.8754585648148,0.0,0.19416232772357064,0.6138283310300786
41742,2.0,0.0,879.8571957175926,0.0,1.430046192614391,0.6138265828407653
41767,2.2,0.0,879.5502375,0.0,0.29474915239004673,0.7196460904299695
41831,2.3000000000000003,0.0,878.6391707175926,0.0,0.9781104938537889,0.7791197580791135
41869,2.3000000000000003,0.0,878.1096861111112,0.0,0.3712734372506825,0.7790552551342523
42178,2.0,0.0,873.9355202546296,0.0,0.7243434103648496,0.6132569589495053
42263,2.6,0.0,872.6498849537037,0.0,1.6692697154802567,0.9881812177465513
42269,2.1,0.0,872.5559954861111,0.0,0.30271144378101794,0.6638882302013056
42286,2.7,0.0,872.4260350694444,0.0,1.0973632320814926,1.069961791867433
42376,2.4000000000000004,0.0,870.8142006944445,0.0,0.8232415953053215,0.8425901141123895
42377,2.0,0.0,870.7977322916666,0.0,0.40297992769574753,0.6129528647474313
42388,2.0,0.0,870.449758912037,0.0,0.5645664769408233,0.6129190442541032
42587,2.0,0.0,867.6267109953703,0.0,0.9144318195029861,0.612643943989651
42700,2.0,0.0,865.7008960648149,0.0,0.0005557501479542332,0.6124555383958051
42857,2.2,0.0,863.2403513888889,0.0,1.1636016415528199,0.7177898110448186
42879,3.2,0.0,862.7148008101852,0.0,1.6668912208809423,1.5901238701547693
42880,2.0,0.0,862.6901627314815,0.0,1.1105576383328182,0.6121597856642308
42881,2.5,0.0,862.6829329861112,0.0,0.2912680813867877,0.9111701300618649
42946,2.1,0.0,861.7181212962963,0.0,0.0,0.6627410339046855
43099,2.6,0.0,860.2887950231482,0.0,1.0158755145278495,0.9862315156208545
43101,2.4000000000000004,0.0,860.2548298611111,0.0,0.005824029647525216,0.8411673745926895
43144,2.0,0.0,859.6678194444445,0.0,0.4122432839851066,0.6118614016929206
43257,2.0,0.0,857.4091376157407,0.0,0.2968550428069305,0.6116374296141364
43426,3.0,0.0,854.2792991898148,0.0,1.6950122310148041,1.3543877076262993
43427,2.2,0.0,854.2790202546296,0.0,0.3085740311297657,0.7167483316375599
43675,2.2,0.0,849.6878756944444,0.0,0.05366092285112825,0.7162086922418894
43677,2.3000000000000003,0.0,849.5846046296297,0.0,1.2849723440546978,0.775495415357135
43689,3.2,0.0,849.3715075231481,0.0,0.6865389895087821,1.586672562694437
43710,3.4000000000000004,0.0,848.986965625,0.0,1.661602780373067,1.8601751843253342
43747,2.0,0.0,848.1995450231482,0.0,0.08550180335208288,0.6107154152154205
43887,2.4000000000000004,0.0,845.1388209490741,0.0,1.4276586126837911,0.8390866693311534
43900,2.0,0.0,844.9517350694445,0.0,0.06814659978571881,0.6103868581471414
43952,2.3000000000000003,0.0,844.1859961805555,0.0,0.3951951851662257,0.7748024382065377
43995,2.5,0.0,843.2185740740741,0.0,1.0111440521392503,0.9082702050251561
44003,2.6,0.0,843.1474138888889,0.0,0.02155312278228383,0.9834605684012538
44101,2.1,0.0,841.0255835648148,0.0,1.184119123559116,0.6604923842251853
44102,2.4000000000000004,0.0,841.0252122685185,0.0,0.259801545534334,0.8385112567309115
44134,2.4000000000000004,0.0,840.0776810185185,0.0,0.8383575981817502,0.8383781507196757
44135,2.0,0.0,840.0630456018519,0.0,1.182092317554964,0.6098889138564262
44175,3.3000000000000003,0.0,839.8334234953704,0.0,3.478592771188131,1.7153213312051285
44184,2.5,0.0,839.8134633101852,0.0,0.9744016180638304,0.9077531008044837
44202,3.8000000000000003,0.0,839.7150244212963,0.0,3.0274811626665037,2.5531247986339705
44204,2.2,0.0,839.7045061342593,0.0,0.5219332526776048,0.7150208260836429
44211,2.5,0.0,839.6479967592593,0.0,0.8551667504806993,0.9077278972621042
44212,2.4000000000000004,0.0,839.644347800926,0.0,0.044275506702523164,0.83831720671103
44214,2.8000000000000003,0.0,839.6076813657407,0.0,0.5643994126806993,1.1523750695667978
44258,2.0,0.0,839.0247934027777,0.0,0.1111774752427931,0.6097826328155762
44301,2.4000000000000004,0.0,838.2732840277778,0.0,1.2539973040918764,0.8381240868297621
44302,2.1,0.0,838.2722299768518,0.0,0.16458923159203617,0.6601872537323852
44313,2.7,0.0,838.0054043981481,0.0,1.304580103247929,1.0639711515669767
44314,2.4000000000000004,0.0,838.0050917824074,0.0,0.175703404392674,0.8380862586447861
44334,2.3000000000000003,0.0,837.3412480324074,0.0,0.09619914998026202,0.7739147454342928
44347,2.5,0.0,837.0669585648149,0.0,1.1679301108379436,0.907333847224383
44355,2.4000000000000004,0.0,836.7879327546297,0.0,0.22850036400697635,0.8379143646391554
44369,2.0,0.0,836.485187037037,0.0,1.329695518082963,0.609521879764316
44382,3.8000000000000003,0.0,836.2417628472223,0.0,1.67184542265995,2.551632403217516
44387,2.0,0.0,836.0857600694444,0.0,0.28446798584677147,0.6094807669803282
44453,3.1,0.0,834.0936883101851,0.0,0.45236288252458723,1.4616082369774759
44466,3.6,0.0,833.5834886574074,0.0,2.1491955660655973,2.175347162299209
44467,2.3000000000000003,0.0,833.5777322916666,0.0,0.49519400629748206,0.7734222738992037
44481,2.3000000000000003,0.0,833.0916942129629,0.0,0.5361759454897557,0.7733584451232003
44486,2.5,0.0,833.0470598379629,0.0,0.48585226944361215,0.9067166953883641
44492,2.4000000000000004,0.0,832.9098006944445,0.0,0.12694052035965486,0.8373643108823825
44544,2.2,0.0,831.3636851851852,0.0,1.031889789002796,0.7140129703197298
44559,2.0,0.0,831.0464528935186,0.0,1.753022712778549,0.6089596829391558
44568,2.4000000000000004,0.0,830.7386972222222,0.0,0.35702053482615015,0.8370547940618845
44599,2.0,0.0,829.8187078703704,0.0,0.5784744181447203,0.608832054532323
44657,2.6,0.0,828.263080324074,0.0,0.8353079463057312,0.9809888873565377
44663,2.0,0.0,828.060758912037,0.0,0.2183397984680149,0.608648846370297
44669,2.1,0.0,827.8920462962963,0.0,0.025426839109500752,0.6590240642880396
44673,2.3000000000000003,0.0,827.8635153935185,0.0,1.3490319423429138,0.7726685240188438
44688,3.2,0.0,827.7572351851852,0.0,3.226471670491032,1.5809154059754706
44695,2.7,0.0,827.7240765046296,0.0,1.7314835190524118,1.0621136189822118
44708,2.1,0.0,827.560759837963,0.0,0.7266475313092525,0.6589866029484085
44711,2.0,0.0,827.4599193287037,0.0,0.7684263076666344,0.6085861032494658
44735,2.1,0.0,826.7795959490741,0.0,0.4137011354124346,0.6588981867173029
44745,2.3000000000000003,0.0,826.6254782407408,0.0,1.749133693148792,0.7725042522843054
44750,2.0,0.0,826.4639208333333,0.0,1.1368684701561378,0.6084819542434506
44756,2.5,0.0,826.2820008101852,0.0,1.4728557519998475,0.9056685668209927
44762,2.0,0.0,826.0341421296297,0.0,0.2975320177648697,0.6084369589296621
44818,2.0,0.0,825.0124355324074,0.0,0.7463808303886746,0.6083298601813171
44851,2.1,0.0,823.9610098379629,0.0,0.5352136191674394,0.6585781866945356
44899,2.8000000000000003,0.0,823.0441237268518,0.0,0.04264527823678312,1.1491262065865955
44918,2.0,0.0,822.6626425925926,0.0,0.21867109408241361,0.6080828393811111
44964,2.5,0.0,821.711455787037,0.0,1.777926443391998,0.9049535923154426
44989,2.4000000000000004,0.0,821.1122494212963,0.0,0.4726653779293013,0.8356686060971918
45014,2.9000000000000004,0.0,820.4406091435185,0.0,0.0315944441378404,1.2437083873023886
45084,2.5,0.0,818.2537681712963,0.0,0.6499454214880694,0.9044089912073092
45090,2.3000000000000003,0.0,818.1666965277777,0.0,0.7350694411970327,0.7713725721434561
45116,3.5,0.0,817.3464502314815,0.0,1.7260158771835485,2.0033939253103226
45206,2.0,0.0,814.6390548611112,0.0,0.9348365621726206,0.6072318631626302
45211,2.4000000000000004,0.0,814.4507693287037,0.0,1.0767555630546797,0.8346959680646013
45212,2.8000000000000003,0.0,814.4507663194445,0.0,1.497454555184518,1.1474042704814702
45263,2.0,0.0,813.0243842592593,0.0,1.101376911523139,0.607059196484923
45322,2.7,0.0,811.430865625,0.0,0.24668837799793247,1.0591026077534407
45362,2.0,0.0,810.1386369212963,0.0,0.8799772190380215,0.6067494124344021
45372,2.5,0.0,809.9049636574074,0.0,0.5691179290004974,0.9030806649345355
45446,2.5,0.0,807.569638425926,0.0,1.0396515704946,0.9027056877709674
45461,4.7,0.0,807.1788131944445,0.0,5.328565569483102,5.194583379070984
45466,2.5,0.0,807.1696009259259,0.0,1.724733891193585,0.9026413035451057
45471,2.0,0.0,807.103215625,0.0,0.7180403843088161,0.6064218995252707
45481,2.0,0.0,806.9545695601852,0.0,0.2385654195642137,0.6064058170947783
45484,2.4000000000000004,0.0,806.8880799768518,0.0,2.143754364069878,0.8335782075943817
45485,2.8000000000000003,0.0,806.8770211805555,0.0,1.090643381202824,1.145865494299601
45497,2.0,0.0,806.6711543981481,0.0,1.136632757085668,0.6063751422156394
45509,3.3000000000000003,0.0,806.4519268518519,0.0,1.9593079940386617,1.7054377181659657
45510,2.5,0.0,806.4359851851851,0.0,2.2117752797556554,0.9025231161483431
45513,2.0,0.0,806.3647023148148,0.0,0.5132795935734107,0.6063419571335747
45523,2.0,0.0,806.1845962962963,0.0,0.8949809127243427,0.6063224456413904
45562,3.6,0.0,805.3785238425926,0.0,1.2944003150888845,2.164679606025502
45580,2.0,0.0,804.6919761574075,0.0,1.2094372856053828,0.6061605118605672
45585,2.1,0.0,804.6375898148148,0.0,0.9334183370622267,0.6563423754409232
45599,2.5,0.0,804.2785814814815,0.0,0.5892412574046121,0.9021746861279619
45601,2.6,0.0,804.2482112268518,0.0,0.5472536190928965,0.9768667063099047
45616,3.0,0.0,803.9606877314815,0.0,0.3765235371634171,1.3427682133009158
45633,2.7,0.0,803.2874444444444,0.0,0.27772694737467934,1.057565895653004
45672,2.6,0.0,802.4224627314815,0.0,1.90968100820025,0.9765463108591109
45673,2.1,0.0,802.4218037037037,0.0,0.48039248105437643,0.6560812239514258
45682,2.1,0.0,801.8978012731482,0.0,0.6694162014289924,0.6560193191065931
45732,2.3000000000000003,0.0,799.9455210648148,0.0,1.2404591944332395,0.7688784019706156
45759,2.2,0.0,798.4122714120371,0.0,0.5127352354997319,0.7098883215267883
45772,2.2,0.0,798.2059603009259,0.0,0.979515868838996,0.7098617538834162
45790,2.0,0.0,797.6113034722222,0.0,0.4505703289976178,0.6053866222306218
45810,2.6,0.0,796.8511905092593,0.0,1.1215168325948828,0.9755623513097509
45829,2.0,0.0,796.2156447916667,0.0,0.5722217592929659,0.6052329604708778
45941,2.3000000000000003,0.0,793.6036005787037,0.0,2.0772330653104354,0.767991744307422
45942,3.4000000000000004,0.0,793.6012438657407,0.0,3.07726448655192,1.8423569075565442
45943,3.1,0.0,793.5952346064814,0.0,0.5146681517002171,1.4512164058888046
45949,3.8000000000000003,0.0,793.360221875,0.0,2.059646576824581,2.5324608982054766
45980,2.0,0.0,792.4645732638888,0.0,0.32871982355910323,0.6048181194019516
45984,2.1,0.0,792.332284837963,0.0,0.5155919603930379,0.6548793393832443
46035,2.4000000000000004,0.0,790.4571561342592,0.0,0.8335714127576925,0.8310988817206653
46062,2.2,0.0,789.4675604166666,0.0,0.5035085971037438,0.7087276918684918
46116,2.4000000000000004,0.0,787.8017094907408,0.0,0.41537813538941615,0.8306915124930772
46132,2.2,0.0,786.8507914351852,0.0,0.7591001363755123,0.7083847215431291
46164,2.2,0.0,785.9138841435185,0.0,0.22630797531713504,0.7082615433245635
46171,2.5,0.0,785.6988967592592,0.0,0.06433081959761681,0.8991195105986863
46174,2.1,0.0,785.6327226851852,0.0,0.3145894520952903,0.6540695537244375
46364,3.4000000000000004,0.0,781.5939431712962,0.0,2.5144956799526357,1.8382648943472335
46365,2.1,0.0,781.5923747685185,0.0,0.5736176604958914,0.6535765925415701
46376,3.5,0.0,781.0777836805555,0.0,2.5033414977492217,1.9902751195525539
46380,3.1,0.0,781.0290275462963,0.0,1.2364718555174379,1.4478414187428779
46399,2.1,0.0,780.1936881944445,0.0,0.4573985254227739,0.6534051251252118
46436,2.3000000000000003,0.0,779.7383975694445,0.0,1.694927374497103,0.766018837781755
46437,2.1,0.0,779.7305765046297,0.0,0.11947594833495942,0.6533482587257757
46471,3.1,0.0,779.5527548611111,0.0,1.0522520710369876,1.4474400378709984
46516,2.3000000000000003,0.0,778.3431635416666,0.0,0.47770075967351444,0.765817644545647
46522,2.4000000000000004,0.0,778.234486574074,0.0,1.9807704753373012,0.8292080430707475
46599,2.3000000000000003,0.0,775.3357011574074,0.0,0.22465848107427683,0.7653822865715048
46633,2.4000000000000004,0.0,774.2284971064814,0.0,0.5476365837641152,0.8285794523553944
46658,2.0,0.0,773.6791694444445,0.0,1.3982616335376972,0.6026992480557855
46746,2.0,0.0,771.4683077546297,0.0,0.5936560795417929,0.6024452511968784
46751,2.3000000000000003,0.0,771.4021113425925,0.0,0.1896811420463916,0.7648093731756728
46827,2.5,0.0,768.8066800925926,0.0,0.6594124197612116,0.8962544539372866
46846,2.0,0.0,768.2217048611111,0.0,0.8326559095606146,0.6020704609336142
46850,2.1,0.0,768.1186866898148,0.0,0.9990713220995225,0.6519071627271076
46886,2.9000000000000004,0.0,766.9405350694444,0.0,0.41836573336539545,1.2315825415714112
46888,2.3000000000000003,0.0,766.7552623842593,0.0,0.45046735743629174,0.7641274304481845
46928,2.0,0.0,765.287821875,0.0,0.19046313173748267,0.6017299148918845
47013,2.0,0.0,762.283515162037,0.0,0.3562917485161547,0.6013793540384196
47015,2.2,0.0,762.2558826388889,0.0,0.721158295165671,0.7050830146627208
47018,2.0,0.0,762.2491328703703,0.0,0.17704978261348178,0.6013753312703114
47046,2.0,0.0,761.5775905092593,0.0,0.3743535398520224,0.60129671072902
47047,2.1,0.0,761.4381460648148,0.0,0.9998870128007944,0.6510645738221953
47087,2.5,0.0,760.0264267361111,0.0,0.0,0.8947311705925678
47103,2.1,0.0,759.3517782407407,0.0,0.24695713355276405,0.6507993738377165
47143,2.0,0.0,757.7706196759259,0.0,0.6965505868817168,0.6008492312442203
47151,2.2,0.0,757.4479890046297,0.0,0.9953990495945617,0.7044206369283428
47186,2.1,0.0,756.2960114583333,0.0,0.7327359331306841,0.6504091697090595
47203,2.4000000000000004,0.0,755.6385491898149,0.0,0.5812549192959265,0.8256034849509319
47210,2.5,0.0,755.312496875,0.0,0.1949700634924442,0.8939034885404148
47238,2.0,0.0,754.3347561342592,0.0,0.0,0.6004427571142229
47261,2.1,0.0,753.7058607638888,0.0,0.9765536399569663,0.650076751869048
47269,2.7,0.0,753.3651347222223,0.0,0.5227134957847123,1.047653247690379
47279,2.0,0.0,752.9547778935186,0.0,0.0216525272549409,0.6002787975327032
47287,3.0,0.0,752.467991550926,0.0,1.8065497346009118,1.3297850743338493
47309,2.1,0.0,751.6469002314815,0.0,0.6824818883300553,0.6498114061033786
47314,2.2,0.0,751.3276546296296,0.0,0.492410519134522,0.7035691856786461
47324,2.4000000000000004,0.0,751.0847373842593,0.0,1.1206595024965236,0.8248593542194907
47333,2.2,0.0,750.9421679398148,0.0,0.8621057799595923,0.7035152446853753
47335,2.1,0.0,750.9184064814815,0.0,0.14200750040609741,0.64971728794379
47350,2.2,0.0,750.1529688657407,0.0,0.5020720273518364,0.7034046960800788
47361,3.0,0.0,749.5857909722222,0.0,0.7142107662029298,1.3290228290029238
47384,2.2,0.0,748.7157513888889,0.0,0.48399403439856464,0.7032029726985861
47440,2.0,0.0,746.1632069444445,0.0,0.49392612826467525,0.5994659361903152
47486,2.1,0.0,744.5318991898148,0.0,1.0337418635528135,0.6488868908146145
47496,4.3,0.0,744.2296177083333,0.0,0.43457699084568485,3.7340260297352637
47533,2.0,0.0,742.8233552083333,0.0,0.77066556393402,0.5990625468464345
47593,2.2,0.0,741.1925679398148,0.0,1.0261491585063764,0.7021384954186922
47701,2.5,0.0,738.299478587963,0.0,0.5873695754314611,0.8908574883029499
47711,2.9000000000000004,0.0,737.9620574074074,0.0,0.7991710285458792,1.2245216466458526
47714,2.2,0.0,737.7877271990741,0.0,0.21722235647956004,0.701651966959377
47737,2.1,0.0,737.1250309027778,0.0,0.6656165980708384,0.6479117831172896
47752,2.5,0.0,736.6010539351852,0.0,1.2195652698732877,0.8905482446826509
47792,2.2,0.0,735.0406009259259,0.0,0.24578775849514264,0.7012572303923437
47811,2.5,0.0,734.4588246527778,0.0,0.07663256243984935,0.8901568349786261
47834,2.0,0.0,733.5738998842593,0.0,0.6294808453340848,0.5979326099677027
47879,2.0,0.0,732.0312295138889,0.0,0.09567089062573231,0.5977423035877306
47884,2.6,0.0,731.8217578703703,0.0,0.6459094263782217,0.9633351510798608
47919,2.0,0.0,730.6633568287037,0.0,0.9416965236266243,0.5975731135123229
47929,2.4000000000000004,0.0,730.1455204861111,0.0,0.7951946260145382,0.8213581364940803
47984,2.5,0.0,728.3097190972222,0.0,0.6057007410102134,0.8890248251349514
48003,2.3000000000000003,0.0,727.7404998842593,0.0,1.560792592933101,0.7581729888773378
48005,2.2,0.0,727.695274537037,0.0,0.5689136745461787,0.7001920515517744
48008,2.0,0.0,727.5876800925926,0.0,0.3182253984886309,0.5971911452080491
48016,3.3000000000000003,0.0,727.3053715277778,0.0,1.5632945922274655,1.6795744531709824
48048,2.0,0.0,725.8556421296296,0.0,0.6241905435319726,0.596975098473138
48069,2.6,0.0,724.907247337963,0.0,0.6854316092417786,0.9619492378028086
48077,3.0,0.0,724.5987711805556,0.0,2.717055124449308,1.3222458164863533
48082,2.7,0.0,724.4328038194444,0.0,1.2966720004060766,1.041492066584121
48085,2.7,0.0,724.3679300925926,0.0,1.4541520778804033,1.0414778848154311
48094,2.6,0.0,724.0395716435186,0.0,2.3542902211087577,0.9617740862509441
48095,2.4000000000000004,0.0,724.0387885416667,0.0,1.2696536229424782,0.8203117393540756
48105,2.8000000000000003,0.0,723.5662513888889,0.0,1.6145054521156041,1.1275191981341106
48106,3.0,0.0,723.5636123842593,0.0,1.0656733733747201,1.3219583658317553
48114,2.9000000000000004,0.0,723.161706712963,0.0,0.30169935691068567,1.2207705015813657
48127,2.7,0.0,722.5925827546296,0.0,0.5969945995565533,1.0410891295136087
48205,2.4000000000000004,0.0,720.0202258101851,0.0,0.6194629016247526,0.8196167507257337
48235,2.9000000000000004,0.0,718.6597945601852,0.0,1.4347140204055093,1.2196092393980598
48252,2.0,0.0,718.0116835648148,0.0,0.40605390767659005,0.5959880594295879
48261,3.2,0.0,717.5428171296296,0.0,0.8026591444109284,1.5479562234876953
48265,2.3000000000000003,0.0,717.448630787037,0.0,0.5376617429556603,0.7565308405698721
48285,2.0,0.0,716.8330958333333,0.0,0.0,0.5958385209943221
48300,2.2,0.0,716.36684375,0.0,0.18761087406182167,0.6985209948761694
48348,2.1,0.0,714.1806351851852,0.0,0.6638331999111856,0.6448064575442268
48350,2.3000000000000003,0.0,714.1475489583333,0.0,0.7694946126167631,0.7559975210140514
48383,2.0,0.0,712.550496875,0.0,0.7509521649014215,0.5952924068223424
48394,2.2,0.0,711.8266417824074,0.0,0.09602601569963491,0.6978414439850459
48404,2.2,0.0,711.4922543981481,0.0,0.2159575102290326,0.6977911693435701
48470,2.4000000000000004,0.0,708.5648327546296,0.0,0.26239682957129157,0.8176071773215756
48471,2.7,0.0,708.4984412037037,0.0,1.3852401327224009,1.0379574549216979
48516,2.3000000000000003,0.0,706.7151996527778,0.0,0.3256541347490611,0.7547847934597666
48591,2.1,0.0,703.9568722222223,0.0,0.22668776630571108,0.6433800174893746
48610,2.0,0.0,703.4073615740741,0.0,0.11670238858641191,0.5941119071148672
48621,2.0,0.0,703.0542188657407,0.0,0.9623114201519293,0.5940659086803188
48667,2.3000000000000003,0.0,701.4089805555556,0.0,1.0071608700100485,0.7539087007413099
48668,2.5,0.0,701.3499012731481,0.0,0.41291921019130395,0.8839082379109025
48671,2.5,0.0,701.2682059027778,0.0,0.11611987637924231,0.8838923422107838
48692,2.4000000000000004,0.0,700.3861888888889,0.0,1.8741622195266525,0.8161461345968128
48698,2.8000000000000003,0.0,700.2864011574075,0.0,0.6958120588615645,1.1218802829660373
48720,2.6,0.0,699.5320482638889,0.0,1.144708992628583,0.9567095612375961
48770,2.3000000000000003,0.0,697.3755787037037,0.0,0.015451084683641475,0.7532369412424975
48852,2.0,0.0,694.7327251157408,0.0,0.018601042130753972,0.5929731813241076
48869,2.4000000000000004,0.0,693.6692509259259,0.0,0.5277630146314481,0.8149294382439703
48891,2.3000000000000003,0.0,692.8841775462963,0.0,1.0247526537496603,0.7524829153388134
48893,2.2,0.0,692.8812556712963,0.0,0.9749810148104495,0.694943221353448
48979,2.1,0.0,688.0234068287037,0.0,0.9218180769898787,0.6411020768666369
48994,2.0,0.0,687.2093372685185,0.0,0.43222629741044116,0.5919704841783113
49001,3.6,0.0,686.8515966435185,0.0,2.0287049785240945,2.1135737110901345
49026,2.1,0.0,685.988485300926,0.0,0.7177805382765815,0.6408062149775101
49028,2.1,0.0,685.8758075231482,0.0,0.5178215475409411,0.6407897992796118
49050,2.5,0.0,684.980103587963,0.0,1.7332574517640833,0.8806740542346759
49051,2.9000000000000004,0.0,684.9527740740741,0.0,0.8671987216644744,1.2105999291848255
49058,2.8000000000000003,0.0,684.6027334490741,0.0,0.29519020045233296,1.1179411973977529
49072,2.1,0.0,683.9294743055556,0.0,0.0,0.640505691458288
49096,2.6,0.0,683.0350466435185,0.0,0.0,0.9531678884429585
49105,2.3000000000000003,0.0,682.6889282407408,0.0,0.0,0.7507475004464279
49127,2.0,0.0,681.4415890046296,0.0,0.39967433804668673,0.5911920859291644
49164,2.1,0.0,679.9319377314815,0.0,0.17563676753840265,0.6399188755894385
49166,2.6,0.0,679.9033681712963,0.0,0.3382418006266207,0.9524830297385559
49175,2.2,0.0,679.5514534722222,0.0,0.31489555674831277,0.6928414984342324
49188,2.1,0.0,679.1022395833334,0.0,1.2920319755198435,0.6397965221601954
49232,2.5,0.0,677.0862049768518,0.0,0.8691809502012391,0.8790784238179651
49252,2.4000000000000004,0.0,676.0550641203704,0.0,0.46905560519810074,0.8116648249009676
49333,2.5,0.0,672.5070688657407,0.0,0.8329136161760329,0.8781417897401181
49344,2.1,0.0,672.1186643518519,0.0,0.6000871767323888,0.6387589813965546
49354,2.2,0.0,671.9846111111111,0.0,0.10558400566298572,0.6916245854648594
49381,2.1,0.0,670.7863944444445,0.0,0.26272062188586737,0.6385594728533187
49400,2.4000000000000004,0.0,670.0693584490741,0.0,0.49352530040672327,0.8105303541739174
49424,2.0,0.0,669.0225375,0.0,0.2567417694712305,0.5894868204940406
49428,2.4000000000000004,0.0,668.8030905092593,0.0,0.9382677945185425,0.810288690247722
49442,2.9000000000000004,0.0,668.3355578703704,0.0,1.771754597625083,1.2059437596285083
49443,2.0,0.0,668.3299431712963,0.0,0.4050561281890895,0.5893905242547065
49569,2.2,0.0,664.8742265046296,0.0,0.27037077682557054,0.690464932805207
49574,2.1,0.0,664.7957982638889,0.0,1.0974046102381605,0.637656056265943
49579,2.8000000000000003,0.0,664.3938278935185,0.0,3.0349462787512445,1.1126900451247481
49582,2.4000000000000004,0.0,664.3479164351852,0.0,1.6027435511637307,0.809433750493931
49593,2.1,0.0,663.9029780092593,0.0,0.941173882625934,0.6375205216117873
49599,2.0,0.0,663.6489497685185,0.0,0.1719590051194783,0.5887363253277282
49610,2.3000000000000003,0.0,663.1865295138889,0.0,1.0862295220974123,0.7473327781380712
49611,2.0,0.0,663.1645642361111,0.0,0.0650317204841089,0.5886682925103007
49651,2.4000000000000004,0.0,661.7732130787037,0.0,0.0002794155118713739,0.8089363194746304
49658,2.5,0.0,661.4449211805555,0.0,1.2874016428341255,0.875844935777372
49660,2.4000000000000004,0.0,661.3146753472222,0.0,0.5042868309896628,0.8088474710258062
49699,2.5,0.0,659.9376181712963,0.0,0.5248460402527406,0.8755281707581987
49708,2.0,0.0,659.7162354166667,0.0,0.021022792036038816,0.5881821280534201
49749,2.0,0.0,657.4610810185185,0.0,0.4925607064481318,0.5878624280712627
49786,2.4000000000000004,0.0,656.4519680555555,0.0,0.046598248971596784,0.8079003903910414
49801,2.2,0.0,656.079439236111,0.0,0.17753425028228242,0.6890084407250711
49849,2.1,0.0,654.0835574074074,0.0,0.18205758948503928,0.6360143707071834
49866,2.2,0.0,653.5803695601852,0.0,0.309019884177268,0.6885900309834412
49878,2.6,0.0,653.0992600694444,0.0,1.0665280738031853,0.9464505415938402
49884,2.0,0.0,652.9157144675926,0.0,0.971993749691896,0.5872137972610036
49891,2.6,0.0,652.787584837963,0.0,2.6343225822974006,0.946378546189635
49892,2.1,0.0,652.7814592592592,0.0,1.6811784634765952,0.6358124883809377
49893,2.1,0.0,652.7789851851852,0.0,0.6067728010659781,0.6358121043043782
49903,2.0,0.0,652.3390623842593,0.0,0.5184030226827354,0.5871310981111332
49905,2.5,0.0,652.1589685185185,0.0,0.7520822850095428,0.8738786881551509
49992,2.0,0.0,649.8896844907407,0.0,0.6061025917997039,0.5867787902192878
50014,2.9000000000000004,0.0,649.0090747685185,0.0,1.7696447873429453,1.2003383303731396
50015,2.2,0.0,649.0085925925925,0.0,0.5241498269557436,0.6878193141053792
50060,2.2,0.0,647.0632511574074,0.0,0.6218181026248351,0.6874892762534351
50104,2.3000000000000003,0.0,646.1896569444444,0.0,1.0765544327651808,0.7442503895184274
50170,2.4000000000000004,0.0,643.6920016203703,0.0,0.3322185573362841,0.8053722438445681
50222,2.2,0.0,641.7164711805556,0.0,0.22573038621634148,0.6865756665443159
50224,2.4000000000000004,0.0,641.6636699074074,0.0,0.743242149647407,0.8049645283356195
50247,2.0,0.0,639.9951841435185,0.0,0.24989531685897562,0.5853383172421924
50387,2.1,0.0,635.8675072916667,0.0,1.429607988246904,0.6331428738875796
50439,2.2,0.0,635.3313722222222,0.0,0.06366547621584064,0.6854719851798841
50446,2.6,0.0,635.2600349537037,0.0,0.7374669400491718,0.9422583489673708
50526,2.1,0.0,633.7534241898148,0.0,0.0,0.6328029113690941
50541,3.5,0.0,633.334550462963,0.0,0.48981619891627365,1.9269952074596342
50556,2.8000000000000003,0.0,633.0295929398148,0.0,1.8673689219258174,1.1041233858606436
50582,3.0,0.0,632.1068686342593,0.0,0.8345911688190482,1.2942237433407293
50613,2.1,0.0,631.648337962963,0.0,0.7165161812957,0.6324629789744799
50925,2.2,0.0,627.1253681712963,0.0,0.4369211518401213,0.6840329340059814
51019,2.2,0.0,626.1086564814815,0.0,0.49971325701228425,0.6838529978769852
51049,2.6,0.0,625.4738990740741,0.0,0.1856257599215349,0.9398952080617473
51073,2.1,0.0,624.9121914351852,0.0,0.002140577621111759,0.6313656140288113
51152,2.3000000000000003,0.0,623.2285304398148,0.0,0.5011189027399993,0.7399198876944976
51188,2.0,0.0,622.4503627314815,0.0,1.0164590419397546,0.5827139193615596
51225,2.2,0.0,621.5064233796296,0.0,0.5883767811917471,0.683033916979948
51295,2.3000000000000003,0.0,619.9025085648149,0.0,0.8834884231640246,0.7392760482155407
51300,2.1,0.0,619.8219961805555,0.0,0.4856014753871343,0.6305265455715746
51321,2.3000000000000003,0.0,619.4060303240741,0.0,0.03446439203486607,0.7391795729756171
51439,2.2,0.0,616.3457361111111,0.0,1.860267590203273,0.6821064168794245
51440,2.0,0.0,616.3417090277778,0.0,1.2959884712835288,0.5817784077306049
51442,2.1,0.0,616.3313297453703,0.0,0.19063925950274352,0.629946172329154
51598,2.1,0.0,610.269428125,0.0,1.1792946633148276,0.628928541597744
51608,2.0,0.0,609.960218287037,0.0,0.003524500007996643,0.580788743330014
51709,2.5,0.0,606.1961427083334,0.0,0.018230825005113242,0.8635990160319476
51735,2.9000000000000004,0.0,605.3008423611111,0.0,0.012768473636498011,1.186847096459069
51773,2.8000000000000003,0.0,603.7540170138889,0.0,0.8226181416841578,1.0956325412226804
51792,2.3000000000000003,0.0,603.5688039351852,0.0,0.003121769826480475,0.7360508291212726
51798,2.0,0.0,603.4358813657408,0.0,0.28002540839373125,0.579763606101437
51801,2.4000000000000004,0.0,603.3901791666667,0.0,0.0027967241883288217,0.7969547818914896
51830,2.2,0.0,602.2243984953703,0.0,1.6940595247132548,0.6795184924799779
51844,2.8000000000000003,0.0,602.0075020833333,0.0,2.810862841715335,1.095109943921535
51853,2.3000000000000003,0.0,601.6748240740741,0.0,0.9894197469648807,0.735669882016241
51877,2.3000000000000003,0.0,600.9613731481481,0.0,2.100054159753351,0.7355259988817656
51900,2.3000000000000003,0.0,599.9632467592593,0.0,0.5612194474767971,0.7353243519668942
51914,2.6,0.0,599.1330236111111,0.0,1.16425654128533,0.9332989989857301
51934,2.0,0.0,598.9479747685185,0.0,0.5009709732125676,0.5790504858742075
51965,2.0,0.0,598.493569675926,0.0,0.24086747241596093,0.5789779158721997
51977,2.5,0.0,598.1673819444444,0.0,0.5639314646886128,0.8617039291867404
52031,2.0,0.0,596.6375689814815,0.0,0.5948015603501161,0.5786808029430154
52050,2.4000000000000004,0.0,595.7562586805556,0.0,1.464033499153638,0.7952817748894417
52363,2.0,0.0,593.9306003472223,0.0,0.6417474776557236,0.5782454282657826
52647,3.2,0.0,593.3065402777778,0.0,0.7699722584943699,1.5017616095040967
53017,3.2,0.0,592.266212962963,0.0,0.3608978255111862,1.5013247434704888
53085,2.6,0.0,592.0072197916667,0.0,0.7693014297071009,0.9314529402981403
53172,2.0,0.0,591.7309172453704,0.0,0.9747499847159534,0.5778898504683959
53356,2.5,0.0,591.0258954861112,0.0,0.4117838349541319,0.8599918523583336
53436,2.1,0.0,590.7272709490741,0.0,1.0767596616612123,0.6255611325023078
53549,2.4000000000000004,0.0,590.3447759259259,0.0,0.3044102205669358,0.7940798289207964
54194,2.4000000000000004,0.0,588.0784393518519,0.0,0.042797705272702505,0.7935724465923333
54351,2.7,0.0,587.5094765046297,0.0,2.4792322164167664,1.0072975323852489
54352,2.5,0.0,587.5092380787037,0.0,1.5092493881591997,0.8591394619438879
54353,2.0,0.0,587.5080386574074,0.0,0.4253877705154811,0.5772026773275667
54457,2.0,0.0,587.0946177083333,0.0,1.8233905827112031,0.5771350792720511
54496,2.1,0.0,586.9735311342592,0.0,0.5041036886068503,0.6248986721237278
54498,2.3000000000000003,0.0,586.9616204861111,0.0,0.17900072509218926,0.732659539227204
54821,2.3000000000000003,0.0,585.3463930555556,0.0,0.8501032650484381,0.7323234525956208
54881,2.1,0.0,584.9928284722222,0.0,0.4034033271802135,0.6245470331113283
54988,3.1,0.0,584.355975,0.0,1.4844720075789917,1.3834283584074345
55023,2.2,0.0,584.1824719907407,0.0,2.1139209205190834,0.6761014139133522
55190,2.3000000000000003,0.0,583.2084646180556,0.0,0.0,0.7318768660549125
55211,2.3000000000000003,0.0,583.1014703703704,0.0,0.17693551066055888,0.7318544640111063
55221,2.3000000000000003,0.0,583.0205298611111,0.0,0.6614343034005064,0.7318375136796283
55285,2.3000000000000003,0.0,582.6711274305555,0.0,1.69724788871138,0.7317643099876274
55291,2.0,0.0,582.6614335648148,0.0,0.7189558176485665,0.5764065514091253
55342,3.2,0.0,582.2902568287037,0.0,3.3589792280612807,1.4970874044145412
55343,2.1,0.0,582.2895774305556,0.0,0.37042875337449294,0.6240647740162073
55422,2.3000000000000003,0.0,581.8010939814815,0.0,0.09321526340092465,0.7315817963636889
55436,2.2,0.0,581.743662962963,0.0,1.071865418151991,0.6756296416785282
55529,3.5,0.0,581.1949872685185,0.0,0.6996639745469752,1.8999918036578627
55624,2.3000000000000003,0.0,580.5260287037037,0.0,0.9926179901828768,0.7313137165499211
55660,2.0,0.0,580.2054116898148,0.0,1.2665853309048847,0.576000034504197
55754,2.3000000000000003,0.0,579.5538615740741,0.0,2.058525038635691,0.7311088399787189
55769,2.1,0.0,579.5005225694445,0.0,0.18967003308615782,0.6235643490215301
55780,2.5,0.0,579.4452918981482,0.0,0.1284414478222361,0.8571611945292308
55786,2.6,0.0,579.3936972222223,0.0,0.7515808288558429,0.9281177328375462
55866,2.1,0.0,578.7648533564815,0.0,0.0,0.623431864810687
55869,2.0,0.0,578.7397528935185,0.0,1.3117493003554377,0.5757564449463588
55910,2.1,0.0,578.5155020833333,0.0,0.09061730429540725,0.6233869136521123
55918,2.0,0.0,578.4722306712963,0.0,0.15304763942173963,0.5757119025867213
55956,2.5,0.0,578.2183824074074,0.0,0.5189469767647092,0.8568572769292978
56007,2.2,0.0,577.8246711805556,0.0,0.7277667641106101,0.6748664867362125
56054,2.2,0.0,577.4193611111111,0.0,0.0,0.6747872018753364
56220,2.9000000000000004,0.0,576.1115157407407,0.0,1.6825841903392247,1.177148111580628
56229,2.0,0.0,576.0619321759259,0.0,0.3001457887590278,0.5753094603570091
56481,2.3000000000000003,0.0,574.5548049768519,0.0,0.8816376228680646,0.7300487127031242
56530,2.1,0.0,574.1131337962963,0.0,0.0,0.6225894038036519
56556,2.0,0.0,573.8677046296297,0.0,0.40723443481322297,0.574941319572135
56559,2.3000000000000003,0.0,573.850833912037,0.0,0.12386232604755107,0.7298985286652653
56643,3.2,0.0,573.0351894675925,0.0,0.1688087060309785,1.4930766497617933
57116,2.5,0.0,568.4448045138889,0.0,0.3551843525503211,0.8544080735635174
57117,3.3000000000000003,0.0,568.4404351851852,0.0,1.7107838015005745,1.6145112447578998
57153,2.8000000000000003,0.0,567.8672986111111,0.0,0.07611969949649446,1.0845063006755877
57189,2.2,0.0,567.4781527777777,0.0,0.9101216809099534,0.6728212278637161
57235,2.3000000000000003,0.0,566.7573011574074,0.0,0.5719085853487672,0.7283726904420325
57315,2.1,0.0,565.6572453703703,0.0,1.0064624259445358,0.6210366655119747
57364,2.1,0.0,565.1115873842592,0.0,0.4100199801959326,0.6209355089346894
57434,2.0,0.0,563.9244314814815,0.0,0.10207032339917871,0.5732515263769214
57439,2.0,0.0,563.8426677083334,0.0,0.6176597349721209,0.5732374829274302
57474,2.3000000000000003,0.0,563.3170178240741,0.0,0.37364247168053444,0.7276243764136703
57547,2.2,0.0,562.2442302083333,0.0,0.942379676868717,0.6717694249716695
57575,2.1,0.0,561.913984375,0.0,0.43809632228644063,0.6203403560179954
57640,2.0,0.0,560.8687307870371,0.0,0.4938912562520994,0.5727250235959931
57683,2.1,0.0,560.2317859953704,0.0,0.6826909475117992,0.6200256246892226
57733,2.5,0.0,559.4547971064815,0.0,0.35943181404809493,0.8521100367017241
57757,2.1,0.0,559.1140231481481,0.0,0.0,0.6198158700256272
57803,2.9000000000000004,0.0,558.6232729166667,0.0,0.027192344214721602,1.1710470423477497
57847,2.3000000000000003,0.0,558.2439458333333,0.0,0.7062405271506905,0.7265108462568981
57850,2.7,0.0,558.1809318287037,0.0,0.14244277891390209,0.9986698418299684
57976,2.1,0.0,556.5264822916666,0.0,0.6506451693070168,0.6193283723065658
58063,2.3000000000000003,0.0,555.8792861111111,0.0,1.1836041439972131,0.7259876622678502
58069,2.7,0.0,555.86851875,0.0,1.1473625976756452,0.997966488264238
58172,2.5,0.0,554.7100525462963,0.0,0.5408857264787484,0.8508792707442951
58322,2.1,0.0,554.1257034722222,0.0,0.1760594059221806,0.6188736330771832
58505,2.0,0.0,553.3986646990741,0.0,0.010874648629136329,0.5714233311508565
58605,2.1,0.0,552.9246543981482,0.0,1.3319106045483868,0.6186452555327961
58662,2.4000000000000004,0.0,552.4182431712962,0.0,0.24462391016495563,0.7852628791087569
58670,2.0,0.0,552.3231173611111,0.0,1.3400278515421873,0.5712341853282062
58840,2.3000000000000003,0.0,550.6895420138889,0.0,0.7914408207242256,0.7248300550932181
58891,3.7,0.0,550.0736283564814,0.0,0.45624067188857304,2.2070484415080442
58893,2.1,0.0,550.0501113425926,0.0,0.3319397796336961,0.6180962573965183
59108,2.6,0.0,546.8314260416666,0.0,1.6489822583844738,0.9190863115645682
59128,2.1,0.0,546.5919439814814,0.0,0.09372722455344287,0.6174312552929964
59132,2.2,0.0,546.4988721064815,0.0,0.28434660009097606,0.6685332456020452
59163,2.1,0.0,546.0207792824074,0.0,0.05016853415076667,0.6173209401431871
59169,2.1,0.0,545.9415769675926,0.0,2.5855419662658047e-05,0.6173056321430334
59174,2.0,0.0,545.8929918981481,0.0,0.8645365391792053,0.5700941642050429
59178,2.6,0.0,545.7936015046296,0.0,0.5587207608248604,0.9187879607596967
59184,2.0,0.0,545.7662824074074,0.0,0.8406451574754439,0.5700715393545197
59248,2.1,0.0,544.8025193287037,0.0,0.8139437411739621,0.6170851865048848
59346,2.7,0.0,543.2776675925926,0.0,0.357737546753174,0.9940746397242071
59443,2.9000000000000004,0.0,542.0450324074075,0.0,0.8728313432493817,1.1650486682511294
59548,2.6,0.0,540.2702905092592,0.0,1.0520348369594963,0.9171887436846828
59617,2.0,0.0,539.4344438657407,0.0,0.08101402658285256,0.568932953895178
59725,2.2,0.0,537.1675640046296,0.0,0.5155797496988488,0.666562612023602
59824,2.1,0.0,535.1639792824074,0.0,0.17989166957353633,0.6151976959377674
59826,2.0,0.0,535.1440605324074,0.0,0.0,0.5681524460063091
59862,2.8000000000000003,0.0,534.3745581018519,0.0,1.084483909044435,1.0733307146530844
59908,2.3000000000000003,0.0,533.5124613425926,0.0,0.44004027433407716,0.7209042067600949
59941,2.4000000000000004,0.0,532.6357232638888,0.0,0.5029342684385395,0.7803716070529917
59961,2.4000000000000004,0.0,532.2950326388889,0.0,0.9077711746040181,0.7802854997067994
60033,2.0,0.0,530.6534016203703,0.0,0.8337051478082247,0.5673275690708355
60074,2.1,0.0,529.4871552083333,0.0,0.0,0.6140671639591492
60123,3.6,0.0,528.082024537037,0.0,2.5450701561558366,2.0240531631012657
60160,2.3000000000000003,0.0,526.9674284722222,0.0,1.1868378105576238,0.7193689251409557
60172,3.3000000000000003,0.0,526.7936454861111,0.0,2.570242556200729,1.5936657711592639
60173,2.1,0.0,526.7904982638889,0.0,0.8597859161844938,0.6135251303014121
60174,2.4000000000000004,0.0,526.7875771990741,0.0,0.20666573212031586,0.7788844784671174
60178,2.8000000000000003,0.0,526.7345340277777,0.0,0.2140938002771619,1.070665048483722
60252,2.3000000000000003,0.0,525.6841935185186,0.0,0.4947531814006546,0.7190652913440798
60361,2.9000000000000004,0.0,524.20580625,0.0,1.9869507851602264,1.1583467073371612
60376,3.0,0.0,523.8911263888889,0.0,0.6970066816514917,1.2541237180243818
60382,2.4000000000000004,0.0,523.7953497685185,0.0,0.8881729259281512,0.7781160794698553
60411,2.9000000000000004,0.0,523.1144628472222,0.0,0.16426585468416338,1.1579280412332835
60473,2.0,0.0,522.3427181712963,0.0,0.0,0.5657791713776903
60533,2.0,0.0,521.154937037037,0.0,0.6531457964574048,0.5655555183114419
60613,3.9000000000000004,0.0,518.8590063657407,0.0,3.4889798774880045,2.561742881423471
60618,2.1,0.0,518.7617182870371,0.0,0.6435081682307979,0.6118919048143481
60620,2.3000000000000003,0.0,518.7109381944445,0.0,0.5646752142336171,0.7174000170709814
60640,2.0,0.0,518.4737064814815,0.0,0.23098330556691984,0.5650484624375441
60745,2.0,0.0,516.2810505787037,0.0,0.05330856016022182,0.5646315261980868
60774,2.1,0.0,515.548025462963,0.0,0.01790808087217653,0.6112298882922392
60778,2.3000000000000003,0.0,515.474528125,0.0,0.6346954355290054,0.7166182401452108
60810,2.7,0.0,514.6490423611111,0.0,0.8806664665778462,0.9848148518379412
60849,2.1,0.0,513.9805407407407,0.0,0.9077798844660654,0.6109052445299019
60853,2.1,0.0,513.8004349537038,0.0,0.13396713315711706,0.6108678689194146
60893,2.6,0.0,512.7910252314815,0.0,1.0556728521194934,0.908936021725679
60914,2.0,0.0,512.0618440972222,0.0,0.13985421408310775,0.5638234148574263
60999,2.3000000000000003,0.0,509.6547883101852,0.0,0.1798483894783677,0.7151979871592369
61020,2.1,0.0,509.15512141203703,0.0,0.15451975398973358,0.609898585565133
61063,2.1,0.0,508.1226420138889,0.0,1.114612493816165,0.6096817579917803
61105,2.2,0.0,507.3537398148148,0.0,1.8450958904141366,0.6599863644226639
61106,2.2,0.0,507.34861770833334,0.0,1.3350697564302174,0.6599851962629538
61107,2.6,0.0,507.34758402777777,0.0,0.8340307603444947,0.9072399909973051
61108,3.5,0.0,507.3362474537037,0.0,2.0101188631125377,1.8562814033604647
61109,4.6000000000000005,0.0,507.3359452546296,0.0,5.4119307610868645,4.4530869106183095
61110,3.0,0.0,507.33452939814816,0.0,2.084508133916528,1.2471203699901026
61111,3.1,0.0,507.33317546296297,0.0,2.4543265462468806,1.3503775409910979
61112,2.9000000000000004,0.0,507.3322423611111,0.0,1.9716416664701828,1.1517573516390254
61113,2.6,0.0,507.3316710648148,0.0,0.9715781828513577,0.9072350021035659
61114,4.0,0.0,507.3307967592593,0.0,3.0212676931053455,2.762982784251016
61115,2.8000000000000003,0.0,507.3305575231482,0.0,1.1245202575454456,1.0636866376577145
61116,2.9000000000000004,0.0,507.32998402777775,0.0,0.35810189621928645,1.1517564527816528
61117,2.0,0.0,507.32736875,0.0,0.8256270968893555,0.5629073663622631
61122,3.7,0.0,507.3236574074074,0.0,2.330754409643111,2.1763863707255986
61128,2.1,0.0,507.3115296296296,0.0,1.4353193698022904,0.6095110611090944
61129,2.3000000000000003,0.0,507.311325,0.0,1.3685848484806196,0.7146207689725842
61130,2.0,0.0,507.3110271990741,0.0,0.13518080473519614,0.5629041874065513
61136,2.0,0.0,507.3046994212963,0.0,0.6943983408599328,0.5629029564190442
61140,2.0,0.0,507.2923266203704,0.0,0.6418831331796656,0.5629005493989926
61143,2.4000000000000004,0.0,507.28587314814814,0.0,2.0097548158204406,0.7737824054880018
61144,2.2,0.0,507.2834304398148,0.0,1.508537185592594,0.6599703283090762
61145,2.1,0.0,507.28296273148146,0.0,0.8376886465351194,0.6095050435126418
61154,2.8000000000000003,0.0,507.2761476851852,0.0,2.4371498316326545,1.063666636247464
61155,2.3000000000000003,0.0,507.2752032407407,0.0,1.1209235478064128,0.7146118476984843
61159,2.1,0.0,507.2681659722222,0.0,0.6683178837887447,0.6095019264319418
61160,2.0,0.0,507.26704930555553,0.0,1.2576423301782098,0.5628956317077662
61161,2.2,0.0,507.2669866898148,0.0,0.34782383990522175,0.6599665774591127
61163,3.5,0.0,507.2643988425926,0.0,2.9012723532273026,1.8562353104832816
61164,2.1,0.0,507.2621664351852,0.0,0.24870464799815012,0.6095006625413794
61165,2.8000000000000003,0.0,507.2596005787037,0.0,1.2686872344830098,1.0636605529315653
61171,2.0,0.0,507.23674120370373,0.0,0.5758690311677264,0.5628897349054028
61173,3.1,0.0,507.22916793981483,0.0,1.99801595210613,1.350328999735167
61174,3.5,0.0,507.2290991898148,0.0,0.9000975414977265,1.8562126620110349
61177,2.2,0.0,507.2174601851852,0.0,2.0412115479782513,0.6599552795217801
61178,2.2,0.0,507.2173158564815,0.0,1.1065853157540673,0.6599552465957946
61182,2.1,0.0,507.2147673611111,0.0,0.6918448641268492,0.6094906766227361
61183,3.2,0.0,507.21294618055555,0.0,1.7885667070253737,1.4621239668040469
61184,3.2,0.0,507.20910844907405,0.0,0.4042620029200143,1.4621220270917479
61185,2.8000000000000003,0.0,507.20694016203703,0.0,1.886840047967535,1.0636411915270907
61188,2.3000000000000003,0.0,507.20498703703703,0.0,0.8207012600400356,0.7145945037500991
61190,2.2,0.0,507.20383738425926,0.0,0.4242212210591361,0.6599521716781912
61197,2.1,0.0,507.1957693287037,0.0,1.3053599645655798,0.6094866738617514
61198,2.6,0.0,507.1927630787037,0.0,0.9312569982582475,0.9071914451945448
61199,4.0,0.0,507.18785046296296,0.0,3.743965342415934,2.762846274359136
61200,3.0,0.0,507.18644560185186,0.0,1.1451120588292434,1.247056539638519
61201,2.3000000000000003,0.0,507.18511909722224,0.0,0.17425205899322424,0.7145895957105135
61203,2.2,0.0,507.18366435185186,0.0,0.5333221746042326,0.6599475693174119
61209,2.0,0.0,507.1678372685185,0.0,0.6682550836157549,0.5628763273076159
61210,2.1,0.0,507.1673104166667,0.0,0.6268846358642426,0.6094806774310269
61212,2.2,0.0,507.1642443287037,0.0,0.22086735996150833,0.6599431385513779
61224,2.8000000000000003,0.0,507.13530486111114,0.0,1.7827064292460226,1.0636148499854512
61225,2.1,0.0,507.13387905092594,0.0,0.32980455982360257,0.6094736327832139
61226,2.2,0.0,507.13337858796297,0.0,0.4625791336932339,0.6599360959894665
61231,2.0,0.0,507.1282229166667,0.0,0.6994270746618763,0.562868618038173
61234,2.0,0.0,507.1172734953704,0.0,0.4521884533412432,0.5628664870704602
61235,2.3000000000000003,0.0,507.11128622685186,0.0,0.20376851718017522,0.714571354596312
61255,2.5,0.0,507.03433912037036,0.0,0.89570413591856,0.8377763948115713
61256,2.1,0.0,507.0327805555556,0.0,0.8239439784242807,0.6094523260697118
61257,2.2,0.0,507.03041006944443,0.0,0.3612516563742858,0.6599125983250804
61259,2.6,0.0,507.02976134259256,0.0,0.23250581057577543,0.9071403156963507
61265,2.1,0.0,507.00265625,0.0,0.03810370823911996,0.6094459763611786
61267,2.0,0.0,506.93908506944445,0.0,0.1664239479292136,0.5628318007009507
61268,2.1,0.0,506.92640474537035,0.0,0.10358370602481627,0.6094299018475898
61269,2.5,0.0,506.92141643518517,0.0,0.31305125692081126,0.8377436723815521
61272,2.0,0.0,506.8699554398148,0.0,0.06016247761001597,0.5628183400503403
61277,2.4000000000000004,0.0,506.8550510416667,0.0,0.01554371352760263,0.7736671335401268
61278,2.2,0.0,506.85264722222223,0.0,0.7394516584776233,0.6598720194277365
61282,2.3000000000000003,0.0,506.7261355324074,0.0,0.22112760318282088,0.7144761496346101
61292,3.5,0.0,506.5278045138889,0.0,2.3908930620555,1.8557623289775278
61293,2.7,0.0,506.5274236111111,0.0,0.4067331723967843,0.9820780496434969
61294,2.0,0.0,506.51185358796295,0.0,1.3749586252098878,0.5627485778747233
61297,2.2,0.0,506.47069212962964,0.0,0.11745515422935435,0.6597847727708316
61299,2.0,0.0,506.3987040509259,0.0,0.11343606197298899,0.5627265232488793
61334,2.2,0.0,505.7751646990741,0.0,0.06886873944861366,0.6596257040584291
61351,2.5,0.0,505.4580746527778,0.0,0.6323734053170749,0.8373188656532928
61355,2.2,0.0,505.3566175925926,0.0,0.04669071067518256,0.6595298595371508
61361,2.0,0.0,505.12100555555554,0.0,0.3134703595662364,0.562477083851497
61380,2.0,0.0,504.85518194444444,0.0,0.008570022693071637,0.562425096712216
61488,2.7,0.0,501.6456274305556,0.0,0.0,0.9804084568998099
61521,2.0,0.0,500.7952034722222,0.0,1.0563074049220338,0.5616271401514803
61524,2.2,0.0,500.7256258101852,0.0,0.31542013096911836,0.6584632404318931
61544,2.6,0.0,500.1363792824074,0.0,0.6206061461807538,0.9049604967543737
61591,2.1,0.0,499.1280859953704,0.0,0.40263627777711697,0.6077710446643761
61592,2.0,0.0,499.0762903935185,0.0,0.0658073239088233,0.5612870530802696
61625,2.8000000000000003,0.0,498.73974166666665,0.0,0.23360632424699235,1.0604975551480276
61649,2.1,0.0,498.2755267361111,0.0,0.041521385826819794,0.6075878799099871
61655,3.0,0.0,498.2566795138889,0.0,0.12238970081902421,1.2431671751887288
61680,2.1,0.0,497.553369212963,0.0,0.34356534923101045,0.6074324487929025
61686,2.6,0.0,497.5237377314815,0.0,0.4611372546408747,0.9041252690857957
61698,2.0,0.0,497.3280111111111,0.0,0.0,0.5609397713879749
61708,2.0,0.0,497.0816681712963,0.0,0.0,0.5608907245975852
61724,3.1,0.0,496.8103521990741,0.0,1.504005851207152,1.3454073856907631
61725,2.3000000000000003,0.0,496.8077929398148,0.0,0.54517959467585,0.7119952880891909
61852,2.1,0.0,493.6623335648148,0.0,1.1448764530680615,0.606590493836614
61974,2.5,0.0,490.8061412037037,0.0,0.3231895492936261,0.8329857176038553
61996,2.3000000000000003,0.0,490.3574642361111,0.0,0.9326440033356747,0.7103511340339342
61997,2.3000000000000003,0.0,490.3434780092593,0.0,0.5898485315564891,0.7103475421666497
62015,2.0,0.0,489.8726965277778,0.0,0.5467693683922805,0.5594429505858655
62029,2.2,0.0,489.38606631944447,0.0,1.4373791435039114,0.6558028863385031
62062,2.0,0.0,488.64951145833334,0.0,0.05659746177792377,0.5591948802505462
62080,2.2,0.0,487.98394872685185,0.0,1.2567382080101395,0.6554690407409952
62105,2.1,0.0,487.1972591435185,0.0,0.5400850762676328,0.6051746173734308
62117,2.2,0.0,486.9709696759259,0.0,0.39014908074960253,0.6552271674068638
62129,2.3000000000000003,0.0,486.4661175925926,0.0,0.4041981830769934,0.7093472407368688
62182,2.2,0.0,485.4928972222222,0.0,0.007219281173283069,0.6548732103350374
62284,2.9000000000000004,0.0,482.57428449074075,0.0,0.09362864785443359,1.14161672232336
62295,3.1,0.0,482.3994895833333,0.0,3.972114473025418,1.3384013285626033
62334,2.1,0.0,481.43913113425924,0.0,0.9869170108909254,0.6038953972401507
62381,2.6,0.0,479.8349175925926,0.0,0.7510728597462399,0.8983349475480281
62404,2.2,0.0,478.92551354166665,0.0,0.6516940031737631,0.6532855364233622
62412,2.1,0.0,478.67623888888886,0.0,0.7973104618975261,0.6032754047152976
62465,2.4000000000000004,0.0,477.0016570601852,0.0,1.6045932414977604,0.765393378315009
62467,2.3000000000000003,0.0,476.9893650462963,0.0,0.6209332688710234,0.7068636723097815
62522,2.3000000000000003,0.0,475.2184113425926,0.0,0.47331791309499927,0.7063933507349655
62555,2.2,0.0,474.1581825231481,0.0,0.32848388375028514,0.6521174714412935
62634,2.7,0.0,471.9842673611111,0.0,0.15024355155492333,0.9698469474329596
62656,2.9000000000000004,0.0,471.3685013888889,0.0,0.5536383920473759,1.136830016908153
62676,2.5,0.0,470.96649247685184,0.0,0.8650546989829226,0.8268769146143068
62702,2.4000000000000004,0.0,470.0329443287037,0.0,0.5717118282434559,0.7633770051341902
62720,2.7,0.0,469.65587650462965,0.0,1.6629015524925344,0.9689861333049826
62721,2.8000000000000003,0.0,469.6519865740741,0.0,0.6215018406292657,1.049213699187055
62732,2.0,0.0,469.23351967592595,0.0,1.008910422349304,0.5551598948624152
62733,2.0,0.0,469.2289798611111,0.0,0.04937813573829367,0.5551589294417564
62736,2.0,0.0,469.1428329861111,0.0,0.8730734959138687,0.5551406077627546
62790,2.4000000000000004,0.0,467.73589108796295,0.0,0.2677626369380345,0.7627049570526876
62823,2.1,0.0,466.68487372685183,0.0,0.8654836358573281,0.6005367994734561
62838,2.1,0.0,466.07445266203706,0.0,0.10465260954474907,0.6003952738257916
62839,2.4000000000000004,0.0,466.0652650462963,0.0,0.741604974772467,0.7622138444330674
62849,2.7,0.0,465.79589444444446,0.0,0.30000498210471876,0.9675484369816756
62895,2.4000000000000004,0.0,464.1829814814815,0.0,0.0,0.7616581342295147
62901,2.2,0.0,464.07585173611113,0.0,0.4556466343418103,0.6496028674891169
62914,3.2,0.0,463.48301099537036,0.0,0.9608815777941938,1.4388587429078403
62929,2.2,0.0,463.204387037037,0.0,0.0,0.6493826371258523
62983,3.0,0.0,461.28624039351854,0.0,1.0385259226858619,1.2261724684525266
62984,3.7,0.0,461.284590625,0.0,0.15728698203053745,2.139836229615775
63019,2.5,0.0,460.0698899305556,0.0,0.08858161168247372,0.8233966870899017
63041,2.6,0.0,459.50207719907405,0.0,0.8001783111295016,0.8913723417352849
63051,2.0,0.0,459.17055439814817,0.0,0.03548976004647161,0.552993758439569
63070,2.5,0.0,458.4806091435185,0.0,0.4025647464979419,0.8228813712147894
63081,3.2,0.0,457.90114872685183,0.0,1.5235004840080661,1.4357110782622162
63084,2.6,0.0,457.72273668981484,0.0,0.9355327557478741,0.8907466205303353
63131,2.0,0.0,456.4358325231481,0.0,0.2915255233936851,0.5523958823619612
64083,2.2,0.0,453.69506469907407,0.0,0.10124074786087174,0.6469489166490712
64144,2.0,0.0,452.5297586805556,0.0,0.22588538661478985,0.5515349481650774
64164,2.0,0.0,451.83883738425925,0.0,0.2986090759535046,0.5513818008109396
64234,2.9000000000000004,0.0,450.0213219907407,0.0,0.03517664375639409,1.1273462959173834
64311,2.1,0.0,448.485949537037,0.0,0.4296502436019229,0.5962257991360025
64331,2.4000000000000004,0.0,447.982815625,0.0,0.2897256712724907,0.7567684934484135
64339,2.2,0.0,447.708184375,0.0,0.9971503186105131,0.645387318124324
64403,2.7,0.0,445.30779328703704,0.0,0.029512575504117462,0.9596871649505452
64452,2.1,0.0,443.8664087962963,0.0,0.11415651880711372,0.5951004539011442
64464,2.5,0.0,443.46793784722223,0.0,0.2997890269885592,0.8179130526749961
64495,2.2,0.0,442.12886643518516,0.0,0.23933569836198285,0.6439110144070643
64521,2.5,0.0,441.3631519675926,0.0,1.5315205253455793,0.8172015919354916
64536,2.2,0.0,440.8111045138889,0.0,0.28158147028143304,0.6435593198073292
64544,2.1,0.0,440.4669320601852,0.0,1.641498361493371,0.5942640067521919
64570,2.3000000000000003,0.0,439.7294662037037,0.0,1.4937245794856797,0.6965305705741098
64577,3.0,0.0,439.5843283564815,0.0,0.005144474960080808,1.2154669852626487
64581,2.5,0.0,439.5307271990741,0.0,0.5431507580730175,0.8165791346708655
64591,2.0,0.0,439.156347337963,0.0,0.8201012707384872,0.5485235348778422
64662,2.1,0.0,437.2782634259259,0.0,0.8818262025945833,0.593472922906833
64664,2.0,0.0,437.2497334490741,0.0,0.02697349183944924,0.5480859533464203
64670,2.2,0.0,437.1001159722222,0.0,0.13160882988693057,0.6425626304404561
64746,2.1,0.0,434.7889020833333,0.0,0.6042891864927429,0.5928508995260502
64770,2.2,0.0,434.287543287037,0.0,0.10139735162949301,0.6418010030250332
64787,2.7,0.0,434.12342372685185,0.0,0.05911236449120352,0.9552243545756022
64853,2.5,0.0,432.0369146990741,0.0,0.5400417882632744,0.8140034476580342
64939,3.3000000000000003,0.0,429.1925474537037,0.0,0.16523224239698775,1.5362919211432184
64940,2.2,0.0,429.1818665509259,0.0,0.49775530831850834,0.6404044628940463
64997,2.1,0.0,427.4962658564815,0.0,0.02265544581000743,0.5910058970686426
65015,2.4000000000000004,0.0,427.097527662037,0.0,1.0382110015079191,0.7501671775580335
65073,2.9000000000000004,0.0,425.17386793981484,0.0,0.3116452771998813,1.1156572742439448
65102,2.8000000000000003,0.0,423.9023810185185,0.0,0.9138718415288836,1.0297766728507727
65103,2.1,0.0,423.88018032407405,0.0,0.0,0.5900782161960544
65120,2.1,0.0,423.1930375,0.0,0.057668761040962434,0.5899009573410494
65171,2.0,0.0,421.3877025462963,0.0,0.4645242347752075,0.5443621969227258
65186,2.7,0.0,420.97513877314816,0.0,0.1798014653583549,0.949813446669446
65222,2.0,0.0,419.95006967592593,0.0,0.38557065616223357,0.5440171494002821
65294,2.8000000000000003,0.0,417.6616559027778,0.0,0.5665442366527671,1.026947089961069
65311,2.2,0.0,417.1148908564815,0.0,0.0,0.6370302721755976
65312,2.7,0.0,417.09070196759257,0.0,1.0017079001506077,0.9481795191579054
65325,2.3000000000000003,0.0,416.46863622685186,0.0,1.219116683560845,0.6895755497196093
65335,2.1,0.0,416.1089980324074,0.0,0.24972824006378222,0.5880550326328597
65371,2.1,0.0,415.04886805555554,0.0,1.1175272472475335,0.5877758526385661
65382,2.0,0.0,414.79147824074073,0.0,0.05656364004220719,0.5427683705710722
65400,3.3000000000000003,0.0,414.1479233796296,0.0,1.6794955696052432,1.5261611313447268
65401,3.0,0.0,414.13295115740743,0.0,0.703310181715763,1.2021436128634206
65445,2.8000000000000003,0.0,412.95323969907406,0.0,0.40131955799653063,1.0247816731698067
65449,2.3000000000000003,0.0,412.7673642361111,0.0,1.2576900922286693,0.6884298695131389
65607,2.2,0.0,412.0558799768518,0.0,0.5401886167998685,0.6355839319659847
65682,2.1,0.0,411.32580092592593,0.0,0.4412756535314095,0.5867892409567259
65758,2.1,0.0,410.20277013888887,0.0,0.791731877778666,0.5864897393835643
65799,3.4000000000000004,0.0,409.6055372685185,0.0,1.8381964121009502,1.649125348527962
65841,2.2,0.0,408.79186793981484,0.0,0.11947066091400012,0.6346405284197794
65847,3.5,0.0,408.6948934027778,0.0,1.1808334274235537,1.7849251664919044
65860,2.0,0.0,408.3748552083333,0.0,0.8886341297128133,0.541191341970151
65895,2.0,0.0,407.55440798611113,0.0,0.0073137759473995275,0.5409877692253113
65968,2.5,0.0,405.8828457175926,0.0,0.0,0.8046155900828635
65998,2.6,0.0,405.0172670138889,0.0,1.2955763909032665,0.8708868725257651
66002,2.1,0.0,404.9576940972222,0.0,0.1900965065302141,0.5850791025635355
66025,2.0,0.0,404.3106648148148,0.0,0.23204112614159927,0.5401785684826215
66104,2.1,0.0,402.1093834490741,0.0,0.6100515456985139,0.5843047915938702
66180,2.2,0.0,399.4843832175926,0.0,0.14186431448404066,0.6319051052574917
66186,3.1,0.0,399.29677002314816,0.0,1.8024055263951377,1.2928162845141504
66208,2.4000000000000004,0.0,398.79190960648145,0.0,0.15410079434401625,0.7406348880787358
66227,2.9000000000000004,0.0,397.9604565972222,0.0,0.5096114168223288,1.1019673158494125
66495,2.5,0.0,393.7202928240741,0.0,0.0023633839160785075,0.8000246001697537
66775,2.5,0.0,392.2001108796296,0.0,0.40760301654673636,0.7994401225073265
66800,3.2,0.0,391.86220891203703,0.0,1.8411351725704705,1.3949043749692043
66807,2.1,0.0,391.75633738425927,0.0,0.13437840435396942,0.5814399214677731
66850,2.3000000000000003,0.0,391.34954606481483,0.0,0.03826393093806224,0.6815749216867208
67003,2.3000000000000003,0.0,388.40532233796296,0.0,0.0,0.6806012825670124
67010,2.3000000000000003,0.0,388.1776077546296,0.0,0.4276800518756117,0.6805256514269717
67014,2.1,0.0,388.15120775462964,0.0,1.505202344500175,0.5804232879496042
67015,2.3000000000000003,0.0,388.1485172453704,0.0,0.5913773985020075,0.6805159861582932
67115,2.2,0.0,385.7752208333333,0.0,0.3715802891602656,0.627749124366343
67175,2.2,0.0,384.36315810185187,0.0,1.7337374477700334,0.6273121427561837
67176,2.3000000000000003,0.0,384.3631050925926,0.0,0.6650553280787871,0.679251677147595
67205,2.5,0.0,383.64322743055556,0.0,0.9924999834623792,0.7961045041109446
67229,2.0,0.0,383.30283877314815,0.0,0.20544235044208686,0.5347633278444218
67238,2.1,0.0,383.16969861111113,0.0,0.0,0.5790018729906701
67292,2.4000000000000004,0.0,381.88348831018516,0.0,0.5327002370552213,0.7345871370013669
67445,2.1,0.0,379.7102909722222,0.0,0.21757576210939586,0.5780031946437124
67511,2.0,0.0,378.38612662037036,0.0,0.004602142985881805,0.5334503037507021
67565,2.5,0.0,377.00688344907405,0.0,1.62431633295264,0.7934627416951037
67589,2.9000000000000004,0.0,376.2220991898148,0.0,0.5111330843679399,1.090289636079187
67597,2.5,0.0,375.94060810185186,0.0,0.2739047435774382,0.7930337063601229
67634,2.3000000000000003,0.0,374.85152199074076,0.0,0.4702477877181237,0.6760157248129103
67636,2.4000000000000004,0.0,374.78227256944444,0.0,1.008876027576539,0.731961933560967
67671,2.8000000000000003,0.0,373.68176550925926,0.0,0.12245954223334814,1.0056165214542243
67678,2.0,0.0,373.46260173611114,0.0,0.0,0.5321172765486609
67717,2.7,0.0,371.98466666666667,0.0,1.0971416985465747,0.9279123534880598
67732,2.1,0.0,371.4398753472222,0.0,0.5448333225591279,0.5755761740990767
67752,2.0,0.0,370.56633263888887,0.0,1.72806799544616,0.5313244494478021
67756,2.4000000000000004,0.0,370.51313553240743,0.0,1.3987588015342654,0.7303583429172834
67762,2.3000000000000003,0.0,370.41644039351854,0.0,1.8101508308961733,0.6744771267921448
67763,2.2,0.0,370.4159451388889,0.0,0.8183024171628109,0.6229025063027339
67778,3.6,0.0,370.148621875,0.0,3.2264029898950426,1.896786607989937
67780,2.5,0.0,370.1379288194444,0.0,1.9986719067240568,0.7906761994446554
67781,2.4000000000000004,0.0,370.1378761574074,0.0,0.21704282649866963,0.730216458875711
67783,2.1,0.0,370.1257756944444,0.0,1.447381561749267,0.5751853091686376
67784,2.1,0.0,370.12573194444445,0.0,0.18409695191088596,0.5751852961314196
67785,2.5,0.0,370.1061534722222,0.0,0.726589441018661,0.790663183074335
67790,2.1,0.0,370.0409353009259,0.0,0.5988496030975407,0.5751600242373862
67792,2.0,0.0,370.01788078703703,0.0,0.4221190525348814,0.5311735827002088
67794,2.1,0.0,369.9812322916667,0.0,0.0875732841128075,0.575142227337187
67872,3.2,0.0,368.20431099537035,0.0,0.31180778857095187,1.3784514016966434
67878,2.1,0.0,368.05748275462963,0.0,0.718238315462657,0.5745671573451265
67928,2.0,0.0,366.7810533564815,0.0,0.0,0.5302783991132874
67948,2.7,0.0,365.989687962963,0.0,1.811400574700766,0.9250237378883754
67958,2.8000000000000003,0.0,365.81492569444447,0.0,1.5014037137057001,1.0015209285335365
67960,3.1,0.0,365.64557766203706,0.0,2.169569737722018,1.2713422114920734
67962,2.6,0.0,365.63554444444446,0.0,1.5092192043515265,0.8541319977311974
67963,2.4000000000000004,0.0,365.63507060185185,0.0,0.23940618615838158,0.7285021039126544
67968,2.1,0.0,365.2996777777778,0.0,0.5596801981643875,0.5737372432175665
67978,2.0,0.0,365.12549340277775,0.0,0.050875142375715,0.5298173295205142
67980,2.4000000000000004,0.0,365.0576974537037,0.0,1.3910885805178856,0.7282806823390264
67991,2.4000000000000004,0.0,364.7291104166667,0.0,0.5789579464493474,0.7281545061874825
67996,2.0,0.0,364.5068710648148,0.0,0.08147536564277032,0.5296444830583877
68000,3.3000000000000003,0.0,364.4291777777778,0.0,1.0900649708713581,1.489628973810186
68018,2.8000000000000003,0.0,363.7492824074074,0.0,0.2836729735148672,1.0004302169634214
68021,2.5,0.0,363.6468126157407,0.0,0.04399981444392323,0.7879925816233444
68042,2.2,0.0,363.172156712963,0.0,0.25310456715497737,0.6205428409149654
68069,3.1,0.0,362.3912451388889,0.0,2.6602370498168297,1.2691559066286158
68070,4.3,0.0,362.3872246527778,0.0,4.322959513556187,3.29669284978039
68072,2.4000000000000004,0.0,362.37322627314813,0.0,1.1406481572650369,0.7272463614929185
68074,2.5,0.0,362.36895046296297,0.0,0.7512577010533866,0.7874583746215047
68076,2.0,0.0,362.35332847222224,0.0,1.9528822981057583,0.5290403712513995
68078,2.5,0.0,362.3461834490741,0.0,0.8706497357280898,0.7874488391043698
68079,2.2,0.0,362.3254524305556,0.0,1.2673218513078022,0.6202638180759205
68086,2.1,0.0,362.20218993055556,0.0,0.7674017236881382,0.5727972572190129
68091,2.6,0.0,362.1029940972222,0.0,2.6106594388555977,0.8525368958099282
68093,2.2,0.0,362.0270375,0.0,1.858091303250465,0.6201653161960826
68094,2.6,0.0,362.0176851851852,0.0,0.7123257574166074,0.8524981743637156
68099,2.5,0.0,361.8849646990741,0.0,1.8651530728926726,0.7872555319181209
68103,3.0,0.0,361.8394769675926,0.0,3.3141892942675555,1.1717646150393963
68104,2.2,0.0,361.8388684027778,0.0,0.693393890951442,0.6201031610906113
68108,2.5,0.0,361.8102398148148,0.0,1.3516459482810648,0.7872241888334413
68109,3.4000000000000004,0.0,361.77638923611113,0.0,0.8166157430745946,1.6106972803040949
68112,2.6,0.0,361.74614733796295,0.0,0.2218002973972651,0.8523748607743228
68114,2.1,0.0,361.71874930555555,0.0,0.8251402028684804,0.5726497917926798
68120,2.0,0.0,361.64349618055553,0.0,0.5594511711183647,0.5288404272637052
68121,2.6,0.0,361.61330497685185,0.0,0.5259150211007244,0.8523144978349934
68139,2.2,0.0,360.9732545138889,0.0,0.33627465642692195,0.6198168006813266
68145,2.2,0.0,360.6959121527778,0.0,0.9653197440543566,0.619724899410817
68154,2.2,0.0,360.4529234953704,0.0,0.5195529081916904,0.6196443211543543
68199,2.4000000000000004,0.0,359.6515630787037,0.0,0.02953750651693847,0.726189513440036
68201,2.8000000000000003,0.0,359.57242094907406,0.0,0.4092868819721841,0.9982048274118238
68254,2.2,0.0,357.6677496527778,0.0,1.07286474426874,0.6187166584740056
68284,2.1,0.0,356.28559363425927,0.0,0.5564578892764637,0.5709782324843364
68286,2.1,0.0,356.26305671296296,0.0,0.3747803861230683,0.5709712436929797
68323,2.4000000000000004,0.0,355.1798847222222,0.0,0.9081632858670524,0.724434904448605
68327,2.5,0.0,355.0542614583333,0.0,0.4364427832158899,0.7843621961565175
68379,2.1,0.0,353.92446180555555,0.0,0.4225216970525846,0.5702435290980604
68411,2.0,0.0,352.98074780092594,0.0,0.5792302606857228,0.5263668660297391
68442,2.8000000000000003,0.0,351.6482505787037,0.0,0.4713261093308931,0.9939079922782182
68455,2.0,0.0,351.1294986111111,0.0,0.43210423713314433,0.5258300891612266
68494,2.0,0.0,349.7459721064815,0.0,0.08925427235771662,0.5254270139106987
68607,2.3000000000000003,0.0,348.06317523148147,0.0,0.785330642008136,0.6664172718513866
68629,4.2,0.0,347.83232511574073,0.0,2.6545669138386465,3.0205350689574613
68631,2.0,0.0,347.8301357638889,0.0,0.03837794919440659,0.5248661257439764
68632,3.0,0.0,347.8291209490741,0.0,0.5779866601249298,1.1628365246464125
68633,2.0,0.0,347.82348483796295,0.0,0.0200916886089824,0.5248641730375795
68688,2.2,0.0,346.62387025462965,0.0,0.013449142136968344,0.6149629501319027
68723,2.3000000000000003,0.0,345.4429940972222,0.0,1.1451068288205728,0.66543752252987
68725,2.2,0.0,345.3651241898148,0.0,0.01565962306089125,0.6145272835078478
68767,2.0,0.0,344.0613034722222,0.0,0.0195818748042857,0.5237533810812705
68768,2.1,0.0,344.01647291666666,0.0,0.10537747508687814,0.567104166522761
68776,2.2,0.0,343.9635872685185,0.0,0.2911512569138579,0.6140402657647785
68931,2.2,0.0,339.26703877314816,0.0,0.0,0.6123932597148641
69007,2.1,0.0,337.5186886574074,0.0,0.05584850652746846,0.5649943292750714
69058,2.2,0.0,335.57954375,0.0,0.10027915939125447,0.6110836329629927
69073,2.0,0.0,335.269365625,0.0,0.04676775570906839,0.52110807594962
69130,2.0,0.0,333.3114125,0.0,0.015656718255461645,0.5205092966995871
69194,2.2,0.0,331.71026273148146,0.0,1.0716224967650652,0.6096935211777089
69230,2.4000000000000004,0.0,330.8071634259259,0.0,0.14830717743521923,0.7144515440747119
69263,2.4000000000000004,0.0,329.8675962962963,0.0,0.07107544687683288,0.7140517361031943
69276,2.2,0.0,329.13757858796293,0.0,0.0,0.6087600480403481
69299,2.4000000000000004,0.0,328.4555927083333,0.0,0.7524433933152994,0.7134487088462335
69321,2.2,0.0,327.6665673611111,0.0,0.8615263056435468,0.6082229616347355
69335,2.6,0.0,327.0382789351852,0.0,0.5009410567540097,0.8357696476385825
69346,2.1,0.0,326.5669447916667,0.0,0.14894924170771096,0.5613424126638291
69385,2.0,0.0,325.4959420138889,0.0,0.0,0.5180829057175352
69389,2.2,0.0,325.42042210648145,0.0,0.038906454010164404,0.6073981155295524
69422,2.1,0.0,324.70504560185185,0.0,0.19805680324211175,0.5607091683963769
69546,3.0,0.0,321.28664930555556,0.0,1.6703857378066014,1.1448591627773674
69547,2.1,0.0,321.2850584490741,0.0,0.2119738077891218,0.559536354528053
69589,2.1,0.0,319.78787743055557,0.0,0.776144269820493,0.5590189441229096
69595,2.0,0.0,319.5792320601852,0.0,0.14432868386196013,0.5162063187633956
69614,2.1,0.0,318.9647726851852,0.0,0.07049890244106397,0.5587334433389779
69684,2.7,0.0,316.3912946759259,0.0,0.004231770556226312,0.8990601506321078
69780,2.4000000000000004,0.0,313.1193891203704,0.0,0.08236993951694833,0.7067243772707653
69805,2.0,0.0,312.35092534722224,0.0,0.01789802367895022,0.5138655182935418
69818,3.2,0.0,311.98043506944447,0.0,0.6552694724057639,1.3344775294987679
69822,3.8000000000000003,0.0,311.93178425925925,0.0,0.36185083533470697,2.1507007901418165
69836,2.0,0.0,311.46965324074074,0.0,0.21902271987085237,0.5135764067836509
69848,2.0,0.0,311.0824802083333,0.0,0.06434783870202178,0.5134491303231624
69880,2.1,0.0,310.0460122685185,0.0,0.07318708644318773,0.5555913879626699
69925,2.2,0.0,308.9938829861111,0.0,0.2862061022723006,0.6011848548000913
69936,2.9000000000000004,0.0,308.6584304398148,0.0,1.5319667175239668,1.0489218555845243
69956,2.1,0.0,308.09041631944444,0.0,0.2068296981724536,0.5548903010172302
69979,2.5,0.0,307.50349699074076,0.0,0.43794961220739104,0.7624825077868682
70048,2.4000000000000004,0.0,305.31135729166664,0.0,0.05974673035539521,0.7031722599231623
70071,2.9000000000000004,0.0,304.73808923611114,0.0,0.12242953464975906,1.0462454935328498
70072,2.1,0.0,304.73134386574077,0.0,0.7870507284172742,0.5536755982744986
70074,2.5,0.0,304.6987736111111,0.0,0.21186433012275777,0.7610868883544324
70076,2.0,0.0,304.60826875,0.0,0.012468566542511429,0.5112969904641286
70108,2.2,0.0,303.89371469907405,0.0,0.2942878196984875,0.5991880274569733
70110,2.5,0.0,303.85231203703705,0.0,1.1841609601956216,0.7606631691745486
70111,2.1,0.0,303.85230947916665,0.0,0.23132166703201065,0.5533555132163195
70114,2.2,0.0,303.81395104166666,0.0,0.034443670137294775,0.5991565328625196
70125,2.6,0.0,303.2607581018519,0.0,0.45715478018860867,0.8233223897513144
70131,2.1,0.0,303.04010868055553,0.0,0.0,0.5530589416447615
70177,2.0,0.0,301.4286695601852,0.0,0.09380885327759916,0.5102232333856376
70222,2.1,0.0,299.87387291666664,0.0,0.8824881253141729,0.551895187605608
70223,2.0,0.0,299.8020778935185,0.0,0.9892971718683496,0.5096695564776359
70235,2.0,0.0,299.1929736111111,0.0,0.8870676509847089,0.509461453041823
70249,2.0,0.0,298.49596689814814,0.0,0.04617203291683279,0.5092227996479199
70278,2.2,0.0,297.13810532407405,0.0,0.511457730224307,0.5964909420660092
70296,2.4000000000000004,0.0,296.4702814814815,0.0,0.510477107849214,0.6990389166822565
70328,2.1,0.0,295.0746517361111,0.0,0.4680245264759711,0.5501077114527888
70352,2.2,0.0,293.9412707175926,0.0,1.4798505671620719,0.5951933298336409
70367,2.5,0.0,293.400027662037,0.0,0.7233798608655155,0.7553318917489084
70383,2.5,0.0,292.8595054398148,0.0,1.5911761421868122,0.7550510901276225
70384,2.4000000000000004,0.0,292.8358451388889,0.0,0.7489163527272907,0.6973041109502977
70386,2.0,0.0,292.7967326388889,0.0,0.0,0.5072503778376871
70423,2.6,0.0,290.6980634259259,0.0,1.8194064782543835,0.8163456260239939
70424,2.4000000000000004,0.0,290.69801134259257,0.0,1.641712923470557,0.6962736841143959
70432,2.3000000000000003,0.0,290.05669363425926,0.0,0.7019086106195801,0.6427457060587238
70484,2.3000000000000003,0.0,288.23266944444447,0.0,1.258055557742442,0.6419264871450231
70498,2.2,0.0,287.6951960648148,0.0,0.6264713245121131,0.5926172016915605
70505,3.4000000000000004,0.0,287.2105827546296,0.0,1.891199633770218,1.538829504123445
70507,2.5,0.0,287.1747125,0.0,0.4350190835164354,0.7520664142994142
70597,2.6,0.0,284.204966087963,0.0,0.16216867388444411,0.8126217709193556
70609,2.3000000000000003,0.0,283.7431599537037,0.0,1.3237327365108875,0.6398881587860206
70610,2.0,0.0,283.7018261574074,0.0,0.3231437990187941,0.5040227352967325
70611,2.0,0.0,283.6697902777778,0.0,1.400838104240225,0.5040111870633287
70612,2.3000000000000003,0.0,283.65938958333334,0.0,0.044915657342974716,0.6398498245175669
70613,2.1,0.0,283.6555519675926,0.0,0.2526784811138525,0.5457362342352584
70631,2.7,0.0,283.00329814814813,0.0,2.120139667479804,0.8791482369106676
70641,2.0,0.0,282.46417488425925,0.0,0.693888513462295,0.5035756551234479
70675,2.0,0.0,281.1359861111111,0.0,0.47727734141820943,0.5030937254578672
70680,3.2,0.0,281.03670613425925,0.0,0.3783065346888164,1.3067188758486175
70681,2.8000000000000003,0.0,281.0209875,0.0,0.2890742953644343,0.9505808939501855
70745,2.6,0.0,278.6322138888889,0.0,0.9806208590978237,0.8093584141609081
70772,2.0,0.0,277.48196909722225,0.0,0.6937916128368028,0.5017562704611362
70803,2.1,0.0,275.73203194444443,0.0,0.07881168464605105,0.5426000046817916
70874,3.3000000000000003,0.0,274.4277337962963,0.0,2.5608946111405557,1.4080694210414222
70902,2.5,0.0,273.9481303240741,0.0,0.8691447799173826,0.7448909230645278
70939,2.3000000000000003,0.0,272.79548113425926,0.0,0.024650876401991442,0.6347819331360671
70949,2.4000000000000004,0.0,272.600871412037,0.0,0.28971085190137275,0.6872397270946224
70953,2.2,0.0,272.5041185185185,0.0,0.0,0.5861147819409172
70966,2.8000000000000003,0.0,271.69622650462964,0.0,1.1330099305590595,0.9440636526821672
70981,2.2,0.0,271.0332601851852,0.0,0.21971886716856265,0.5854664855693479
71006,3.3000000000000003,0.0,270.1147584490741,0.0,1.0214752040767325,1.4035172059117473
71019,2.0,0.0,269.69464467592593,0.0,0.0,0.498847577024585
71028,2.1,0.0,269.53045497685184,0.0,0.10403232879643473,0.540083296586282
71077,2.1,0.0,269.23976018518516,0.0,0.9846597079732791,0.539963949236509
71082,2.0,0.0,269.1429570601852,0.0,0.6318397854698649,0.4986384216412283
71086,2.0,0.0,269.0619520833333,0.0,0.13706613797705508,0.4986076760333924
71116,2.0,0.0,268.05586550925926,0.0,0.25428909083131745,0.49822506284333185
71125,2.0,0.0,267.71796319444445,0.0,0.0,0.498096246330174
71156,2.3000000000000003,0.0,266.95624641203705,0.0,0.35764526837717286,0.6319760356266088
71170,2.1,0.0,266.7582082175926,0.0,1.2466018571286803,0.5389400031411969
71171,2.0,0.0,266.758031712963,0.0,0.29476256767290276,0.4977294349217977
71205,3.1,0.0,265.9765384259259,0.0,0.1426333257579086,1.1932989452111489
71206,2.5,0.0,265.9725556712963,0.0,0.15837246834494081,0.740398793110959
71243,3.0,0.0,264.83474027777777,0.0,1.6597251395510286,1.1010792352641838
71294,2.1,0.0,262.84230300925924,0.0,0.12061773897395972,0.5373052789998201
71314,2.1,0.0,261.7363300925926,0.0,0.26691026961763764,0.5368393152879458
71331,3.5,0.0,261.1006488425926,0.0,2.2122678740270842,1.6341255152829373
71332,2.6,0.0,261.0794895833333,0.0,0.44032342670441094,0.7986469436750275
71333,2.1,0.0,261.07516689814815,0.0,0.586246216609119,0.5365598478703155
71349,2.1,0.0,260.47524155092594,0.0,1.0015556905603893,0.5363056733703567
71351,2.4000000000000004,0.0,260.33830069444446,0.0,0.0353455223993798,0.6807794717363117
71429,2.3000000000000003,0.0,257.2263931712963,0.0,0.9632905822269946,0.6271657980938774
71449,2.2,0.0,256.3038671296296,0.0,0.005185555069656433,0.5787794576582982
71465,2.3000000000000003,0.0,255.37878136574074,0.0,0.05778912363787562,0.6262325920736911
71482,2.2,0.0,254.90403043981482,0.0,0.09105081647771977,0.5781247674327984
71490,2.7,0.0,254.70581539351852,0.0,0.6030236997527377,0.8603732583025205
71512,3.0,0.0,253.8364837962963,0.0,1.121783787327216,1.0914928418516643
71614,2.5,0.0,250.3370064814815,0.0,0.08429857864898456,0.7312011659937764
71615,2.3000000000000003,0.0,250.25143229166667,0.0,1.08572540060297,0.6236084760681193
71616,2.8000000000000003,0.0,250.24847569444444,0.0,0.25883772526439897,0.9282097553414228
71631,2.5,0.0,249.76946087962963,0.0,1.91197906370705,0.7308570212611798
71634,2.5,0.0,249.73758703703703,0.0,0.642813272383752,0.7308376716249246
71659,2.1,0.0,248.89906840277777,0.0,0.43572496382652975,0.5312875948408529
71704,2.1,0.0,247.4686491898148,0.0,0.040847831653395346,0.5306520715574224
71710,2.0,0.0,247.29864270833335,0.0,0.1858088900130372,0.4900053424864889
71711,2.8000000000000003,0.0,247.2587699074074,0.0,1.857804256696134,0.9258967437982958
71763,2.0,0.0,245.9298380787037,0.0,0.00435634149238703,0.48944028511937815
71784,2.0,0.0,244.9248892361111,0.0,0.5588554047749082,0.4890235191650122
71786,2.5,0.0,244.87435868055556,0.0,0.5025277779023476,0.7278573647247363
71798,2.0,0.0,244.5927287037037,0.0,0.2724454097782892,0.48888540936267655
71812,2.6,0.0,244.10019074074074,0.0,1.2949943900333247,0.7876024161038024
71815,2.1,0.0,244.01282060185184,0.0,0.48155890767042525,0.5291020961798656
71816,2.4000000000000004,0.0,244.00420729166666,0.0,0.19142194883945865,0.6717031726909883
71821,2.2,0.0,243.6635846064815,0.0,0.28781063093736176,0.5727392900162339
71914,2.3000000000000003,0.0,240.78835925925927,0.0,1.1950843692427915,0.6186275513867344
71915,2.1,0.0,240.78781087962963,0.0,0.20585056408356123,0.527636679179107
71980,2.8000000000000003,0.0,239.07295162037036,0.0,0.3276110827499235,0.9194245996125456
71998,2.0,0.0,238.4025787037037,0.0,0.9995875816659192,0.4862784245456038
72011,2.2,0.0,238.1572005787037,0.0,0.08983596210834274,0.570014092183488
72016,2.0,0.0,238.041184375,0.0,0.06154100376622597,0.4861242453840885
72034,2.5,0.0,237.68956215277777,0.0,0.00023327570462606476,0.723349586910479
72093,2.3000000000000003,0.0,235.82885520833332,0.0,0.0,0.6159422880588408
72101,3.0,0.0,235.6183587962963,0.0,1.7202733328397262,1.074702056162956
72162,2.1,0.0,233.50820289351853,0.0,0.18340366382914786,0.52425925424009
72188,2.1,0.0,232.6614849537037,0.0,0.0,0.5238599710496136
72195,2.0,0.0,232.51274224537036,0.0,0.08402171194477898,0.48373766854215305
72222,2.0,0.0,231.4764189814815,0.0,0.13507681608893396,0.4832843424051094
72237,2.1,0.0,230.89313564814816,0.0,0.0,0.5230216405679373
72296,2.9000000000000004,0.0,228.43994236111112,0.0,1.212119004135384,0.9860996310466912
72311,2.8000000000000003,0.0,227.72488055555556,0.0,0.1836514028963975,0.9100960930037807
72378,2.0,0.0,225.8950372685185,0.0,0.1195943607062755,0.48080950471325523
72434,2.1,0.0,223.74755717592592,0.0,0.0,0.5195714398479729
72443,2.0,0.0,223.17077476851853,0.0,0.08230293032506719,0.4795806258344902
72458,2.0,0.0,222.74907962962962,0.0,0.6447894293238963,0.4793891505677533
72540,2.0,0.0,220.04557858796295,0.0,0.0,0.47815348594310253
72565,2.4000000000000004,0.0,219.21114375,0.0,0.9669796880013877,0.6567594447463393
72621,2.2,0.0,217.27988784722223,0.0,1.3067633208149487,0.559111349798833
72653,3.0,0.0,216.46606608796296,0.0,0.7425565282254689,1.0556723048671004
72656,2.3000000000000003,0.0,216.44998587962962,0.0,1.030111792684545,0.6049131571307944
72714,2.2,0.0,214.8360886574074,0.0,0.16986601052380557,0.557771621692338
72719,2.2,0.0,214.608959375,0.0,0.008614268537164918,0.5576463872310522
72720,2.1,0.0,214.58465798611113,0.0,0.08701751744759909,0.5149931057446607
72728,2.0,0.0,214.11797546296296,0.0,0.09260663610606001,0.4753939000943745
72751,2.3000000000000003,0.0,213.37178854166666,0.0,0.42471128133864955,0.6030768455829109
72754,2.0,0.0,213.34325324074075,0.0,0.5629519983619079,0.475027993180566
72826,3.6,0.0,210.80923090277778,0.0,1.515126401158668,1.6918749229570473
72843,2.1,0.0,210.33832847222223,0.0,0.0284164178992895,0.5128093874015084
72859,2.5,0.0,209.48739224537036,0.0,5.396365359016201e-05,0.7043186559374536
73275,2.1,0.0,207.9218517361111,0.0,3.614419947916335,0.5115483902725255
73276,2.2,0.0,207.9218121527778,0.0,0.4014787948740041,0.5539030306451647
73279,2.0,0.0,207.91502916666667,0.0,2.0058583005791095,0.47242910665307764
73282,2.8000000000000003,0.0,207.91140555555555,0.0,3.050949987374098,0.8927119037448573
73283,2.4000000000000004,0.0,207.90893865740742,0.0,1.4089638009813328,0.6494146484855619
73285,2.0,0.0,207.9078976851852,0.0,0.9289387958892364,0.47242565118965213
73294,2.5,0.0,207.87576319444443,0.0,1.655296177885565,0.7031602929361522
73299,2.7,0.0,207.86504699074075,0.0,1.061400159870715,0.8244107331216414
73322,2.1,0.0,207.81622708333333,0.0,0.8315951331061348,0.5114929633512905
73335,2.6,0.0,207.79861157407407,0.0,2.7540893134255597,0.7613195736070925
73336,2.0,0.0,207.79742395833333,0.0,1.95141470128109,0.47237210864048745
73337,2.1,0.0,207.79713483796297,0.0,0.7681369949371973,0.5114829418489047
73341,2.2,0.0,207.79459259259258,0.0,1.3174186597524633,0.5538307407977063
73342,2.5,0.0,207.79441747685186,0.0,0.8623352888985701,0.7031016056767729
73345,2.0,0.0,207.7921318287037,0.0,0.14980621876756844,0.4723695430800844
73347,2.3000000000000003,0.0,207.7899633101852,0.0,0.6161852132564024,0.5996834055472956
73380,2.3000000000000003,0.0,207.75606921296296,0.0,0.9899458471124074,0.5996625434018823
73390,2.5,0.0,207.73160706018518,0.0,0.6465313533991681,0.7030562762775324
73397,2.4000000000000004,0.0,207.72642719907407,0.0,0.5730146051902071,0.6492930338466255
73449,2.0,0.0,207.6629929398148,0.0,1.6884915659744377,0.4723069193956962
73450,3.8000000000000003,0.0,207.66277083333333,0.0,3.761249757145315,1.9772922686442973
73451,2.3000000000000003,0.0,207.66108171296295,0.0,1.1950764344425806,0.59960406091924
73452,2.5,0.0,207.6609611111111,0.0,1.2565066169565722,0.703005276953857
73453,2.0,0.0,207.6594810185185,0.0,0.5860820083951574,0.4723052158474551
73464,2.0,0.0,207.65404212962963,0.0,0.236989501277911,0.4723025775212339
73490,2.2,0.0,207.62800706018518,0.0,1.4443528884886594,0.5537360202198841
73491,2.2,0.0,207.62790787037036,0.0,0.023281086679579358,0.5537359637996214
73496,2.3000000000000003,0.0,207.62419907407408,0.0,1.1641377879752597,0.599581346131476
73497,2.4000000000000004,0.0,207.62396284722223,0.0,0.2611878367825134,0.6492247145084203
73504,2.0,0.0,207.61727766203703,0.0,0.3914899930187287,0.47228474193644776
73531,2.0,0.0,207.5594087962963,0.0,0.31710779673536066,0.47225666204252575
73540,2.9000000000000004,0.0,207.53941215277777,0.0,3.115309411739993,0.9662566548821215
73541,3.1,0.0,207.53934074074073,0.0,1.366010967310951,1.1328868595663009
73542,2.0,0.0,207.53845729166667,0.0,1.5676227274805865,0.47224649389439716
73543,2.6,0.0,207.538153125,0.0,1.3883466726305145,0.7611159554158373
73544,2.3000000000000003,0.0,207.53800555555554,0.0,0.027738847786841585,0.5995282478816728
73545,2.2,0.0,207.53710289351852,0.0,0.7086315812469751,0.5536843024792604
73547,2.3000000000000003,0.0,207.53595775462964,0.0,0.6165012610323364,0.5995269861163454
73552,2.4000000000000004,0.0,207.52836226851852,0.0,0.2866704240370908,0.6491609435856838
73557,2.4000000000000004,0.0,207.51680983796297,0.0,0.2655757573456023,0.6491532356322969
73584,2.4000000000000004,0.0,207.43517592592593,0.0,0.9257706122916488,0.6490987569758765
73589,2.2,0.0,207.42394166666668,0.0,1.5847639381615493,0.5536198928793401
73590,2.2,0.0,207.42356770833334,0.0,0.5938267780210941,0.5536196799743162
73591,2.3000000000000003,0.0,207.4234650462963,0.0,0.14656112828802356,0.5994576553611067
73638,2.1,0.0,207.20143622685185,0.0,0.2183232822247084,0.5111698321879833
73645,2.2,0.0,207.12011863425926,0.0,0.23949003164927246,0.5534468009169348
73694,2.6,0.0,206.38665046296296,0.0,1.5191378489914964,0.7602129100978123
73695,2.0,0.0,206.38561689814816,0.0,1.8195753512508186,0.47168553340561953
73696,2.3000000000000003,0.0,206.38556145833334,0.0,1.7979747406636046,0.5988163387624194
73697,2.4000000000000004,0.0,206.38526435185184,0.0,0.6603665283989107,0.6483963251389918
73698,2.8000000000000003,0.0,206.38517337962963,0.0,1.9223918909006612,0.8913097358652453
73699,3.5,0.0,206.38515717592594,0.0,1.3106278819499326,1.5554566051331038
73700,2.2,0.0,206.38351134259258,0.0,1.0192723880562895,0.5530261711276286
73701,2.2,0.0,206.38305162037037,0.0,0.3002595793223784,0.5530259081770422
73715,2.0,0.0,206.36235462962964,0.0,0.32270669046228817,0.47167418448164944
73719,2.0,0.0,206.3526787037037,0.0,0.06974495436581608,0.4716694635562824
73723,2.4000000000000004,0.0,206.3087744212963,0.0,0.4033583654913038,0.6483450215910097
73774,2.3000000000000003,0.0,206.09897407407408,0.0,0.42074072219401754,0.5986387331553776
73794,2.6,0.0,206.05442129629628,0.0,0.1492549232994449,0.7599515009932432
73806,2.1,0.0,205.93358553240742,0.0,0.0316779267457069,0.510500651712154
73829,2.5,0.0,205.08105729166667,0.0,0.7387950109193299,0.701131785729362
73836,2.0,0.0,204.97250543981482,0.0,0.055490266331318455,0.47099397066085913
73840,2.4000000000000004,0.0,204.93645601851853,0.0,0.012263509123757484,0.6474215829503362
73861,2.2,0.0,204.2620650462963,0.0,0.16546208714290322,0.5518069648088426
73874,2.5,0.0,203.93172337962963,0.0,1.9880543879522319,0.7002901488106925
73913,2.0,0.0,202.87300763888888,0.0,0.2621269074631328,0.4699583419744554
73932,2.1,0.0,202.55563067129629,0.0,0.754986316124992,0.5086990296298852
73933,3.3000000000000003,0.0,202.55146643518518,0.0,1.0282841843714852,1.3213669437159572
73934,2.3000000000000003,0.0,202.5252991898148,0.0,0.008108381901465117,0.5964047099208455
73944,2.1,0.0,202.19892997685184,0.0,0.3420517394303999,0.5085071730250453
73951,2.2,0.0,201.8412991898148,0.0,0.012605105246773917,0.5504014102981712
73959,2.0,0.0,201.8189800925926,0.0,2.155149940358078,0.46943469311062214
73960,2.4000000000000004,0.0,201.81890104166666,0.0,1.8821681152623533,0.6453024182579209
73961,2.7,0.0,201.8177824074074,0.0,1.879562531708205,0.8192263016816812
73962,2.4000000000000004,0.0,201.81665138888889,0.0,1.5277960057475044,0.645300878208492
73963,2.0,0.0,201.81620046296297,0.0,0.7223203925825439,0.4694333088485443
73966,3.9000000000000004,0.0,201.81417962962962,0.0,3.5378423297796857,2.127975711475938
73967,3.9000000000000004,0.0,201.81217025462962,0.0,4.393362329812563,2.127971175248591
73968,2.6,0.0,201.81142673611112,0.0,1.1797579437951025,0.7565783721519961
73969,2.3000000000000003,0.0,201.81100243055556,0.0,1.6976852164214624,0.5959538322976489
73970,2.6,0.0,201.81073900462962,0.0,0.9285913496097973,0.7565778201439796
73971,2.4000000000000004,0.0,201.81048344907407,0.0,0.8630033051236674,0.6452966557283137
73974,3.0,0.0,201.8078142361111,0.0,1.532428372116496,1.0400169185275046
73976,2.8000000000000003,0.0,201.80693495370372,0.0,1.2410992586550802,0.8870455589097892
73977,2.9000000000000004,0.0,201.80671574074074,0.0,0.7946606653576853,0.9604900307001419
73978,4.3,0.0,201.8057116898148,0.0,4.143639381168046,2.9251686586487033
73979,3.8000000000000003,0.0,201.80528900462963,0.0,3.7263198705437426,1.96523972238631
73980,3.0,0.0,201.80462824074075,0.0,1.733375458698167,1.0400134031709387
73981,3.6,0.0,201.80442291666665,0.0,1.6528206252249673,1.6761815709535763
73982,4.1000000000000005,0.0,201.80441538194444,0.0,1.1361301644029906,2.494917797439331
73983,2.3000000000000003,0.0,201.80252662037037,0.0,0.5847221372492413,0.5959484734040598
73984,2.4000000000000004,0.0,201.8023795138889,0.0,1.0637462061759986,0.6452911077140944
73985,2.2,0.0,201.80052777777777,0.0,0.9254132335385695,0.5503776049442138
73986,2.4000000000000004,0.0,201.80016180555555,0.0,0.8252075191730163,0.6452895894188114
73988,3.4000000000000004,0.0,201.79948425925926,0.0,1.682923614007489,1.429633488042258
73990,4.1000000000000005,0.0,201.7988625,0.0,2.3539730923381796,2.4949030990702328
73991,2.5,0.0,201.79744189814815,0.0,0.9637250144200409,0.6987156036225658
73992,2.6,0.0,201.79731354166665,0.0,1.0304361269493103,0.7565670438431124
73993,2.9000000000000004,0.0,201.79715011574075,0.0,0.03957115416041705,0.9604802830700737
73994,2.0,0.0,201.795940625,0.0,0.18829521705814894,0.46942321887234484
73995,2.9000000000000004,0.0,201.79569270833332,0.0,0.49476526234283125,0.9604787978953064
73996,2.6,0.0,201.79540439814815,0.0,0.621824579781755,0.7565655113653529
73997,2.5,0.0,201.79459479166667,0.0,0.7549711291265442,0.6987134929884665
73998,2.2,0.0,201.79431423611112,0.0,0.4295169653163253,0.5503739766326675
73999,2.0,0.0,201.7941935185185,0.0,0.15536982163774762,0.4694223487199625
74005,2.3000000000000003,0.0,201.79181828703705,0.0,0.5680838881659552,0.5959417026854366
74006,2.2,0.0,201.79157604166667,0.0,0.09253875562490851,0.5503723776693731
74007,2.5,0.0,201.79132280092594,0.0,0.39395523299044266,0.6987110673428121
74008,2.9000000000000004,0.0,201.79083599537037,0.0,0.16162786176416544,0.9604738485783038
74012,2.0,0.0,201.78383668981482,0.0,0.31153483030399454,0.4694171903236736
74015,2.3000000000000003,0.0,201.7814292824074,0.0,0.6493404647275705,0.5959351335579548
74016,2.3000000000000003,0.0,201.7808795138889,0.0,0.0611726400879021,0.595934785922201
74022,2.1,0.0,201.77753599537036,0.0,0.19375150089770507,0.5082801188499464
74025,2.0,0.0,201.77151886574075,0.0,0.6533685457242062,0.46941105490316165
74026,2.8000000000000003,0.0,201.77149050925925,0.0,0.20862343356140886,0.8870121999894319
74033,3.8000000000000003,0.0,201.75323159722222,0.0,0.24038486399382225,1.9651311707429404
74043,2.1,0.0,201.72069502314815,0.0,0.039231391856519915,0.5082494586221004
74046,2.0,0.0,201.71082928240742,0.0,0.11247449839531015,0.46938082082638743
74047,2.1,0.0,201.71009039351853,0.0,0.07871297309938677,0.5082437375673282
74060,3.0,0.0,201.649215625,0.0,0.10630560351577498,1.0398418623812464
74066,2.2,0.0,201.54250925925925,0.0,0.021501608129139534,0.5502268521456914
74072,2.7,0.0,201.41365127314816,0.0,1.9121976904262128,0.8188747553953171
74073,2.4000000000000004,0.0,201.41261412037036,0.0,1.1503058351897448,0.6450240293945965
74076,2.9000000000000004,0.0,201.40509837962964,0.0,1.1221976235715492,0.9600804059649554
74081,2.5,0.0,201.398121875,0.0,1.1168401529461454,0.6984193097161056
74083,2.5,0.0,201.39651354166668,0.0,0.9852521247059182,0.698418115247903
74086,2.3000000000000003,0.0,201.39385613425927,0.0,1.204324392477545,0.5956898427320608
74087,2.0,0.0,201.39361550925926,0.0,0.6807688683898511,0.4692226564610473
74088,2.3000000000000003,0.0,201.39357546296296,0.0,0.14094456906112263,0.5956896649411343
74097,2.1,0.0,201.35716400462962,0.0,0.34136407231657134,0.5080531806959862
74098,2.3000000000000003,0.0,201.35379953703705,0.0,0.6215954612906847,0.5956644666217324
74099,2.4000000000000004,0.0,201.3533439814815,0.0,0.014381673646072273,0.6449833742181117
74104,2.5,0.0,201.28036608796296,0.0,0.008865886416308373,0.6983318323146622
74117,2.0,0.0,201.09290162037038,0.0,0.9671545816183891,0.46907250753497826
74118,2.1,0.0,201.09250520833334,0.0,0.05675332322976307,0.5079100810281194
74128,2.4000000000000004,0.0,200.94950578703703,0.0,0.22496243494797663,0.6447060764131414
74131,2.0,0.0,200.92478506944445,0.0,0.0024634774218040842,0.4689884756448483
74203,2.0,0.0,198.73862002314814,0.0,0.4189187348249467,0.4678898196061192
74210,2.0,0.0,198.6762417824074,0.0,0.5969926676862378,0.4678583090774757
74219,2.0,0.0,198.37746631944444,0.0,0.07001456007564143,0.4677072560316425
74231,3.0,0.0,198.03611284722223,0.0,0.11734667097184392,1.0358191994901018
74239,2.6,0.0,197.67454560185186,0.0,0.1932813138008017,0.7532262488269287
74302,2.9000000000000004,0.0,195.26377546296297,0.0,0.5001457169850663,0.9537214836654763
74349,2.1,0.0,193.4240773148148,0.0,0.0025136239041525965,0.503686975164002
74373,2.2,0.0,192.14145127314814,0.0,0.0,0.5446097592847596
74384,2.3000000000000003,0.0,191.67363483796296,0.0,0.05010040975648805,0.5893920892199696
74393,2.1,0.0,191.14538738425927,0.0,0.03102427819068152,0.5024025649316981
74401,2.1,0.0,190.70661458333333,0.0,0.5589849653142633,0.5021536445169845
74411,2.0,0.0,190.38483148148148,0.0,0.0,0.4635871453967365
74414,2.2,0.0,190.21709791666666,0.0,0.1830767812019421,0.5434290823161885
74415,3.6,0.0,190.16241689814814,0.0,0.8546880882677776,1.6549102654391203
74435,2.2,0.0,189.49760011574074,0.0,0.0,0.5429848435594622
74448,2.6,0.0,189.05545925925927,0.0,1.49154947344121,0.7460309477249906
74449,2.8000000000000003,0.0,189.03337222222223,0.0,0.0008946619191998328,0.8746614007245267
74463,2.2,0.0,188.25147233796295,0.0,0.26590316643251055,0.5422118065684828
74472,2.1,0.0,187.9380226851852,0.0,0.572385122504228,0.5005708685624729
74502,2.8000000000000003,0.0,186.0097681712963,0.0,0.3168004557093748,0.871618500836548
74521,2.2,0.0,185.0971636574074,0.0,0.5319753131016693,0.5402340604369553
74563,2.3000000000000003,0.0,183.39330046296297,0.0,0.6676150792640498,0.583793237757859
74579,2.6,0.0,182.85000590277778,0.0,2.0978695800993274,0.740663380865328
74580,2.2,0.0,182.8478658564815,0.0,0.553838919262159,0.538805009329378
74581,2.8000000000000003,0.0,182.83805243055556,0.0,0.44256389907249266,0.8683779574648288
74619,2.2,0.0,181.06550983796296,0.0,1.7789344689839637,0.5376612845180488
74627,3.1,0.0,180.724790625,0.0,1.1261784734037994,1.0996501057266908
74628,3.4000000000000004,0.0,180.6510931712963,0.0,0.8515770721027904,1.3959092063795338
74630,3.0,0.0,180.5922253472222,0.0,1.6620037876039342,1.0154026501784057
74633,3.1,0.0,180.55440277777777,0.0,0.18794100521225507,1.0994249225718802
74634,2.0,0.0,180.3897210648148,0.0,0.33775344231048815,0.45820742392463915
74637,2.0,0.0,180.13058877314816,0.0,0.5785209258875266,0.4580643944170071
74676,2.5,0.0,178.39427210648148,0.0,0.370712765309663,0.680373755863006
74717,2.3000000000000003,0.0,175.9887363425926,0.0,0.15029026113026175,0.5785893002599862
75293,2.7,0.0,172.26543333333333,0.0,2.7669407307400795,0.7916504520382756
75336,2.2,0.0,171.74588912037038,0.0,0.6515295158435681,0.5315104745001524
75398,2.4000000000000004,0.0,171.20027349537037,0.0,0.0,0.6227360844315121
75427,2.8000000000000003,0.0,170.8025587962963,0.0,0.09572813009770004,0.8556013498358227
75496,2.1,0.0,169.9903875,0.0,0.0,0.4897671997443642
75822,2.6,0.0,165.99410949074075,0.0,0.3819958177139398,0.7252082303497583
75927,2.4000000000000004,0.0,163.7383167824074,0.0,1.0487799198825198,0.6166870771619543
75965,2.9000000000000004,0.0,162.93800856481482,0.0,0.2877146518395297,0.9169225908064715
76030,2.0,0.0,161.88266851851853,0.0,0.1386052504427495,0.4474959904385553
76111,2.6,0.0,160.2260347222222,0.0,0.5030189783643635,0.7195959632388531
76181,2.1,0.0,158.3252605324074,0.0,0.0,0.4821832530405605
76250,2.3000000000000003,0.0,156.24137025462963,0.0,1.3289239954011303,0.5636860410093714
76260,2.0,0.0,156.05357037037038,0.0,0.0008195828873409148,0.44389565949691484
76277,3.0,0.0,155.5478097222222,0.0,0.0,0.982743238672991
76283,2.6,0.0,155.38345578703704,0.0,0.6629406287164081,0.7147440500165152
76284,3.4000000000000004,0.0,155.36977743055556,0.0,1.4597981110510851,1.3505740467776355
76310,2.3000000000000003,0.0,154.85469444444445,0.0,0.002676547654423305,0.5625776927382139
76328,2.3000000000000003,0.0,154.6804241898148,0.0,0.636025047285237,0.5624377819803004
76339,2.2,0.0,154.35002037037037,0.0,0.6710291571703468,0.519185173519692
76375,2.0,0.0,153.68698333333333,0.0,0.27948866395709193,0.44239990135134977
76417,3.0,0.0,152.95868819444445,0.0,0.6671823697253859,0.9791049854410667
76459,2.7,0.0,152.20164039351852,0.0,0.208404765362238,0.7703914852228941
76462,2.0,0.0,152.10330694444445,0.0,0.5657607190347925,0.44138758148063584
76469,2.3000000000000003,0.0,151.92926331018518,0.0,0.0009231248731286162,0.5602104231037711
76472,2.8000000000000003,0.0,151.8383195601852,0.0,1.127592820472883,0.8337365017346885
76488,3.0,0.0,151.38188784722223,0.0,0.1512166724830525,0.9768625688824452
76509,2.2,0.0,150.4220505787037,0.0,0.5251190681308607,0.5162325704107398
76637,2.1,0.0,147.96500219907406,0.0,0.08325126358860932,0.47502069346210524
76688,2.0,0.0,146.08369710648148,0.0,0.03873994384068371,0.43745316154200264
76690,2.2,0.0,145.9603443287037,0.0,0.0,0.5127953965606362
76693,2.8000000000000003,0.0,145.9000800925926,0.0,0.9749373883541981,0.8263927257658404
76728,2.2,0.0,144.56599537037036,0.0,0.0,0.5117023355278711
76736,2.4000000000000004,0.0,144.32822974537038,0.0,0.0,0.5997254362442149
76764,2.0,0.0,143.41582210648147,0.0,0.0,0.4356638060712218
76797,2.0,0.0,142.35578958333335,0.0,0.0,0.4349447506308961
76839,2.3000000000000003,0.0,140.8755050925926,0.0,0.28422630762855955,0.5508883052048691
76862,2.5,0.0,139.86449513888888,0.0,0.02600784760377396,0.6448518845624641
76884,2.4000000000000004,0.0,139.21003344907407,0.0,0.18206477015440659,0.594919731874336
76891,2.5,0.0,138.84211446759258,0.0,1.6240502675507091,0.6437968399659394
76892,2.0,0.0,138.83721122685185,0.0,0.9657874338711512,0.43252402243259347
76893,2.2,0.0,138.83370219907408,0.0,0.5030014675200423,0.5071096275526068
76894,2.7,0.0,138.7829991898148,0.0,0.04863732466933034,0.7547473908353347
76917,2.0,0.0,137.6410574074074,0.0,0.008995192501101429,0.4316889113511575
76931,2.1,0.0,136.98089027777777,0.0,0.015144031097063033,0.46692945431748756
76938,2.6,0.0,136.7894454861111,0.0,0.010921918903737894,0.6947853704957216
76952,3.1,0.0,136.20858344907407,0.0,1.2674586481947085,1.0331718860986177
76960,2.3000000000000003,0.0,135.81346712962963,0.0,1.4474607073091421,0.5464042525352261
76961,2.4000000000000004,0.0,135.74532638888888,0.0,0.049915369684937795,0.5915784517314522
76982,2.9000000000000004,0.0,135.11501388888888,0.0,0.8475238223956055,0.8796202384103197
77027,2.2,0.0,133.8889878472222,0.0,0.010651118849450738,0.5030133613719687
77042,2.1,0.0,133.5749289351852,0.0,0.0,0.46430567367093506
77111,3.1,0.0,131.1702945601852,0.0,0.07802045015218524,1.0244840958235562
77141,2.0,0.0,130.84732233796296,0.0,0.0,0.42682270434264963
77276,2.3000000000000003,0.0,126.92830578703703,0.0,1.0092529391154799,0.5381709148768451
77362,2.0,0.0,125.42648530092593,0.0,0.004061677762610157,0.4227806421086464
77386,2.1,0.0,125.04847685185185,0.0,0.0899035293407977,0.45747436538045
77509,2.7,0.0,121.91676886574074,0.0,0.0,0.7331014184591181
77526,4.0,0.0,121.32642824074074,0.0,2.186516099036871,2.05967820917917
77562,2.1,0.0,120.45782719907407,0.0,0.013801610494102954,0.4536286716141472
77563,2.1,0.0,120.44828171296297,0.0,0.17641350162752426,0.45362054519452183
77568,2.0,0.0,120.30440104166667,0.0,0.012390753847164059,0.4188208824609737
77584,2.1,0.0,119.62109340277777,0.0,1.6850168370012675,0.4529142277037807
77585,2.1,0.0,119.62035393518518,0.0,0.3149720635798671,0.45291359442216844
77586,2.2,0.0,119.61880185185186,0.0,0.0,0.49041203387096766
77662,2.2,0.0,117.32275520833333,0.0,0.017670058914922005,0.4882651835070926
77708,2.0,0.0,115.61227175925926,0.0,0.00021738204869311254,0.4150647783306441
77768,2.6,0.0,113.56743530092592,0.0,0.29352013291883283,0.6662528668630442
77784,2.5,0.0,112.93651770833333,0.0,0.22136065464772636,0.6145290618519333
77796,2.6,0.0,112.37401828703703,0.0,0.04310121508435586,0.6646555582879279
77833,2.2,0.0,111.37559027777777,0.0,0.21992515041835675,0.4825331620937911
77839,2.0,0.0,111.09219085648148,0.0,0.8754005572047627,0.41132147142892356
77845,2.1,0.0,110.96005092592593,0.0,0.8399642211327626,0.44525706178273017
77848,2.0,0.0,110.87416886574074,0.0,0.283213017976259,0.4111376656740036
77886,2.0,0.0,109.37186574074074,0.0,0.0008158295330797192,0.4098627323120358
77930,2.2,0.0,107.89645,0.0,0.03631530185402526,0.4790582035576963
77933,3.8000000000000003,0.0,107.68134143518519,0.0,0.0031663747575604215,1.7097918312935854
77949,2.9000000000000004,0.0,107.099696875,0.0,0.25237299612431435,0.8346096377039931
77960,2.3000000000000003,0.0,106.58226805555556,0.0,0.0,0.5172747266453539
77964,2.3000000000000003,0.0,106.46450925925926,0.0,0.0,0.5171442367280201
77987,2.8000000000000003,0.0,105.8849193287037,0.0,0.0001959396368260197,0.7687863788539997
78009,2.2,0.0,104.92179756944445,0.0,0.15775967931890236,0.47601109782551254
78013,2.0,0.0,104.86216863425926,0.0,0.3367782802399949,0.4059444383536441
78028,2.7,0.0,104.45663796296296,0.0,0.23070938270330452,0.7078012160507031
78035,2.2,0.0,104.32574375,0.0,0.4740632243915563,0.4753917690964357
78044,2.1,0.0,103.94277407407408,0.0,0.12152258484149958,0.4386715851113781
78055,2.0,0.0,103.5198923611111,0.0,0.9999432361935086,0.4047507102864791
78063,2.0,0.0,103.30862569444444,0.0,0.6787973646374104,0.4045616371653698
78081,2.1,0.0,102.75235613425926,0.0,0.0,0.4375173751185959
78259,2.2,0.0,97.37210393518518,0.0,0.0018876772205913956,0.46793735507967593
78284,2.0,0.0,96.35771678240741,0.0,0.9999710295853114,0.398151821994608
78286,2.3000000000000003,0.0,96.34041354166666,0.0,0.021079933787029652,0.5054426567100027
78305,3.6,0.0,95.6309,0.0,2.1890878753432097,1.4192056916554527
78310,2.0,0.0,95.31126365740741,0.0,0.0,0.3971534758570905
78318,2.1,0.0,95.18392615740741,0.0,0.044273819480031576,0.42990436617923034
78344,2.7,0.0,94.06394571759259,0.0,0.054904832312003,0.6909890997311774
78378,3.2,0.0,93.17964351851852,0.0,0.4458365246397635,1.026270301408198
78404,2.2,0.0,92.49694409722223,0.0,0.32226924620558317,0.46244019498121036
78416,2.0,0.0,92.22906608796296,0.0,0.7793613833078421,0.39415877554209716
78423,2.8000000000000003,0.0,92.06902881944444,0.0,1.4146884215048363,0.7445153057065307
78424,2.0,0.0,92.03671736111112,0.0,0.23150395315164046,0.39396913196492783
78454,3.1,0.0,90.84239872685185,0.0,0.0,0.9422613287355951
78488,2.0,0.0,89.991746875,0.0,0.021772192357409077,0.3919322256778687
78542,2.2,0.0,88.49545462962963,0.0,1.4488529076901082,0.4577444707480656
78568,3.7,0.0,87.03624074074074,0.0,0.019815857066921405,1.5036925384438278
78579,2.0,0.0,86.96413958333333,0.0,1.2786566991655126,0.38884467521932614
78580,2.4000000000000004,0.0,86.96401388888889,0.0,0.01516322176253312,0.5345202433179547
78622,2.9000000000000004,0.0,86.35250532407407,0.0,0.03121389856902925,0.7943102738976965
78634,2.2,0.0,86.15755486111111,0.0,0.7103692357954968,0.4549186281286072
78731,2.1,0.0,82.05518182870371,0.0,0.09962542504601989,0.41540813454259484
78739,2.1,0.0,81.68166296296296,0.0,0.0,0.4149683102057009
78876,2.1,0.0,76.11957650462963,0.0,0.0,0.40821432778042793
78892,2.0,0.0,75.670853125,0.0,0.005534216574447519,0.3764804817785368
78916,2.0,0.0,74.48269722222223,0.0,1.1958728186824705,0.37509288523965817
78933,2.4000000000000004,0.0,74.15469583333334,0.0,0.6097249092687995,0.5150857356001555
78948,2.2,0.0,73.65701712962964,0.0,0.632200355013974,0.4386342438820848
78953,2.9000000000000004,0.0,73.57337372685186,0.0,0.044321771555625604,0.7652732581126864
78956,2.2,0.0,73.25998055555556,0.0,0.004007228368504185,0.4380808056152408
78973,2.2,0.0,72.41904155092593,0.0,0.005278833290070486,0.436900440473216
78998,2.7,0.0,71.62996909722222,0.0,2.5491929091975045,0.6486420462021113
78999,3.7,0.0,71.62689953703703,0.0,0.47903697073696083,1.4370474557759625
79009,2.5,0.0,71.41177800925927,0.0,0.727387215996427,0.5528420955749795
79048,2.0,0.0,70.0778417824074,0.0,0.24222676464855908,0.3697849846426594
79098,2.3000000000000003,0.0,68.31347465277777,0.0,9.80880142150741e-05,0.46665457604106486
79104,2.1,0.0,68.10778425925926,0.0,0.0,0.3977355177186758
79121,2.0,0.0,67.73800613425927,0.0,0.0,0.3668536386685133
79153,2.1,0.0,66.53666689814814,0.0,0.7733725304190774,0.3955634938905112
79163,2.2,0.0,66.31837268518518,0.0,0.8872256197696142,0.42798461604188376
79164,2.2,0.0,66.20814270833333,0.0,1.0018387500218637,0.427817470289231
79167,2.1,0.0,66.17314386574074,0.0,0.3085596389032513,0.39505499184766013
79191,2.5,0.0,65.70229525462963,0.0,0.06818329524747178,0.5421473170580221
79205,2.4000000000000004,0.0,65.23324143518518,0.0,0.0,0.4998494333021682
79233,2.0,0.0,64.47812372685185,0.0,0.40135818345675506,0.36262894902951776
79236,2.0,0.0,64.21657534722222,0.0,0.03338017321406201,0.3622825199235134
79252,2.0,0.0,63.040282175925924,0.0,0.016834349042066217,0.3607101717399278
79280,2.2,0.0,62.10859375,0.0,0.0,0.4214343250298458
79289,2.3000000000000003,0.0,61.975086574074076,0.0,0.02953909066594679,0.4560965736919542
79297,2.0,0.0,61.64598553240741,0.0,0.19066472288191605,0.35881528845399485
79330,2.3000000000000003,0.0,60.56324722222222,0.0,0.28480835909275576,0.45362615800675965
79359,2.3000000000000003,0.0,58.83890208333333,0.0,1.457595746309538,0.45054488796920433
79360,2.2,0.0,58.78010983796296,0.0,0.040031821017515797,0.4159953877606054
79435,2.0,0.0,55.75031527777778,0.0,0.0019106614405023945,0.3503978015385793
79442,2.0,0.0,55.477379398148145,0.0,0.7839695100214866,0.3499910180775053
79470,2.1,0.0,54.20600648148148,0.0,0.022306939782657156,0.37689418338751446
79472,2.3000000000000003,0.0,54.15391481481481,0.0,0.6566690759109409,0.4417886661689643
79477,2.4000000000000004,0.0,53.84287314814815,0.0,0.021298770242586175,0.47771488347746005
79506,2.4000000000000004,0.0,52.09985069444444,0.0,0.17831451550991878,0.4740009859773983
79530,2.2,0.0,50.90198877314815,0.0,0.0,0.4020561112781724
79535,2.3000000000000003,0.0,50.77951261574074,0.0,0.52502412490797,0.4350960775271004
79553,2.3000000000000003,0.0,49.857077777777775,0.0,0.0,0.43320458841737564
79607,2.1,0.0,46.73560497685185,0.0,0.0006640446185627456,0.36384407195217155
79623,3.2,0.0,45.605214467592596,0.0,0.0,0.8677555772492592
79631,2.3000000000000003,0.0,45.28347210648148,0.0,0.28055997100079205,0.4233899523090556
79635,2.1,0.0,45.14020335648148,0.0,0.09680324647852498,0.360842844594612
79726,2.2,0.0,41.74113946759259,0.0,0.9236131434136172,0.38347838543638885
79749,2.4000000000000004,0.0,41.06776122685185,0.0,0.0,0.4478621969145884
79751,3.2,0.0,40.93103287037037,0.0,0.001318550538575559,0.8456174481626385
79763,2.2,0.0,40.74988425925926,0.0,0.0,0.38127848623657423
79784,2.2,0.0,39.83323333333333,0.0,0.0,0.3792060117618581
79799,2.1,0.0,39.189628819444444,0.0,0.014466767793864325,0.3488448469062899
79811,2.0,0.0,38.459807175925924,0.0,0.4527489310740384,0.3207207698000192
79814,2.3000000000000003,0.0,38.36583842592593,0.0,1.8062338784431613,0.4069239801469045
79815,2.0,0.0,38.34994710648148,0.0,0.6636387830963929,0.32050071395075214
79819,2.0,0.0,38.22766550925926,0.0,0.28782617414582923,0.3202551890605781
79826,2.6,0.0,37.956173148148146,0.0,1.469260702382717,0.5152707651170593
79829,2.9000000000000004,0.0,37.93023738425926,0.0,0.4752685432576084,0.6540415769178415
79831,2.1,0.0,37.91848587962963,0.0,0.0,0.34609614469789335
79855,2.0,0.0,36.40356805555555,0.0,0.01563405905316992,0.3165167120749003
79862,2.0,0.0,35.99245763888889,0.0,0.0,0.3156537473230623
79871,2.3000000000000003,0.0,35.612323842592595,0.0,1.6882989972345457,0.3997083452311157
79872,2.6,0.0,35.57632488425926,0.0,0.01849193308985074,0.5073161472291706
79922,2.6,0.0,33.407984606481484,0.0,0.0010779776514912144,0.49969363604900574
79933,2.0,0.0,32.98598194444445,0.0,0.004611737288618172,0.30909430694022555
80011,2.3000000000000003,0.0,28.980737152777778,0.0,0.02994143089243081,0.38032519574218415
80021,2.5,0.0,28.225979166666665,0.0,0.0,0.4430733149588845
80034,2.3000000000000003,0.0,27.414157060185186,0.0,0.03357959560974352,0.37524244945449725
80103,2.0,0.0,25.54242685185185,0.0,0.0,0.2905513714081648
80104,2.7,0.0,25.534331597222224,0.0,0.0,0.5070126230602707
80146,3.6,0.0,22.563833101851852,0.0,0.08679640013093635,1.0066661862771256
80158,2.7,0.0,21.813497685185187,0.0,0.0,0.4879610039984758
80200,2.2,0.0,20.039970949074075,0.0,0.0442657005476936,0.3211209285693405
80238,2.5,0.0,17.416256018518517,0.0,0.0012898930310203214,0.3939227521560104
80248,2.2,0.0,17.091486805555554,0.0,0.0,0.30886454343951997
80275,2.4000000000000004,0.0,15.91913738425926,0.0,0.004411186038694993,0.3558754665925787
80276,2.0,0.0,15.905239699074073,0.0,0.0,0.25883134161446975
80278,2.0,0.0,15.889123842592593,0.0,0.0,0.2587669876251793
80279,2.0,0.0,15.821559027777777,0.0,0.0,0.258496635511379
80313,2.0,0.0,14.057647337962964,0.0,1.7482968365664662,0.2510999817289258
80315,2.0,0.0,13.952758796296296,0.0,0.09180200431751079,0.25063798034555484
80327,2.0,0.0,13.308649537037038,0.0,0.0,0.24774044607478354
80329,2.2,0.0,13.208615625,0.0,0.0,0.289924167169619
80334,2.2,0.0,12.896865046296297,0.0,0.014827491579332925,0.2882240864133939
80353,2.9000000000000004,0.0,12.19699050925926,0.0,0.0,0.49612220409523167
80379,2.0,0.0,10.748212731481482,0.0,0.0,0.2350232675004444
80584,2.4000000000000004,0.0,7.488565625,0.0,0.0,0.2953910259025555
80666,2.2,0.0,4.922696527777778,0.0,0.0,0.22690400275020545
80673,3.2,0.0,4.694600347222222,0.0,1.0953627348637829,0.49676547255739956
80674,2.0,0.0,4.671497800925926,0.0,0.07203768963723838,0.19100734577801895
80705,2.7,0.0,3.2852266203703704,0.0,0.0,0.3051063821309361
80726,2.6,0.0,2.320135763888889,0.0,0.0,0.2580545139623868
80727,2.9000000000000004,0.0,2.3122831018518517,0.0,0.0,0.3273249704306104
