target_id,id,latitude,longitude,time,magnitude,mc_current,mc_current_above_ref,mu,P_triggered,P_background,zeta_plus_1
16860,nc72947036,36.6523333,-121.2795,2018-01-01 05:24:14.440,2.0,2.0,0.0,5.649065271130123e-07,0.9999952680593371,4.7319406629196794e-06,1.0
16881,nc72947681,36.4711667,-121.045,2018-01-02 07:46:24.930,2.6,2.0,0.0,5.649065271130123e-07,0.9999505838830152,4.941611698482207e-05,1.0
16887,nc72947761,36.5785,-121.1791667,2018-01-02 10:50:44.640,2.2,2.0,0.0,5.649065271130123e-07,0.9998844953675565,0.00011550463244345931,1.0
16893,nc72947936,36.8828333,-121.6153333,2018-01-02 19:41:52.920,3.0,2.0,0.0,5.649065271130123e-07,0.9996728011601625,0.00032719883983749773,1.0
16894,nc72947941,36.8811667,-121.6076667,2018-01-02 19:42:49.570,2.0,2.0,0.0,5.649065271130123e-07,0.9999997545355575,2.454644423613044e-07,1.0
16898,nc72948036,36.6213333,-121.2281667,2018-01-03 01:15:53.070,2.1,2.0,0.0,5.649065271130123e-07,0.9999909628616346,9.03713836556276e-06,1.0
16921,ci37846551,34.0333333,-117.2125,2018-01-04 05:18:32.610,2.0,2.0,0.0,5.649065271130123e-07,0.9941913864128568,0.005808613587143303,1.0
16926,nc72948766,36.6526667,-121.2755,2018-01-04 09:27:50.770,2.0,2.0,0.0,5.649065271130123e-07,0.9999902662568366,9.733743163426353e-06,1.0
16932,nc72948826,37.3163333,-122.0773333,2018-01-04 11:34:44.280,2.6,2.0,0.0,5.649065271130123e-07,0.75268085452457,0.24731914547542985,1.0
16953,nc72949246,36.6606667,-121.2913333,2018-01-05 06:52:31.820,2.0,2.0,0.0,5.649065271130123e-07,0.9999849639850507,1.5036014949480488e-05,1.0
16963,ci37847919,33.9865,-116.5573333,2018-01-06 04:00:42.050,2.6,2.0,0.0,5.649065271130123e-07,0.4799221482397541,0.5200778517602459,1.0
17034,nc72951665,36.856,-121.44,2018-01-09 17:31:09.070,2.0,2.0,0.0,5.649065271130123e-07,0.938760502919732,0.06123949708026802,1.0
17048,ci37850063,33.8876667,-116.7528333,2018-01-10 08:44:24.110,2.0,2.0,0.0,5.649065271130123e-07,0.9225202647726327,0.0774797352273675,1.0
17053,nc72952005,36.9691667,-121.6078333,2018-01-10 13:52:46.520,2.6,2.0,0.0,5.649065271130123e-07,0.9993914881198728,0.0006085118801272548,1.0
17054,ci37850095,34.0073333,-117.1801667,2018-01-10 14:05:41.110,2.8000000000000003,2.0,0.0,5.649065271130123e-07,0.9982608314275792,0.0017391685724209057,1.0
17122,nc72953565,36.6403333,-121.2575,2018-01-13 09:56:41.270,2.0,2.0,0.0,5.649065271130123e-07,0.999966728217441,3.327178255900383e-05,1.0
17161,nc72954600,36.0433333,-120.6078333,2018-01-15 22:30:48.850,2.3000000000000003,2.0,0.0,5.649065271130123e-07,0.9987733235533718,0.0012266764466281534,1.0
17168,ci38088256,34.2156667,-117.5843333,2018-01-16 02:12:30.450,2.3000000000000003,2.0,0.0,5.649065271130123e-07,0.9980363325736159,0.0019636674263841265,1.0
17215,nc72955920,37.3251667,-122.1893333,2018-01-18 19:08:48.540,2.0,2.0,0.0,5.649065271130123e-07,0.5695197816390313,0.4304802183609688,1.0
17258,nc72956691,36.4628333,-120.9928333,2018-01-21 19:57:36.130,2.0,2.0,0.0,5.649065271130123e-07,0.9963396842711301,0.0036603157288698936,1.0
17271,ci38090392,33.8855,-116.2056667,2018-01-22 11:08:20.690,2.0,2.0,0.0,5.649065271130123e-07,0.9950905551939556,0.004909444806044303,1.0
17280,nc72957036,37.2628333,-122.1571667,2018-01-22 16:14:39.640,2.1,2.0,0.0,5.649065271130123e-07,0.440568485816071,0.5594315141839291,1.0
17303,nc72957626,36.4753333,-121.0278333,2018-01-23 21:00:55.290,3.4000000000000004,2.0,0.0,5.649065271130123e-07,0.9972060459465946,0.0027939540534054294,1.0
17305,nc72957656,36.9566667,-121.5728333,2018-01-23 21:24:33.010,2.1,2.0,0.0,5.649065271130123e-07,0.9994227963428056,0.0005772036571945323,1.0
17308,nc72957696,36.4705,-121.0225,2018-01-23 22:33:32.520,2.2,2.0,0.0,5.649065271130123e-07,0.9999941969345273,5.803065472793422e-06,1.0
17311,nc72957756,36.4733333,-121.0256667,2018-01-24 01:02:42.490,2.0,2.0,0.0,5.649065271130123e-07,0.9999980709863996,1.929013600552141e-06,1.0
17312,nc72957816,36.9373333,-121.661,2018-01-24 06:02:33.030,3.6,2.0,0.0,5.649065271130123e-07,0.9878453676855539,0.012154632314446145,1.0
17313,nc72957821,36.9396667,-121.6635,2018-01-24 06:03:39.120,2.6,2.0,0.0,5.649065271130123e-07,0.999999954000276,4.5999724136284425e-08,1.0
17324,ci38091640,34.2771667,-117.521,2018-01-24 19:30:13.650,2.5,2.0,0.0,5.649065271130123e-07,0.7058428204724639,0.29415717952753623,1.0
17330,nc72958121,36.474,-121.0285,2018-01-25 00:46:39.160,2.3000000000000003,2.0,0.0,5.649065271130123e-07,0.9999946826331094,5.317366890506589e-06,1.0
17343,nc72958411,36.467,-121.045,2018-01-25 17:03:47.450,2.3000000000000003,2.0,0.0,5.649065271130123e-07,0.9999170219943346,8.297800566544398e-05,1.0
17346,nc72958486,36.892,-121.4853333,2018-01-25 19:19:39.710,2.5,2.0,0.0,5.649065271130123e-07,0.8777688602474738,0.12223113975252628,1.0
17353,nc72958686,36.9408333,-121.669,2018-01-26 01:58:15.920,2.8000000000000003,2.0,0.0,5.649065271130123e-07,0.9999630843555628,3.691564443717218e-05,1.0
17355,ci38092928,34.0446667,-116.6325,2018-01-26 03:38:12.710,2.9000000000000004,2.0,0.0,5.649065271130123e-07,0.6084048399415796,0.3915951600584205,1.0
17380,nc72959806,38.5571667,-123.017,2018-01-28 03:18:30.880,2.0,2.0,0.0,5.649065271130123e-07,0.0,1.0,1.0
17399,nc72960416,36.4656667,-121.0445,2018-01-29 05:41:52.300,2.3000000000000003,2.0,0.0,5.649065271130123e-07,0.9999748205539017,2.5179446098376105e-05,1.0
17443,nc72961766,36.4641667,-121.0395,2018-01-31 09:15:31.610,2.1,2.0,0.0,5.649065271130123e-07,0.999944157257852,5.5842742147996986e-05,1.0
17459,nc72962121,35.996,-120.5668333,2018-02-01 02:42:36.510,2.1,2.0,0.0,5.649065271130123e-07,0.9970943289643689,0.0029056710356310405,1.0
17474,nc72962951,36.5815,-121.046,2018-02-02 06:17:31.290,2.4000000000000004,2.0,0.0,5.649065271130123e-07,0.9644015459149239,0.035598454085076184,1.0
17478,nc72963071,36.5913333,-121.1428333,2018-02-02 12:08:09.910,2.0,2.0,0.0,5.649065271130123e-07,0.9996919065154345,0.0003080934845655323,1.0
17524,nc72963896,36.5898333,-121.1413333,2018-02-04 02:07:48.800,2.2,2.0,0.0,5.649065271130123e-07,0.9999771566344253,2.2843365574715785e-05,1.0
17577,nc72965126,36.471,-121.0443333,2018-02-06 07:25:09.180,2.5,2.0,0.0,5.649065271130123e-07,0.9999558836570317,4.411634296828541e-05,1.0
17598,ci37868719,33.7605,-116.0806667,2018-02-07 19:29:37.920,2.0,2.0,0.0,5.649065271130123e-07,0.9623211711512092,0.03767882884879071,1.0
17609,ci37869015,33.7596667,-116.081,2018-02-08 04:54:41.520,2.3000000000000003,2.0,0.0,5.649065271130123e-07,0.999994635843983,5.364156017084152e-06,1.0
17626,nc72966496,37.6731667,-122.5215,2018-02-09 05:16:32.970,2.0,2.0,0.0,5.649065271130123e-07,0.9168178859079907,0.08318211409200928,1.0
17630,ci38104504,33.7858333,-116.0745,2018-02-09 06:08:13.020,2.1,2.0,0.0,5.649065271130123e-07,0.9954033035883423,0.00459669641165761,1.0
17632,nc72966536,36.7278333,-121.3781667,2018-02-09 06:34:18.020,2.1,2.0,0.0,5.649065271130123e-07,0.9948876699070164,0.00511233009298344,1.0
17637,nc72966571,36.7156667,-121.3581667,2018-02-09 08:38:04.600,2.0,2.0,0.0,5.649065271130123e-07,0.9998793470164726,0.00012065298352730407,1.0
17655,ci38105304,34.145,-117.4273333,2018-02-10 00:28:59.530,2.2,2.0,0.0,5.649065271130123e-07,0.7147692770551757,0.2852307229448243,1.0
17660,ci38105480,34.5301667,-118.116,2018-02-10 08:31:05.210,2.1,2.0,0.0,5.649065271130123e-07,0.616446193268146,0.3835538067318542,1.0
17663,nc72967351,36.7763333,-121.5018333,2018-02-10 15:52:06.460,2.5,2.0,0.0,5.649065271130123e-07,0.9913955361494896,0.008604463850510363,1.0
17666,nc72967431,36.531,-121.1043333,2018-02-10 18:24:25.390,2.0,2.0,0.0,5.649065271130123e-07,0.9978232170014746,0.002176782998525365,1.0
17669,nc72967471,36.368,-120.95,2018-02-10 22:31:43.470,2.1,2.0,0.0,5.649065271130123e-07,0.9584477588976751,0.04155224110232487,1.0
17696,ci38106896,34.1968333,-117.0065,2018-02-12 08:02:57.920,2.2,2.0,0.0,5.649065271130123e-07,0.9993869445480071,0.0006130554519928847,1.0
17699,ci38106992,34.0293333,-117.1241667,2018-02-12 15:05:39.940,2.1,2.0,0.0,5.649065271130123e-07,0.9231545742906043,0.07684542570939569,1.0
17745,ci38108544,33.9615,-116.7226667,2018-02-14 16:36:54.740,2.2,2.0,0.0,5.649065271130123e-07,0.9735203206785442,0.026479679321455764,1.0
17751,ci38108728,33.9891667,-116.8103333,2018-02-14 20:05:08.100,2.1,2.0,0.0,5.649065271130123e-07,0.9962127767837953,0.0037872232162046065,1.0
17759,ci38109080,34.0448333,-117.14,2018-02-15 01:47:35.580,3.3000000000000003,2.0,0.0,5.649065271130123e-07,0.9935348889395962,0.006465111060403842,1.0
17820,ci38110864,34.0383333,-117.2321667,2018-02-17 19:08:06.870,2.6,2.0,0.0,5.649065271130123e-07,0.9996586216237596,0.0003413783762404829,1.0
17830,nc72971386,36.4646667,-121.0413333,2018-02-18 08:07:28.110,2.6,2.0,0.0,5.649065271130123e-07,0.9999461846112603,5.381538873967289e-05,1.0
17843,nc72971976,36.0033333,-120.5645,2018-02-19 00:53:24.090,2.6,2.0,0.0,5.649065271130123e-07,0.9991752030698821,0.0008247969301179002,1.0
17849,nc72972146,36.4955,-121.077,2018-02-19 11:06:20.270,2.0,2.0,0.0,5.649065271130123e-07,0.9998475661330867,0.0001524338669133035,1.0
17977,nc72975471,36.045,-120.6225,2018-02-24 18:05:21.660,2.0,2.0,0.0,5.649065271130123e-07,0.999346677397508,0.0006533226024918954,1.0
17993,ci38115656,33.5585,-115.8875,2018-02-25 14:09:40.190,2.5,2.0,0.0,5.649065271130123e-07,0.014683320519460266,0.9853166794805397,1.0
18000,nc72976076,36.593,-121.1446667,2018-02-25 23:45:31.300,2.0,2.0,0.0,5.649065271130123e-07,0.9998772679705892,0.0001227320294110801,1.0
18006,ci38116056,33.557,-115.886,2018-02-26 08:19:26.020,2.6,2.0,0.0,5.649065271130123e-07,0.9999894810642614,1.0518935738510946e-05,1.0
18013,nc72976376,36.8723333,-121.598,2018-02-26 14:13:09.610,2.5,2.0,0.0,5.649065271130123e-07,0.9990475819336541,0.0009524180663458499,1.0
18014,nc72976396,36.8705,-121.6023333,2018-02-26 14:39:54.770,2.8000000000000003,2.0,0.0,5.649065271130123e-07,0.9999983754331658,1.6245668341977964e-06,1.0
18026,nc72976546,36.557,-121.1438333,2018-02-26 20:37:40.380,2.0,2.0,0.0,5.649065271130123e-07,0.9996855846334698,0.0003144153665301494,1.0
18038,nc72976786,37.6793333,-122.5095,2018-02-27 03:29:03.650,2.0,2.0,0.0,5.649065271130123e-07,0.9931328075644468,0.006867192435553305,1.0
18091,nc72977756,36.6511667,-121.2745,2018-03-01 06:01:24.410,2.1,2.0,0.0,5.649065271130123e-07,0.9999526874365805,4.731256341953734e-05,1.0
18100,nc72977826,36.679,-121.2756667,2018-03-01 10:00:17.900,3.4000000000000004,2.0,0.0,5.649065271130123e-07,0.9988972467315729,0.0011027532684270995,1.0
18113,nc72978276,36.582,-121.1283333,2018-03-02 15:25:23.220,3.1,2.0,0.0,5.649065271130123e-07,0.9996431647929673,0.0003568352070326535,1.0
18135,nc72978576,36.5388333,-121.1036667,2018-03-03 17:31:23.600,2.2,2.0,0.0,5.649065271130123e-07,0.9984821977717011,0.0015178022282989333,1.0
18175,ci37888543,34.218,-117.52,2018-03-05 16:01:57.360,2.0,2.0,0.0,5.649065271130123e-07,0.9940069909259532,0.005993009074046828,1.0
18177,nc72979451,36.0003333,-120.5746667,2018-03-05 17:13:55.640,2.0,2.0,0.0,5.649065271130123e-07,0.9990057881237101,0.0009942118762898255,1.0
18193,nc72979736,37.0016667,-121.4613333,2018-03-06 12:38:16.730,3.3000000000000003,2.0,0.0,5.649065271130123e-07,0.9980662388752639,0.0019337611247361862,1.0
18195,nc72979741,37.0041667,-121.459,2018-03-06 12:44:06.150,2.6,2.0,0.0,5.649065271130123e-07,0.9999998009401009,1.9905989895266657e-07,1.0
18213,nc72979946,37.0063333,-121.459,2018-03-07 04:26:43.510,2.5,2.0,0.0,5.649065271130123e-07,0.9999932844575359,6.715542464148747e-06,1.0
18214,nc72979976,36.683,-121.2805,2018-03-07 05:22:53.850,2.3000000000000003,2.0,0.0,5.649065271130123e-07,0.9998773387073724,0.00012266129262781064,1.0
18220,ci37889959,35.4871667,-120.0265,2018-03-07 18:05:00.420,3.7,2.0,0.0,5.649065271130123e-07,0.3211419599844001,0.6788580400155999,1.0
18238,nc72981041,36.9765,-121.624,2018-03-08 17:08:18.170,2.1,2.0,0.0,5.649065271130123e-07,0.995698362328617,0.0043016376713829315,1.0
18256,nc72981466,35.7993333,-120.3495,2018-03-09 05:11:49.240,2.7,2.0,0.0,5.649065271130123e-07,0.9987974039708137,0.0012025960291862279,1.0
18294,nc72982551,36.9436667,-121.441,2018-03-11 18:09:08.410,3.4000000000000004,2.0,0.0,5.649065271130123e-07,0.9970357603715249,0.002964239628475021,1.0
18295,nc72982556,36.9431667,-121.4391667,2018-03-11 18:10:35.830,2.7,2.0,0.0,5.649065271130123e-07,0.9999999632400357,3.6759964363692424e-08,1.0
18308,nc72982911,36.9728333,-121.6281667,2018-03-12 14:12:41.500,2.1,2.0,0.0,5.649065271130123e-07,0.9997904590388084,0.000209540961191525,1.0
18341,nc72983501,36.6168333,-121.2235,2018-03-14 01:49:14.990,2.1,2.0,0.0,5.649065271130123e-07,0.9999653878854726,3.461211452740226e-05,1.0
18344,ci37893935,33.7683333,-116.1328333,2018-03-14 02:35:04.740,2.0,2.0,0.0,5.649065271130123e-07,0.9288973598366209,0.071102640163379,1.0
18357,ci37894087,33.9525,-116.9876667,2018-03-14 13:26:50.180,2.7,2.0,0.0,5.649065271130123e-07,0.8495901415614246,0.15040985843857532,1.0
18360,nc72983726,36.685,-121.3131667,2018-03-14 15:30:27.650,2.1,2.0,0.0,5.649065271130123e-07,0.9998564665262435,0.00014353347375653248,1.0
18371,nc72983981,36.6171667,-121.224,2018-03-15 06:02:04.100,2.0,2.0,0.0,5.649065271130123e-07,0.9999918126416596,8.187358340379045e-06,1.0
18375,nc72984066,36.3911667,-120.9606667,2018-03-15 10:30:31.590,2.0,2.0,0.0,5.649065271130123e-07,0.9915182494998875,0.00848175050011268,1.0
18384,nc72984386,36.8568333,-121.588,2018-03-16 01:53:17.530,2.6,2.0,0.0,5.649065271130123e-07,0.9990469888441522,0.0009530111558477729,1.0
18385,nc72984391,36.8546667,-121.579,2018-03-16 01:53:38.950,2.6,2.0,0.0,5.649065271130123e-07,0.9999997325246318,2.6747536821961583e-07,1.0
18388,ci37894903,33.9913333,-116.284,2018-03-16 04:04:48.140,2.0,2.0,0.0,5.649065271130123e-07,0.9986511247449521,0.001348875255047967,1.0
18389,ci37894911,33.9563333,-116.3191667,2018-03-16 04:08:01.540,3.1,2.0,0.0,5.649065271130123e-07,0.9994872464208809,0.0005127535791191364,1.0
18399,nc72984751,36.1973333,-120.7638333,2018-03-16 23:16:53.370,2.0,2.0,0.0,5.649065271130123e-07,0.998655656983218,0.0013443430167820204,1.0
18434,ci37895895,34.0393333,-117.264,2018-03-17 19:58:56.640,2.6,2.0,0.0,5.649065271130123e-07,0.999197507808713,0.0008024921912872719,1.0
18447,ci37896135,34.0286667,-117.112,2018-03-18 06:38:34.940,2.3000000000000003,2.0,0.0,5.649065271130123e-07,0.9937105044129569,0.006289495587043252,1.0
18455,nc72986596,36.9371667,-121.6821667,2018-03-18 14:53:59.530,2.4000000000000004,2.0,0.0,5.649065271130123e-07,0.9998352550983831,0.00016474490161680306,1.0
18521,nc72988386,36.858,-121.5875,2018-03-21 21:11:31.290,2.8000000000000003,2.0,0.0,5.649065271130123e-07,0.9999677111589024,3.228884109773373e-05,1.0
18530,nc72988781,36.006,-120.5655,2018-03-22 19:27:36.340,2.6,2.0,0.0,5.649065271130123e-07,0.9997801040122261,0.00021989598777391147,1.0
18576,nc72989641,36.7208333,-121.1708333,2018-03-24 16:24:29.150,2.3000000000000003,2.0,0.0,5.649065271130123e-07,0.8178891008790077,0.18211089912099238,1.0
18584,ci37899639,34.0651667,-117.171,2018-03-24 20:08:49.620,2.5,2.0,0.0,5.649065271130123e-07,0.9652139143637716,0.03478608563622833,1.0
18587,nc72989766,36.4151667,-120.9865,2018-03-25 00:51:49.050,3.0,2.0,0.0,5.649065271130123e-07,0.9961807411084465,0.003819258891553524,1.0
18621,nc72990431,36.4713333,-121.0305,2018-03-26 17:28:50.500,2.0,2.0,0.0,5.649065271130123e-07,0.9998048257992066,0.000195174200793402,1.0
18658,nc72991070,36.9873333,-121.6508333,2018-03-29 02:28:23.860,2.0,2.0,0.0,5.649065271130123e-07,0.9986071814638248,0.0013928185361751632,1.0
18676,nc72991580,36.9883333,-121.6486667,2018-03-30 06:39:56.380,2.5,2.0,0.0,5.649065271130123e-07,0.999980119796334,1.9880203665942106e-05,1.0
18696,nc72992195,37.0593333,-121.4908333,2018-03-31 09:05:53.270,2.6,2.0,0.0,5.649065271130123e-07,0.9482652631949088,0.051734736805091205,1.0
18697,nc72992200,37.0586667,-121.4888333,2018-03-31 09:15:26.540,2.0,2.0,0.0,5.649065271130123e-07,0.9999997553397364,2.4466026357979365e-07,1.0
18698,nc72992270,35.9551667,-120.5143333,2018-03-31 12:22:47.210,2.0,2.0,0.0,5.649065271130123e-07,0.9960250168908249,0.003974983109175073,1.0
18701,nc72992330,36.8596667,-121.5915,2018-03-31 14:33:39.330,3.0,2.0,0.0,5.649065271130123e-07,0.9999275307708391,7.246922916105262e-05,1.0
18702,nc72992335,36.8606667,-121.5925,2018-03-31 15:07:31.240,2.8000000000000003,2.0,0.0,5.649065271130123e-07,0.9999995557129089,4.4428709121597307e-07,1.0
18703,nc72992340,36.8618333,-121.592,2018-03-31 15:12:11.450,2.3000000000000003,2.0,0.0,5.649065271130123e-07,0.9999999072765903,9.272340981292946e-08,1.0
18711,nc72992780,36.4765,-121.0565,2018-04-01 08:38:17.910,2.0,2.0,0.0,5.649065271130123e-07,0.9995776811010809,0.0004223188989192769,1.0
18714,nc72992835,36.857,-121.5908333,2018-04-01 10:46:57.490,2.6,2.0,0.0,5.649065271130123e-07,0.9999939723166924,6.027683307636062e-06,1.0
18719,nc72993020,36.4691667,-121.0495,2018-04-01 19:10:04.610,2.1,2.0,0.0,5.649065271130123e-07,0.9999277309835903,7.226901640970402e-05,1.0
18736,nc72993205,36.5125,-121.0958333,2018-04-02 04:03:28.890,2.1,2.0,0.0,5.649065271130123e-07,0.9968225652060747,0.0031774347939252296,1.0
18737,nc72993200,36.5135,-121.0956667,2018-04-02 04:04:13.880,2.3000000000000003,2.0,0.0,5.649065271130123e-07,0.9999999646426332,3.5357366839230193e-08,1.0
18753,nc72993920,36.4141667,-120.9925,2018-04-03 03:46:11.990,2.3000000000000003,2.0,0.0,5.649065271130123e-07,0.9998228986937064,0.00017710130629345442,1.0
18789,ci37907519,34.5518333,-117.9301667,2018-04-04 18:49:27.890,2.3000000000000003,2.0,0.0,5.649065271130123e-07,4.02308753333804e-05,0.9999597691246667,1.0
18804,nc72995381,36.6508333,-121.2663333,2018-04-05 03:23:31.670,2.8000000000000003,2.0,0.0,5.649065271130123e-07,0.9998125095829625,0.00018749041703745053,1.0
18806,nc72995461,36.6478333,-121.2615,2018-04-05 04:11:50.800,2.9000000000000004,2.0,0.0,5.649065271130123e-07,0.9999968938591672,3.1061408328773467e-06,1.0
18820,nc72995711,36.584,-121.1816667,2018-04-05 15:06:32.250,2.1,2.0,0.0,5.649065271130123e-07,0.9997533929003553,0.0002466070996447097,1.0
18828,nc72995846,35.5256667,-120.0695,2018-04-05 20:22:41.350,2.9000000000000004,2.0,0.0,5.649065271130123e-07,0.8380002786729217,0.16199972132707824,1.0
18829,nc72995851,35.5186667,-120.0788333,2018-04-05 20:39:41.010,2.6,2.0,0.0,5.649065271130123e-07,0.9999914533452039,8.546654796163045e-06,1.0
18850,ci37909607,33.8785,-116.7663333,2018-04-06 16:58:45.990,2.0,2.0,0.0,5.649065271130123e-07,0.9705063218065633,0.029493678193436706,1.0
18853,nc72996156,36.468,-121.0461667,2018-04-06 18:51:18.160,2.1,2.0,0.0,5.649065271130123e-07,0.9999600743090746,3.992569092522645e-05,1.0
18860,nc72996226,36.6591667,-121.2676667,2018-04-06 23:06:56.550,2.2,2.0,0.0,5.649065271130123e-07,0.999880464617241,0.00011953538275904557,1.0
18901,nc72997131,36.4828333,-121.0546667,2018-04-09 00:58:40.710,2.3000000000000003,2.0,0.0,5.649065271130123e-07,0.9995710563988515,0.00042894360114854375,1.0
18905,ci37911311,33.9445,-116.8128333,2018-04-09 02:47:44.330,2.4000000000000004,2.0,0.0,5.649065271130123e-07,0.964283141498793,0.03571685850120707,1.0
18906,nc72997156,36.5661667,-121.1536667,2018-04-09 03:52:40.850,3.3000000000000003,2.0,0.0,5.649065271130123e-07,0.9997954308002968,0.00020456919970329726,1.0
18908,ci37911423,34.2433333,-117.458,2018-04-09 07:31:59.520,3.2,2.0,0.0,5.649065271130123e-07,0.945906736224184,0.05409326377581607,1.0
18909,ci37911495,34.2416667,-117.4601667,2018-04-09 11:02:25.320,2.1,2.0,0.0,5.649065271130123e-07,0.9999975394021495,2.460597850450537e-06,1.0
18934,nc72997626,36.386,-120.9583333,2018-04-10 08:52:59.380,2.4000000000000004,2.0,0.0,5.649065271130123e-07,0.9993226630975409,0.0006773369024590428,1.0
18937,ci37912351,34.1381667,-117.4238333,2018-04-10 13:23:06.320,3.0,2.0,0.0,5.649065271130123e-07,0.9954887954363647,0.004511204563635204,1.0
18948,ci38147072,33.9813333,-116.8538333,2018-04-11 06:41:22.500,2.1,2.0,0.0,5.649065271130123e-07,0.9726721081964033,0.027327891803596828,1.0
18969,ci38147968,34.0351667,-116.4433333,2018-04-12 12:42:30.420,2.1,2.0,0.0,5.649065271130123e-07,0.6046661639172487,0.39533383608275124,1.0
18984,nc72999031,37.851,-122.607,2018-04-13 21:07:34.680,2.3000000000000003,2.0,0.0,5.649065271130123e-07,0.7698653439906197,0.23013465600938043,1.0
18997,nc72999406,36.8628333,-121.302,2018-04-14 15:21:29.720,2.0,2.0,0.0,5.649065271130123e-07,0.9566792131338302,0.04332078686616981,1.0
19012,nc72999591,36.5576667,-121.1313333,2018-04-15 02:59:56.700,2.0,2.0,0.0,5.649065271130123e-07,0.9988823410565526,0.0011176589434472382,1.0
19014,nc72999761,36.5691667,-121.1538333,2018-04-15 07:24:24.790,2.1,2.0,0.0,5.649065271130123e-07,0.9999558635710893,4.4136428910627486e-05,1.0
19046,ci37916679,34.0005,-116.7945,2018-04-17 15:58:28.340,2.2,2.0,0.0,5.649065271130123e-07,0.9922884294003359,0.007711570599664097,1.0
19106,nc73001786,36.9371667,-121.432,2018-04-20 12:05:17.770,2.4000000000000004,2.0,0.0,5.649065271130123e-07,0.9987763979693774,0.0012236020306223593,1.0
19133,ci37919695,34.1858333,-117.2318333,2018-04-21 14:05:39.500,2.3000000000000003,2.0,0.0,5.649065271130123e-07,0.9261627605851646,0.07383723941483554,1.0
19148,nc73002681,36.1971667,-120.779,2018-04-22 05:23:27.080,3.1,2.0,0.0,5.649065271130123e-07,0.9889985461002436,0.011001453899756474,1.0
19175,ci37920791,33.921,-116.3216667,2018-04-23 00:46:08.900,3.9000000000000004,2.0,0.0,5.649065271130123e-07,0.9096925729596077,0.09030742704039232,1.0
19177,ci37920863,33.921,-116.3248333,2018-04-23 02:29:40.070,2.2,2.0,0.0,5.649065271130123e-07,0.9999989837751079,1.0162248920950513e-06,1.0
19180,nc73003711,37.0186667,-121.484,2018-04-23 03:40:06.350,2.4000000000000004,2.0,0.0,5.649065271130123e-07,0.9960322835624277,0.003967716437572284,1.0
19181,nc73003746,37.0181667,-121.4833333,2018-04-23 04:14:14.570,2.1,2.0,0.0,5.649065271130123e-07,0.9999994918664448,5.081335551136706e-07,1.0
19185,nc73003931,36.8721667,-121.6015,2018-04-23 09:24:41.820,2.1,2.0,0.0,5.649065271130123e-07,0.9998857191453459,0.0001142808546542813,1.0
19223,nc73004941,36.9401667,-121.434,2018-04-24 22:30:25.730,2.7,2.0,0.0,5.649065271130123e-07,0.9999259877079609,7.401229203913321e-05,1.0
19235,nc73005571,36.3005,-120.8386667,2018-04-25 08:14:33.510,2.2,2.0,0.0,5.649065271130123e-07,0.9819886685726774,0.018011331427322693,1.0
19239,nc73005871,36.4686667,-121.0463333,2018-04-25 13:32:27.500,2.3000000000000003,2.0,0.0,5.649065271130123e-07,0.9999621850597562,3.781494024364766e-05,1.0
19245,ci37923679,33.977,-117.2155,2018-04-25 16:52:07.860,3.2,2.0,0.0,5.649065271130123e-07,0.9033523339579292,0.09664766604207066,1.0
19254,nc73006251,36.5683333,-121.1596667,2018-04-25 21:48:02.380,2.0,2.0,0.0,5.649065271130123e-07,0.9998715349453711,0.00012846505462906743,1.0
19298,ci38159720,34.002,-117.0176667,2018-04-28 06:18:03.340,2.3000000000000003,2.0,0.0,5.649065271130123e-07,0.9754880568841667,0.02451194311583319,1.0
19299,ci37185508,34.0041667,-117.0215,2018-04-28 06:18:05.960,2.1,2.0,0.0,5.649065271130123e-07,0.9999999789749715,2.1025028427486127e-08,1.0
19301,ci38159760,34.048,-117.2828333,2018-04-28 08:50:31.510,2.4000000000000004,2.0,0.0,5.649065271130123e-07,0.9889200433749235,0.011079956625076586,1.0
19304,nc73007776,38.6345,-123.3783333,2018-04-28 13:21:06.220,2.0,2.0,0.0,5.649065271130123e-07,0.005841201517902779,0.9941587984820973,1.0
19317,nc73007941,36.195,-120.7653333,2018-04-29 01:17:08.170,3.0,2.0,0.0,5.649065271130123e-07,0.9997197849199644,0.000280215080035467,1.0
19357,nc73008846,36.9798333,-121.6991667,2018-04-30 22:46:08.640,2.3000000000000003,2.0,0.0,5.649065271130123e-07,0.9386859123016897,0.061314087698310225,1.0
19361,nc73008901,38.8963333,-123.6151667,2018-05-01 03:46:24.790,2.4000000000000004,2.0,0.0,5.649065271130123e-07,0.8288989151134106,0.1711010848865895,1.0
19388,ci38162072,33.34,-115.7183333,2018-05-02 03:55:00.610,2.1,2.0,0.0,5.649065271130123e-07,0.9652977207695067,0.03470227923049313,1.0
19447,nc73010296,36.4573333,-121.03,2018-05-04 11:32:03.460,2.3000000000000003,2.0,0.0,5.649065271130123e-07,0.9985943504192785,0.001405649580721403,1.0
19462,ci38164800,34.1553333,-117.4751667,2018-05-04 22:46:51.690,2.1,2.0,0.0,5.649065271130123e-07,0.9189652727630597,0.08103472723694027,1.0
19463,nc73010591,36.2925,-120.8473333,2018-05-04 23:35:13.810,2.0,2.0,0.0,5.649065271130123e-07,0.9986479973538568,0.0013520026461432708,1.0
19464,ci38164816,34.1548333,-117.4758333,2018-05-05 00:17:28.850,2.6,2.0,0.0,5.649065271130123e-07,0.9999987769967742,1.2230032257537716e-06,1.0
19471,ci38165264,33.9965,-116.662,2018-05-05 11:34:02.970,2.1,2.0,0.0,5.649065271130123e-07,0.8672497304383116,0.13275026956168856,1.0
19523,ci38167544,34.2428333,-116.886,2018-05-07 23:31:47.260,2.2,2.0,0.0,5.649065271130123e-07,0.9989511005288896,0.0010488994711103854,1.0
19524,nc73012951,37.7738333,-122.566,2018-05-08 00:15:46.410,2.0,2.0,0.0,5.649065271130123e-07,0.8075922903953131,0.19240770960468698,1.0
19531,ci38167848,34.016,-116.7798333,2018-05-08 11:49:34.020,4.5,2.0,0.0,5.649065271130123e-07,0.9763582172076309,0.023641782792368966,1.0
19532,ci38167856,34.015,-116.763,2018-05-08 11:51:03.910,2.4000000000000004,2.0,0.0,5.649065271130123e-07,0.9999993077882574,6.92211742578369e-07,1.0
19533,ci38167864,34.0176667,-116.8003333,2018-05-08 11:51:53.440,3.2,2.0,0.0,5.649065271130123e-07,0.9999983749777639,1.625022236070495e-06,1.0
19534,ci38167872,34.0276667,-116.7841667,2018-05-08 11:52:19.840,2.2,2.0,0.0,5.649065271130123e-07,0.9999994957255882,5.042744118399144e-07,1.0
19536,ci38167896,34.0153333,-116.7866667,2018-05-08 11:54:45.170,2.3000000000000003,2.0,0.0,5.649065271130123e-07,0.9999998201464101,1.798535899537342e-07,1.0
19542,ci38168104,34.0225,-116.7801667,2018-05-08 12:39:31.710,2.4000000000000004,2.0,0.0,5.649065271130123e-07,0.9999988436352127,1.1563647873235106e-06,1.0
19548,ci38168448,33.9995,-116.7683333,2018-05-08 17:11:15.160,2.4000000000000004,2.0,0.0,5.649065271130123e-07,0.9999305415838495,6.945841615038821e-05,1.0
19549,ci38168456,33.9978333,-116.7705,2018-05-08 17:11:18.630,2.5,2.0,0.0,5.649065271130123e-07,0.999999989057475,1.0942525052292555e-08,1.0
19552,ci38168616,34.012,-116.77,2018-05-08 18:44:47.490,2.4000000000000004,2.0,0.0,5.649065271130123e-07,0.9999911192060826,8.88079391729195e-06,1.0
19557,ci38168704,34.0133333,-116.7898333,2018-05-08 21:08:58.330,2.6,2.0,0.0,5.649065271130123e-07,0.9999933877130666,6.6122869333313645e-06,1.0
19585,nc73014216,36.6323333,-121.0236667,2018-05-10 01:18:06.050,2.1,2.0,0.0,5.649065271130123e-07,0.886850129440308,0.11314987055969214,1.0
19624,nc73015061,36.9368333,-121.4306667,2018-05-11 21:35:51.270,2.6,2.0,0.0,5.649065271130123e-07,0.9999257134083459,7.428659165411814e-05,1.0
19628,nc73015126,36.4645,-121.0383333,2018-05-12 01:05:25.560,2.0,2.0,0.0,5.649065271130123e-07,0.9998753204840171,0.00012467951598303865,1.0
19629,nc73015166,36.5383333,-121.1233333,2018-05-12 02:44:50.470,2.4000000000000004,2.0,0.0,5.649065271130123e-07,0.999607848496263,0.00039215150373695794,1.0
19636,nc73015241,36.9353333,-121.432,2018-05-12 07:12:46.880,2.2,2.0,0.0,5.649065271130123e-07,0.9999944899579388,5.510042061069993e-06,1.0
19637,ci38171392,34.0215,-117.2263333,2018-05-12 07:14:14.550,2.8000000000000003,2.0,0.0,5.649065271130123e-07,0.9975974335731359,0.002402566426864102,1.0
19668,nc73015596,36.7366667,-121.4216667,2018-05-13 02:22:54.940,2.0,2.0,0.0,5.649065271130123e-07,0.989343173887016,0.010656826112984139,1.0
19733,ci38172680,33.918,-116.3635,2018-05-14 04:48:12.820,2.2,2.0,0.0,5.649065271130123e-07,0.976473583233736,0.023526416766263984,1.0
19785,ci38174368,34.8446667,-118.9738333,2018-05-16 20:01:55.900,2.0,2.0,0.0,5.649065271130123e-07,0.987547150161729,0.012452849838271144,1.0
19835,nc73017645,36.8193333,-121.5448333,2018-05-18 18:22:15.580,2.3000000000000003,2.0,0.0,5.649065271130123e-07,0.9995631528770461,0.0004368471229540472,1.0
19903,ci37946447,33.8076667,-116.896,2018-05-22 05:52:19.760,2.2,2.0,0.0,5.649065271130123e-07,0.39680967179867255,0.6031903282013275,1.0
19910,nc73019315,38.6448333,-123.117,2018-05-22 13:32:21.400,2.2,2.0,0.0,5.649065271130123e-07,0.0,1.0,1.0
19914,ci37946791,34.0008333,-117.02,2018-05-22 18:02:04.480,2.2,2.0,0.0,5.649065271130123e-07,0.9998630241915257,0.0001369758084742508,1.0
19919,nc73019475,37.0326667,-121.4881667,2018-05-22 21:56:05.190,2.0,2.0,0.0,5.649065271130123e-07,0.9984060393551709,0.0015939606448289552,1.0
19926,nc73019655,36.0288333,-120.5993333,2018-05-23 07:21:11.780,2.4000000000000004,2.0,0.0,5.649065271130123e-07,0.9968730919221319,0.0031269080778680808,1.0
19933,nc73019765,36.5618333,-121.1548333,2018-05-23 14:56:21.330,2.3000000000000003,2.0,0.0,5.649065271130123e-07,0.9998663283619954,0.00013367163800465331,1.0
19944,nc73019985,36.7341667,-121.4178333,2018-05-24 00:14:21.570,2.7,2.0,0.0,5.649065271130123e-07,0.9996892514010055,0.00031074859899461244,1.0
19945,nc73020040,36.7328333,-121.4191667,2018-05-24 02:48:36.800,2.1,2.0,0.0,5.649065271130123e-07,0.9999980975687186,1.9024312813775159e-06,1.0
19947,nc73020075,36.5525,-121.1438333,2018-05-24 04:27:13.820,2.4000000000000004,2.0,0.0,5.649065271130123e-07,0.9997657641048734,0.00023423589512656365,1.0
19948,nc73020080,36.557,-121.1523333,2018-05-24 04:27:46.130,2.0,2.0,0.0,5.649065271130123e-07,0.9999994666799475,5.333200525121416e-07,1.0
19951,nc73020205,36.5635,-121.1538333,2018-05-24 09:27:52.630,2.3000000000000003,2.0,0.0,5.649065271130123e-07,0.9999917716672674,8.228332732702984e-06,1.0
19955,ci37948519,35.0363333,-119.1396667,2018-05-24 15:24:17.950,2.5,2.0,0.0,5.649065271130123e-07,0.03441744473929574,0.9655825552607044,1.0
19976,ci37949279,33.2275,-115.6763333,2018-05-25 11:27:09.900,2.0,2.0,0.0,5.649065271130123e-07,0.9592048963358192,0.040795103664180765,1.0
19988,ci37950007,33.878,-116.8656667,2018-05-26 18:50:18.990,2.5,2.0,0.0,5.649065271130123e-07,0.9660881640073254,0.033911835992674604,1.0
19991,nc73021190,36.6603333,-121.2786667,2018-05-26 22:56:54.510,3.1,2.0,0.0,5.649065271130123e-07,0.9998564382467621,0.0001435617532379906,1.0
20001,nc73021470,35.7996667,-120.3483333,2018-05-27 14:21:19.730,2.1,2.0,0.0,5.649065271130123e-07,0.9997932397903081,0.00020676020969191068,1.0
20004,ci37950727,34.0311667,-116.8076667,2018-05-27 17:36:26.900,2.9000000000000004,2.0,0.0,5.649065271130123e-07,0.9978204831301071,0.0021795168698927566,1.0
20008,ci37950999,33.9915,-116.9843333,2018-05-28 04:21:47.240,2.0,2.0,0.0,5.649065271130123e-07,0.9971251385046173,0.0028748614953826228,1.0
20015,ci37951591,34.0225,-116.7415,2018-05-29 02:05:41.000,3.0,2.0,0.0,5.649065271130123e-07,0.9948002511383116,0.00519974886168836,1.0
20016,nc73022030,35.7953333,-120.3461667,2018-05-29 03:41:17.920,2.0,2.0,0.0,5.649065271130123e-07,0.9999138490594015,8.615094059841728e-05,1.0
20031,nc73022891,36.4501667,-120.7511667,2018-05-30 09:27:27.020,2.1,2.0,0.0,5.649065271130123e-07,0.046316196248781416,0.9536838037512186,1.0
20042,ci37952751,33.9241667,-116.3225,2018-05-30 19:22:05.300,3.8000000000000003,2.0,0.0,5.649065271130123e-07,0.9998759828265515,0.000124017173448512,1.0
20052,nc73023236,36.5906667,-121.1891667,2018-05-31 02:29:58.810,2.3000000000000003,2.0,0.0,5.649065271130123e-07,0.999412338082704,0.0005876619172960464,1.0
20064,ci37953191,34.0148333,-117.2231667,2018-05-31 15:01:35.210,2.2,2.0,0.0,5.649065271130123e-07,0.9992787253036266,0.0007212746963735403,1.0
20108,nc73024636,36.2995,-120.8055,2018-06-03 05:19:15.580,2.1,2.0,0.0,5.649065271130123e-07,0.9840484293322302,0.015951570667769963,1.0
20140,ci37956375,33.959,-117.157,2018-06-04 08:51:27.530,2.2,2.0,0.0,5.649065271130123e-07,0.8510127965876193,0.1489872034123807,1.0
20165,ci37957663,34.1693333,-117.386,2018-06-06 03:30:12.220,2.0,2.0,0.0,5.649065271130123e-07,0.8727172315644054,0.12728276843559455,1.0
20181,ci37958079,34.2225,-117.5473333,2018-06-06 18:35:27.110,2.5,2.0,0.0,5.649065271130123e-07,0.9501918448284109,0.049808155171589,1.0
20192,nc73026626,36.5568333,-121.1495,2018-06-07 08:28:32.820,2.0,2.0,0.0,5.649065271130123e-07,0.9999161121202202,8.38878797797948e-05,1.0
20194,ci37958607,34.2371667,-116.7326667,2018-06-07 09:30:55.760,2.0,2.0,0.0,5.649065271130123e-07,0.9717319719324551,0.02826802806754496,1.0
20222,ci38193896,34.1145,-116.9236667,2018-06-08 20:53:48.350,3.4000000000000004,2.0,0.0,5.649065271130123e-07,0.9983888253397779,0.001611174660221915,1.0
20236,ci38194744,33.9961667,-116.8448333,2018-06-09 18:12:59.510,2.2,2.0,0.0,5.649065271130123e-07,0.9835286657458636,0.01647133425413666,1.0
20257,ci38195448,34.0428333,-117.2383333,2018-06-11 10:46:45.370,2.2,2.0,0.0,5.649065271130123e-07,0.9997339160415407,0.0002660839584592691,1.0
20262,nc73028891,37.3005,-122.1376667,2018-06-11 18:14:41.520,2.8000000000000003,2.0,0.0,5.649065271130123e-07,0.6540304305884469,0.3459695694115531,1.0
20286,nc73029736,36.4401667,-121.0073333,2018-06-13 03:11:34.540,2.2,2.0,0.0,5.649065271130123e-07,0.9980940135648918,0.0019059864351081842,1.0
20294,nc73029891,36.8223333,-121.5521667,2018-06-13 10:12:33.350,2.1,2.0,0.0,5.649065271130123e-07,0.9996787344632181,0.000321265536781873,1.0
20307,ci38197384,33.9948333,-116.8015,2018-06-14 01:09:23.270,2.0,2.0,0.0,5.649065271130123e-07,0.9994389694419052,0.0005610305580949722,1.0
20317,nc73030326,36.196,-120.6265,2018-06-14 11:08:20.110,2.8000000000000003,2.0,0.0,5.649065271130123e-07,0.281334761553374,0.718665238446626,1.0
20333,nc73030791,36.8186667,-121.5438333,2018-06-15 06:05:58.610,2.3000000000000003,2.0,0.0,5.649065271130123e-07,0.9999168975882985,8.310241170152928e-05,1.0
20334,nc73030796,36.8181667,-121.5435,2018-06-15 06:08:33.720,2.2,2.0,0.0,5.649065271130123e-07,0.9999999277787428,7.222125718771398e-08,1.0
20349,ci38198584,34.1135,-116.9238333,2018-06-16 03:20:02.050,2.0,2.0,0.0,5.649065271130123e-07,0.9999727194360064,2.728056399362805e-05,1.0
20364,nc73031566,35.9075,-120.4911667,2018-06-17 09:20:39.270,2.6,2.0,0.0,5.649065271130123e-07,0.899295161665925,0.10070483833407506,1.0
20446,ci37265962,34.9055,-119.042,2018-06-21 03:35:01.850,2.3000000000000003,2.0,0.0,5.649065271130123e-07,0.6610797520222039,0.3389202479777962,1.0
20492,nc73034736,36.463,-121.0016667,2018-06-23 04:50:46.760,3.1,2.0,0.0,5.649065271130123e-07,0.9992070403130024,0.0007929596869975468,1.0
20496,ci37267642,34.9086667,-119.2835,2018-06-23 10:13:31.810,2.2,2.0,0.0,5.649065271130123e-07,0.10448730599285747,0.8955126940071425,1.0
20503,nc73035021,36.7563333,-121.2611667,2018-06-23 20:59:41.490,2.8000000000000003,2.0,0.0,5.649065271130123e-07,0.944061238962385,0.05593876103761492,1.0
20516,ci37268650,34.0616667,-117.268,2018-06-24 20:04:28.920,2.0,2.0,0.0,5.649065271130123e-07,0.99684441011805,0.0031555898819498095,1.0
20521,nc73035551,36.6441667,-121.2558333,2018-06-25 03:05:39.480,2.1,2.0,0.0,5.649065271130123e-07,0.9998958807161873,0.0001041192838128387,1.0
20547,nc73035926,36.6416667,-121.2571667,2018-06-26 00:26:23.390,2.0,2.0,0.0,5.649065271130123e-07,0.9999827474068776,1.7252593122334216e-05,1.0
20554,nc73036191,36.5476667,-121.0728333,2018-06-26 12:10:52.600,2.6,2.0,0.0,5.649065271130123e-07,0.9924977196252884,0.007502280374711566,1.0
20565,ci37270234,34.0271667,-117.2306667,2018-06-27 01:22:01.210,2.6,2.0,0.0,5.649065271130123e-07,0.9996089876575733,0.00039101234242669723,1.0
20593,ci37271434,33.7363333,-116.0131667,2018-06-29 01:22:46.570,2.3000000000000003,2.0,0.0,5.649065271130123e-07,0.9590535917752077,0.04094640822479233,1.0
20619,ci37272378,34.0238333,-116.8008333,2018-06-30 11:20:57.440,2.3000000000000003,2.0,0.0,5.649065271130123e-07,0.9993894054176984,0.0006105945823015293,1.0
20630,nc73038461,36.467,-121.0345,2018-07-01 05:44:28.400,2.8000000000000003,2.0,0.0,5.649065271130123e-07,0.9996685535616876,0.00033144643831247946,1.0
20683,nc73040041,36.6821667,-121.2788333,2018-07-04 14:22:18.890,2.1,2.0,0.0,5.649065271130123e-07,0.9997098008509292,0.00029019914907074993,1.0
20691,nc73040096,36.7543333,-121.4583333,2018-07-04 20:54:05.480,2.0,2.0,0.0,5.649065271130123e-07,0.9993056172735886,0.0006943827264113843,1.0
20699,ci37274834,35.0255,-119.0661667,2018-07-05 15:48:52.770,2.8000000000000003,2.0,0.0,5.649065271130123e-07,0.4203300182672145,0.5796699817327854,1.0
20730,ci37275778,34.0393333,-117.2478333,2018-07-07 13:11:45.890,2.0,2.0,0.0,5.649065271130123e-07,0.999509803477288,0.0004901965227121285,1.0
20760,ci37276426,33.877,-116.2025,2018-07-09 11:11:11.550,2.7,2.0,0.0,5.649065271130123e-07,0.9838922031265014,0.01610779687349878,1.0
20789,ci37277266,33.2213333,-115.6853333,2018-07-10 16:04:15.350,2.0,2.0,0.0,5.649065271130123e-07,0.9918622850446978,0.008137714955302277,1.0
20840,nc73044406,36.4651667,-121.0453333,2018-07-13 07:10:49.580,2.4000000000000004,2.0,0.0,5.649065271130123e-07,0.9998998964760444,0.00010010352395562654,1.0
20867,nc73045606,36.4626667,-121.0266667,2018-07-14 14:12:12.010,2.3000000000000003,2.0,0.0,5.649065271130123e-07,0.9996487414174824,0.0003512585825177428,1.0
20888,ci38221952,34.208,-117.3945,2018-07-15 04:34:42.790,2.1,2.0,0.0,5.649065271130123e-07,0.8300793128690216,0.16992068713097844,1.0
20939,ci38223992,33.1925,-115.705,2018-07-18 04:01:25.580,2.0,2.0,0.0,5.649065271130123e-07,0.9295813881940325,0.07041861180596752,1.0
20942,ci38224016,33.7093333,-115.904,2018-07-18 04:50:20.120,2.0,2.0,0.0,5.649065271130123e-07,0.17183369998596332,0.8281663000140367,1.0
20945,nc73048911,36.5568333,-121.0491667,2018-07-18 08:04:09.770,2.5,2.0,0.0,5.649065271130123e-07,0.9921430029078034,0.007856997092196593,1.0
20947,nc73048946,36.5585,-121.0483333,2018-07-18 08:48:04.950,2.4000000000000004,2.0,0.0,5.649065271130123e-07,0.9999991514860075,8.485139925673828e-07,1.0
21010,nc73051416,36.5661667,-121.1586667,2018-07-21 14:34:06.190,2.1,2.0,0.0,5.649065271130123e-07,0.9998396212540471,0.00016037874595282759,1.0
21021,nc73052081,37.716,-122.5386667,2018-07-22 06:19:25.960,2.0,2.0,0.0,5.649065271130123e-07,0.9908857645540298,0.009114235445970249,1.0
21025,ci38227328,33.9106667,-116.2468333,2018-07-22 08:58:50.720,2.8000000000000003,2.0,0.0,5.649065271130123e-07,0.9293123291683665,0.07068767083163345,1.0
21033,nc73052706,36.5625,-121.0728333,2018-07-22 15:11:23.860,2.3000000000000003,2.0,0.0,5.649065271130123e-07,0.9987134998351789,0.0012865001648210408,1.0
21053,ci38228176,33.9305,-116.8238333,2018-07-23 13:40:34.800,3.0,2.0,0.0,5.649065271130123e-07,0.9985831737220272,0.0014168262779728187,1.0
21085,ci38229632,34.1675,-117.2485,2018-07-25 08:40:57.170,2.0,2.0,0.0,5.649065271130123e-07,0.9996691421764422,0.0003308578235578014,1.0
21116,ci38230752,34.0036667,-117.0195,2018-07-26 18:46:42.410,3.1,2.0,0.0,5.649065271130123e-07,0.9998170771696006,0.0001829228303992631,1.0
21131,nc73056971,36.7776667,-121.4148333,2018-07-27 01:51:17.030,2.2,2.0,0.0,5.649065271130123e-07,0.9560266814585556,0.04397331854144436,1.0
21135,nc73057096,36.7758333,-121.4265,2018-07-27 03:07:54.980,2.3000000000000003,2.0,0.0,5.649065271130123e-07,0.9999583992758662,4.16007241337452e-05,1.0
21166,nc73058601,36.7748333,-121.4168333,2018-07-28 07:57:11.570,3.4000000000000004,2.0,0.0,5.649065271130123e-07,0.9999685928984654,3.140710153458049e-05,1.0
21168,nc73058701,36.5646667,-121.0693333,2018-07-28 09:22:21.800,2.0,2.0,0.0,5.649065271130123e-07,0.9998803343097371,0.00011966569026301741,1.0
21175,ci38232184,34.1078333,-116.6835,2018-07-28 15:44:25.390,2.5,2.0,0.0,5.649065271130123e-07,0.7971769208597013,0.20282307914029873,1.0
21176,nc73059051,36.7776667,-121.4175,2018-07-28 16:01:59.530,2.3000000000000003,2.0,0.0,5.649065271130123e-07,0.9999959841543188,4.0158456811996e-06,1.0
21209,nc73060771,36.8363333,-121.5718333,2018-07-30 14:23:39.840,2.2,2.0,0.0,5.649065271130123e-07,0.9987886567702617,0.0012113432297381976,1.0
21216,nc73061076,36.6851667,-121.2815,2018-07-30 18:04:40.290,2.2,2.0,0.0,5.649065271130123e-07,0.9997248186197364,0.00027518138026338913,1.0
21217,nc73061126,36.591,-121.0505,2018-07-30 18:26:23.960,2.1,2.0,0.0,5.649065271130123e-07,0.9921558838471857,0.007844116152814431,1.0
21250,nc73062941,37.059,-121.4931667,2018-08-01 12:14:14.050,2.5,2.0,0.0,5.649065271130123e-07,0.9996057759364206,0.0003942240635793947,1.0
21272,nc73063601,36.8491667,-121.437,2018-08-02 11:48:56.950,2.3000000000000003,2.0,0.0,5.649065271130123e-07,0.9900673003736108,0.009932699626389317,1.0
21281,ci38235872,33.8306667,-116.1328333,2018-08-02 18:13:36.510,2.4000000000000004,2.0,0.0,5.649065271130123e-07,0.6956583607688551,0.30434163923114493,1.0
21294,nc73064216,36.5898333,-121.1536667,2018-08-03 14:47:58.280,2.2,2.0,0.0,5.649065271130123e-07,0.9980857027691171,0.001914297230882775,1.0
21299,nc73064306,36.5856667,-121.153,2018-08-03 22:17:49.530,2.7,2.0,0.0,5.649065271130123e-07,0.9999797978207535,2.020217924656156e-05,1.0
21302,nc73064371,36.282,-120.8435,2018-08-04 03:01:09.700,2.2,2.0,0.0,5.649065271130123e-07,0.9945592127406593,0.0054407872593408325,1.0
21310,ci38237088,33.9323333,-116.8278333,2018-08-04 13:48:49.310,3.1,2.0,0.0,5.649065271130123e-07,0.999858341997767,0.00014165800223303794,1.0
21339,ci38239720,33.9308333,-116.826,2018-08-06 10:23:29.640,2.4000000000000004,2.0,0.0,5.649065271130123e-07,0.9999870298298011,1.2970170198931239e-05,1.0
21340,ci38239728,33.9291667,-116.8265,2018-08-06 10:28:46.520,2.8000000000000003,2.0,0.0,5.649065271130123e-07,0.9999998283401484,1.7165985149707134e-07,1.0
21365,nc73065896,36.7788315,-121.4116669,2018-08-07 16:00:41.920,2.7,2.0,0.0,5.649065271130123e-07,0.9999288814806823,7.111851931759577e-05,1.0
21366,ci38240568,34.153,-117.569,2018-08-07 17:04:20.780,2.4000000000000004,2.0,0.0,5.649065271130123e-07,0.9050282021787511,0.09497179782124876,1.0
21372,ci38240840,34.0463333,-117.2508333,2018-08-08 06:41:31.860,2.0,2.0,0.0,5.649065271130123e-07,0.9994572876243061,0.0005427123756940988,1.0
21374,ci38240864,34.713,-119.2205,2018-08-08 07:06:15.300,2.1,2.0,0.0,5.649065271130123e-07,0.005047286147997091,0.994952713852003,1.0
21393,ci38241400,33.9483333,-116.728,2018-08-09 03:37:18.580,2.1,2.0,0.0,5.649065271130123e-07,0.9725899293121438,0.027410070687856163,1.0
21435,ci38242368,34.1215,-117.4808333,2018-08-10 21:41:27.300,2.8000000000000003,2.0,0.0,5.649065271130123e-07,0.9863745612085784,0.013625438791421614,1.0
21454,ci38243128,33.933,-116.8255,2018-08-12 04:33:01.740,2.0,2.0,0.0,5.649065271130123e-07,0.9999822031096235,1.7796890376582885e-05,1.0
21470,nc73068895,36.4093333,-120.9858333,2018-08-12 18:25:10.700,2.1,2.0,0.0,5.649065271130123e-07,0.9993027130281299,0.0006972869718701465,1.0
21472,nc73068915,36.865,-121.5936667,2018-08-12 19:24:25.210,2.0,2.0,0.0,5.649065271130123e-07,0.999760452567176,0.00023954743282396642,1.0
21491,nc73069550,36.8668333,-121.5951667,2018-08-14 02:34:46.620,2.7,2.0,0.0,5.649065271130123e-07,0.9999773236969492,2.2676303050876997e-05,1.0
21501,nc73069930,35.8981667,-120.4458333,2018-08-14 21:52:11.080,3.5,2.0,0.0,5.649065271130123e-07,0.9857307864638173,0.014269213536182846,1.0
21591,nc73073341,36.634,-121.2525,2018-08-18 20:05:27.110,2.5,2.0,0.0,5.649065271130123e-07,0.9997808002485812,0.00021919975141876673,1.0
21598,nc73073456,36.2328333,-120.8008333,2018-08-19 03:15:14.300,2.9000000000000004,2.0,0.0,5.649065271130123e-07,0.9900332087673126,0.009966791232687462,1.0
21736,nc73076295,36.7776667,-121.4248333,2018-08-27 04:21:51.460,2.3000000000000003,2.0,0.0,5.649065271130123e-07,0.999855238880501,0.0001447611194989636,1.0
21743,nc73076390,36.3188333,-120.7148333,2018-08-27 09:43:02.380,2.3000000000000003,2.0,0.0,5.649065271130123e-07,0.46812516501525725,0.5318748349847428,1.0
21753,ci38260864,33.8978333,-116.2145,2018-08-27 19:37:27.430,3.0,2.0,0.0,5.649065271130123e-07,0.9981805212600773,0.001819478739922671,1.0
21758,nc73076705,36.3006667,-120.8541667,2018-08-27 23:56:41.480,2.6,2.0,0.0,5.649065271130123e-07,0.9973419524140321,0.0026580475859678196,1.0
21794,nc73077280,36.5673333,-121.1151667,2018-08-29 10:28:21.750,2.0,2.0,0.0,5.649065271130123e-07,0.9961159293066886,0.0038840706933114385,1.0
21814,ci38040535,33.8951667,-116.2123333,2018-08-30 02:11:15.190,2.7,2.0,0.0,5.649065271130123e-07,0.9999687855495727,3.121445042738409e-05,1.0
21838,ci38041863,33.9873333,-116.6473333,2018-08-30 21:40:09.480,2.1,2.0,0.0,5.649065271130123e-07,0.9455108674692537,0.054489132530746186,1.0
21849,nc73078350,36.5458333,-121.1363333,2018-08-31 03:40:14.430,2.0,2.0,0.0,5.649065271130123e-07,0.9996643222283751,0.00033567777162493804,1.0
21852,nc73078400,36.8648333,-121.59,2018-08-31 08:10:36.780,2.0,2.0,0.0,5.649065271130123e-07,0.9998920781122315,0.00010792188776861123,1.0
21855,nc73078455,36.5678333,-121.0736667,2018-08-31 13:02:20.590,2.4000000000000004,2.0,0.0,5.649065271130123e-07,0.9994363265737793,0.000563673426220837,1.0
21859,nc73078485,39.0983333,-123.561,2018-08-31 14:32:15.100,2.2,2.0,0.0,5.649065271130123e-07,0.06271671844700558,0.9372832815529945,1.0
21877,nc73078835,36.461,-121.0401667,2018-09-01 13:14:46.860,2.0,2.0,0.0,5.649065271130123e-07,0.9997033539549449,0.0002966460450551206,1.0
21901,nc73079270,36.5621667,-121.0736667,2018-09-02 02:11:40.360,2.5,2.0,0.0,5.649065271130123e-07,0.999938830425859,6.116957414099558e-05,1.0
21907,nc73079465,36.6525,-121.266,2018-09-02 11:40:35.510,2.5,2.0,0.0,5.649065271130123e-07,0.9998085963764602,0.00019140362353974602,1.0
21923,ci38045719,34.2335,-116.917,2018-09-03 08:45:09.520,2.7,2.0,0.0,5.649065271130123e-07,0.8683467046433586,0.13165329535664141,1.0
21961,ci38047759,35.0411667,-119.1723333,2018-09-05 00:56:54.120,2.1,2.0,0.0,5.649065271130123e-07,0.8115880181593099,0.18841198184069005,1.0
21977,ci38048863,34.987,-119.1326667,2018-09-05 23:53:59.690,2.4000000000000004,2.0,0.0,5.649065271130123e-07,0.5418808870973243,0.4581191129026758,1.0
22025,nc73082125,36.5411667,-121.1338333,2018-09-07 21:22:06.140,2.0,2.0,0.0,5.649065271130123e-07,0.9997538954037491,0.0002461045962507284,1.0
22026,nc73082145,39.0815,-123.4748333,2018-09-07 22:16:26.600,2.0,2.0,0.0,5.649065271130123e-07,0.05228156549784512,0.9477184345021549,1.0
22042,nc73082595,36.6888333,-121.3175,2018-09-09 01:29:36.770,2.0,2.0,0.0,5.649065271130123e-07,0.9998244646050499,0.00017553539495000222,1.0
22053,ci38055047,34.0466667,-117.0388333,2018-09-10 09:57:17.360,2.2,2.0,0.0,5.649065271130123e-07,0.8701180477204669,0.1298819522795331,1.0
22093,nc73083960,36.3081667,-120.8826667,2018-09-13 17:08:04.080,2.0,2.0,0.0,5.649065271130123e-07,0.9829296907926581,0.017070309207341948,1.0
22095,nc73084010,36.5665,-121.159,2018-09-13 19:16:31.160,2.9000000000000004,2.0,0.0,5.649065271130123e-07,0.9998921708646865,0.00010782913531362378,1.0
22122,ci38061167,34.0035,-116.6811667,2018-09-15 09:10:47.680,2.0,2.0,0.0,5.649065271130123e-07,0.9824569262903441,0.017543073709656,1.0
22138,ci38062023,34.2345,-116.9181667,2018-09-16 13:38:41.070,2.4000000000000004,2.0,0.0,5.649065271130123e-07,0.9999327353943684,6.726460563154826e-05,1.0
22151,nc73085075,36.8373333,-121.571,2018-09-16 22:04:11.430,2.5,2.0,0.0,5.649065271130123e-07,0.9998103644718292,0.00018963552817073174,1.0
22183,ci38064839,34.2336667,-116.9151667,2018-09-18 17:22:30.560,2.4000000000000004,2.0,0.0,5.649065271130123e-07,0.9999760807081663,2.391929183385781e-05,1.0
22189,ci37359658,34.233,-116.9143333,2018-09-18 21:33:08.950,2.5,2.0,0.0,5.649065271130123e-07,0.9999976869363825,2.3130636175214186e-06,1.0
22192,nc73087001,36.4775,-121.0568333,2018-09-19 00:10:10.900,2.4000000000000004,2.0,0.0,5.649065271130123e-07,0.9996819679313941,0.00031803206860588626,1.0
22221,ci37361730,34.1016667,-117.31,2018-09-20 12:44:34.520,3.4000000000000004,2.0,0.0,5.649065271130123e-07,0.9904580867002273,0.00954191329977275,1.0
22228,nc73087506,36.5821667,-121.1793333,2018-09-20 22:23:05.610,2.2,2.0,0.0,5.649065271130123e-07,0.999829184204593,0.00017081579540699843,1.0
22250,ci37363858,33.8971667,-116.2138333,2018-09-22 02:11:16.600,2.2,2.0,0.0,5.649065271130123e-07,0.9999475674433931,5.243255660695713e-05,1.0
22269,ci37365754,34.0436667,-117.2383333,2018-09-23 19:18:03.170,2.0,2.0,0.0,5.649065271130123e-07,0.9997970785416884,0.0002029214583115425,1.0
22281,nc73089051,36.6026667,-121.2076667,2018-09-24 12:34:09.920,2.7,2.0,0.0,5.649065271130123e-07,0.9986027284409581,0.0013972715590420091,1.0
22284,nc73089076,36.5608333,-121.0633333,2018-09-24 13:58:25.720,2.0,2.0,0.0,5.649065271130123e-07,0.9993041374610373,0.0006958625389626696,1.0
22347,ci37371242,33.9993333,-117.123,2018-09-27 10:52:50.450,2.1,2.0,0.0,5.649065271130123e-07,0.8806159812322247,0.11938401876777517,1.0
22353,nc73090651,36.5506667,-121.1451667,2018-09-27 20:01:09.770,2.5,2.0,0.0,5.649065271130123e-07,0.9997026536161736,0.0002973463838264589,1.0
22381,nc73091246,37.6533333,-122.4961667,2018-09-29 08:17:34.040,2.0,2.0,0.0,5.649065271130123e-07,0.9541529000163051,0.0458470999836947,1.0
22386,nc73091291,36.776,-121.5028333,2018-09-29 11:30:45.820,2.4000000000000004,2.0,0.0,5.649065271130123e-07,0.9993667604006017,0.0006332395993982302,1.0
22406,ci37374890,34.002,-117.0178333,2018-09-30 14:41:29.510,3.6,2.0,0.0,5.649065271130123e-07,0.9998730851837649,0.00012691481623530493,1.0
22427,ci37376114,34.0013333,-117.0173333,2018-10-01 17:56:19.620,3.5,2.0,0.0,5.649065271130123e-07,0.9999943465414703,5.65345852956374e-06,1.0
22447,nc73092571,36.572,-121.1401667,2018-10-02 14:39:43.080,2.0,2.0,0.0,5.649065271130123e-07,0.998747680469662,0.0012523195303380944,1.0
22471,ci37377842,35.4811667,-120.0281667,2018-10-03 07:02:07.580,2.0,2.0,0.0,5.649065271130123e-07,0.9977506275063489,0.00224937249365097,1.0
22487,nc73093226,36.6205,-121.2275,2018-10-04 01:38:14.580,2.2,2.0,0.0,5.649065271130123e-07,0.9999491295764895,5.0870423510380966e-05,1.0
22490,nc73093276,36.5716667,-121.1385,2018-10-04 04:48:35.150,2.0,2.0,0.0,5.649065271130123e-07,0.9999813843733867,1.861562661345698e-05,1.0
22512,nc73093546,36.5706667,-121.1381667,2018-10-04 14:38:11.350,2.3000000000000003,2.0,0.0,5.649065271130123e-07,0.999995083157895,4.91684210514934e-06,1.0
22525,ci38316120,33.9553333,-117.1225,2018-10-05 10:27:32.540,2.1,2.0,0.0,5.649065271130123e-07,0.930615644417919,0.06938435558208104,1.0
22526,nc73093981,36.7533333,-121.3536667,2018-10-05 13:29:37.550,3.8000000000000003,2.0,0.0,5.649065271130123e-07,0.9919098872623725,0.008090112737627508,1.0
22599,nc73095571,36.577,-121.061,2018-10-09 22:35:17.070,2.2,2.0,0.0,5.649065271130123e-07,0.996239357694262,0.0037606423057380306,1.0
22630,nc73096181,36.5406667,-121.1263333,2018-10-11 20:09:19.040,2.2,2.0,0.0,5.649065271130123e-07,0.9997174893873824,0.00028251061261758874,1.0
22642,nc73096441,36.7798333,-121.5025,2018-10-12 16:33:37.960,2.1,2.0,0.0,5.649065271130123e-07,0.9997793293237428,0.000220670676257118,1.0
22648,ci37387626,34.3383333,-117.7241667,2018-10-12 18:44:17.000,3.0,2.0,0.0,5.649065271130123e-07,0.09888598460007936,0.9011140153999206,1.0
22657,nc73096731,36.5781667,-121.1753333,2018-10-13 11:23:55.910,2.8000000000000003,2.0,0.0,5.649065271130123e-07,0.9997912560622199,0.00020874393778018803,1.0
22658,nc73096741,36.8571667,-121.5875,2018-10-13 12:35:55.570,2.8000000000000003,2.0,0.0,5.649065271130123e-07,0.9998542927892361,0.00014570721076381774,1.0
22661,nc73096771,36.5803333,-121.177,2018-10-13 13:46:06.580,3.2,2.0,0.0,5.649065271130123e-07,0.9999976248255286,2.3751744713006374e-06,1.0
22662,nc73096831,36.5806667,-121.1781667,2018-10-13 16:57:10.860,2.7,2.0,0.0,5.649065271130123e-07,0.9999988457391624,1.1542608374607781e-06,1.0
22666,nc73096901,35.9845,-120.5461667,2018-10-13 21:32:36.140,2.0,2.0,0.0,5.649065271130123e-07,0.994917968905991,0.005082031094009095,1.0
22667,nc73096921,35.981,-120.5481667,2018-10-13 22:47:31.960,2.0,2.0,0.0,5.649065271130123e-07,0.9999948699332224,5.130066777595955e-06,1.0
22678,ci37391858,33.9851667,-116.6505,2018-10-14 13:08:30.300,2.6,2.0,0.0,5.649065271130123e-07,0.9993423841113573,0.0006576158886426888,1.0
22700,nc73097481,36.5765,-121.1723333,2018-10-15 08:51:04.190,2.3000000000000003,2.0,0.0,5.649065271130123e-07,0.9999846272800479,1.5372719952068005e-05,1.0
22714,nc73097791,36.5488333,-121.1418333,2018-10-16 04:32:20.690,2.2,2.0,0.0,5.649065271130123e-07,0.9998842559781458,0.00011574402185432379,1.0
22731,nc73098131,35.9848333,-120.546,2018-10-17 04:26:23.050,2.1,2.0,0.0,5.649065271130123e-07,0.9999794126003364,2.0587399663686228e-05,1.0
22759,nc73098601,36.8246667,-121.5466667,2018-10-18 07:49:55.210,2.0,2.0,0.0,5.649065271130123e-07,0.9996811672103726,0.00031883278962743084,1.0
22767,nc73098811,36.9681667,-121.6073333,2018-10-18 17:25:24.600,2.6,2.0,0.0,5.649065271130123e-07,0.9994196172371089,0.0005803827628910565,1.0
22777,nc73099066,36.4693333,-121.0468333,2018-10-19 08:19:52.540,2.3000000000000003,2.0,0.0,5.649065271130123e-07,0.9999018270324866,9.81729675134446e-05,1.0
22803,nc73099656,36.2265,-120.7996667,2018-10-20 17:50:21.780,2.2,2.0,0.0,5.649065271130123e-07,0.9991274542745898,0.0008725457254101438,1.0
22821,nc73100076,36.4781667,-121.0586667,2018-10-21 22:52:24.480,2.5,2.0,0.0,5.649065271130123e-07,0.9998762954642634,0.00012370453573663944,1.0
22851,nc73101321,36.0538333,-120.6293333,2018-10-24 02:15:12.260,2.0,2.0,0.0,5.649065271130123e-07,0.9901779422916046,0.009822057708395419,1.0
22873,ci37403890,33.1965,-115.606,2018-10-25 02:15:14.040,2.1,2.0,0.0,5.649065271130123e-07,0.9876581967185977,0.012341803281402466,1.0
22877,ci37404010,34.9211667,-118.6875,2018-10-25 10:04:29.830,2.1,2.0,0.0,5.649065271130123e-07,0.011223802814006223,0.9887761971859937,1.0
22878,ci37404026,33.9951667,-117.0126667,2018-10-25 10:23:11.890,2.0,2.0,0.0,5.649065271130123e-07,0.9996816906532207,0.00031830934677941466,1.0
22879,ci37404050,33.9265,-116.8211667,2018-10-25 11:36:18.840,2.3000000000000003,2.0,0.0,5.649065271130123e-07,0.9996115206256933,0.00038847937430674744,1.0
22885,ci37404522,33.9281667,-116.8193333,2018-10-25 20:40:15.080,2.1,2.0,0.0,5.649065271130123e-07,0.9999920907222719,7.909277728037345e-06,1.0
22894,ci37405098,33.927,-116.8198333,2018-10-26 10:33:57.840,2.1,2.0,0.0,5.649065271130123e-07,0.9999955944522252,4.4055477749368145e-06,1.0
22896,ci37405162,33.9771667,-116.998,2018-10-26 11:48:38.360,2.1,2.0,0.0,5.649065271130123e-07,0.9962669185933367,0.0037330814066633563,1.0
22897,ci37405226,33.9766667,-116.9968333,2018-10-26 12:42:43.740,2.5,2.0,0.0,5.649065271130123e-07,0.9999990809991637,9.190008362949229e-07,1.0
22898,ci37405258,33.9766667,-116.9973333,2018-10-26 13:33:45.870,2.1,2.0,0.0,5.649065271130123e-07,0.9999995708228192,4.291771807091666e-07,1.0
22928,ci37406586,34.2691667,-117.4606667,2018-10-28 03:33:27.120,2.1,2.0,0.0,5.649065271130123e-07,0.8914311697896926,0.1085688302103074,1.0
22956,nc73103501,36.0738333,-120.6433333,2018-10-29 05:22:12.180,3.3000000000000003,2.0,0.0,5.649065271130123e-07,0.996995106331505,0.003004893668494938,1.0
22957,nc73103496,36.0698333,-120.6445,2018-10-29 05:23:14.250,3.0,2.0,0.0,5.649065271130123e-07,0.9999999171417446,8.28582554276113e-08,1.0
23010,ci37409762,33.8691667,-116.8948333,2018-10-31 18:03:25.770,2.7,2.0,0.0,5.649065271130123e-07,0.8675586223245,0.13244137767549993,1.0
23032,nc73104866,36.6941667,-121.3226667,2018-11-01 18:42:04.620,2.1,2.0,0.0,5.649065271130123e-07,0.9997914128072402,0.00020858719275987744,1.0
23044,nc73105276,36.6801667,-121.3146667,2018-11-02 12:58:54.230,4.1000000000000005,2.0,0.0,5.649065271130123e-07,0.999670952185906,0.0003290478140941626,1.0
23045,nc73105281,36.6828333,-121.3213333,2018-11-02 13:01:14.920,3.1,2.0,0.0,5.649065271130123e-07,0.9999998330201392,1.6697986079915938e-07,1.0
23047,nc73105291,36.6866667,-121.317,2018-11-02 13:10:56.050,2.9000000000000004,2.0,0.0,5.649065271130123e-07,0.9999996101096909,3.898903092509101e-07,1.0
23048,nc73105296,36.6793333,-121.3055,2018-11-02 13:22:45.940,3.6,2.0,0.0,5.649065271130123e-07,0.9999987687444181,1.2312555818824956e-06,1.0
23051,nc73105336,36.6775,-121.3038333,2018-11-02 15:15:48.880,3.1,2.0,0.0,5.649065271130123e-07,0.9999990054849306,9.945150693596757e-07,1.0
23052,nc73105346,36.6763333,-121.303,2018-11-02 15:27:03.690,3.5,2.0,0.0,5.649065271130123e-07,0.9999998310556556,1.689443442705851e-07,1.0
23053,nc73105351,36.6765,-121.3026667,2018-11-02 15:52:11.250,3.0,2.0,0.0,5.649065271130123e-07,0.9999998536354093,1.4636459045582503e-07,1.0
23054,nc73105356,36.672,-121.2966667,2018-11-02 15:55:10.630,2.6,2.0,0.0,5.649065271130123e-07,0.9999995500984996,4.499015004044563e-07,1.0
23055,nc73105366,36.6861667,-121.3178333,2018-11-02 16:19:30.540,3.3000000000000003,2.0,0.0,5.649065271130123e-07,0.9999990984752616,9.015247384758282e-07,1.0
23056,nc73105371,36.6853333,-121.3198333,2018-11-02 16:21:43.100,2.0,2.0,0.0,5.649065271130123e-07,0.9999999455671025,5.443289747865392e-08,1.0
23057,nc73105381,36.6725,-121.2971667,2018-11-02 16:54:05.080,2.8000000000000003,2.0,0.0,5.649065271130123e-07,0.9999995096584643,4.903415357131788e-07,1.0
23059,nc73105396,36.6725,-121.3016667,2018-11-02 17:02:54.770,2.9000000000000004,2.0,0.0,5.649065271130123e-07,0.9999997201225337,2.7987746636976795e-07,1.0
23060,nc73105401,36.671,-121.3006667,2018-11-02 17:09:54.590,2.0,2.0,0.0,5.649065271130123e-07,0.9999998858442467,1.1415575337720866e-07,1.0
23066,nc73105481,36.6798333,-121.3051667,2018-11-02 19:18:52.190,2.6,2.0,0.0,5.649065271130123e-07,0.9999993528174734,6.471825265681418e-07,1.0
23084,nc73105951,36.6716667,-121.2956667,2018-11-03 09:35:46.650,2.5,2.0,0.0,5.649065271130123e-07,0.999997589704088,2.4102959119939996e-06,1.0
23086,nc73106021,36.6726667,-121.2988333,2018-11-03 13:22:46.440,2.0,2.0,0.0,5.649065271130123e-07,0.9999985912125953,1.408787404810547e-06,1.0
23090,nc73106091,36.6716667,-121.2968333,2018-11-03 16:03:31.840,2.1,2.0,0.0,5.649065271130123e-07,0.9999990162460155,9.837539844392842e-07,1.0
23094,nc73106096,36.6843333,-121.3143333,2018-11-03 16:20:28.920,2.8000000000000003,2.0,0.0,5.649065271130123e-07,0.9999964121884575,3.5878115425532683e-06,1.0
23107,nc73106391,36.7785,-121.5086667,2018-11-04 10:22:18.790,2.7,2.0,0.0,5.649065271130123e-07,0.999542682123324,0.00045731787667609494,1.0
23114,ci38349264,33.9863333,-116.934,2018-11-04 17:32:12.230,2.1,2.0,0.0,5.649065271130123e-07,0.9729253651145734,0.02707463488542663,1.0
23129,nc73107171,36.7718333,-121.485,2018-11-05 16:51:45.680,2.1,2.0,0.0,5.649065271130123e-07,0.9981567720488704,0.0018432279511295504,1.0
23200,ci38354328,33.7793333,-116.1338333,2018-11-08 17:16:50.040,3.2,2.0,0.0,5.649065271130123e-07,0.9760001453240975,0.023999854675902505,1.0
23202,nc73108411,36.6763333,-121.3036667,2018-11-08 17:44:11.870,2.2,2.0,0.0,5.649065271130123e-07,0.9999943886659615,5.611334038587487e-06,1.0
23209,nc73108516,36.4603333,-121.0425,2018-11-08 23:47:38.590,2.7,2.0,0.0,5.649065271130123e-07,0.9997613756897589,0.0002386243102409644,1.0
23217,nc73108646,36.4586667,-121.0381667,2018-11-09 07:25:30.540,2.2,2.0,0.0,5.649065271130123e-07,0.9999885091264507,1.1490873549331346e-05,1.0
23230,ci38355296,33.1963333,-115.6086667,2018-11-09 14:01:29.020,2.5,2.0,0.0,5.649065271130123e-07,0.9998492964697798,0.00015070353022020278,1.0
23255,nc73109266,36.6686667,-121.2943333,2018-11-10 14:11:54.750,3.5,2.0,0.0,5.649065271130123e-07,0.9999754548087401,2.4545191259878282e-05,1.0
23260,nc73109406,36.672,-121.2965,2018-11-10 21:09:32.000,2.1,2.0,0.0,5.649065271130123e-07,0.9999968089463118,3.1910536882529926e-06,1.0
23268,nc73109586,36.0345,-120.592,2018-11-11 09:33:10.360,2.5,2.0,0.0,5.649065271130123e-07,0.9985232777151377,0.001476722284862226,1.0
23289,ci38359760,33.9876667,-116.9338333,2018-11-12 07:22:03.490,2.1,2.0,0.0,5.649065271130123e-07,0.9999418715169077,5.8128483092130274e-05,1.0
23307,ci38360616,34.0381667,-117.2425,2018-11-12 22:19:58.110,2.0,2.0,0.0,5.649065271130123e-07,0.9998191028799203,0.0001808971200796663,1.0
23310,nc73110061,36.6696667,-121.2948333,2018-11-12 22:29:21.430,2.1,2.0,0.0,5.649065271130123e-07,0.9999939292098712,6.0707901287738325e-06,1.0
23315,nc73110146,36.4116667,-120.7423333,2018-11-13 05:21:49.980,2.5,2.0,0.0,5.649065271130123e-07,0.39269572356842475,0.6073042764315753,1.0
23319,ci38360968,34.0308333,-116.601,2018-11-13 09:54:09.150,2.5,2.0,0.0,5.649065271130123e-07,0.8368289357481249,0.16317106425187516,1.0
23339,nc73110596,36.6078333,-121.2193333,2018-11-14 03:19:10.400,2.0,2.0,0.0,5.649065271130123e-07,0.9993757320124844,0.000624267987515619,1.0
23361,nc73111046,36.5875,-121.206,2018-11-15 09:43:42.450,2.0,2.0,0.0,5.649065271130123e-07,0.9975571275031097,0.0024428724968903375,1.0
23365,nc73111216,36.6768333,-121.303,2018-11-15 16:48:18.500,2.4000000000000004,2.0,0.0,5.649065271130123e-07,0.9999923720409446,7.627959055473963e-06,1.0
23367,nc73111256,36.6781667,-121.3031667,2018-11-15 19:48:30.550,2.6,2.0,0.0,5.649065271130123e-07,0.999998255403444,1.744596556056992e-06,1.0
23368,ci38134575,34.1363333,-116.7255,2018-11-15 21:06:31.670,2.0,2.0,0.0,5.649065271130123e-07,0.953428641706124,0.046571358293876056,1.0
23385,ci38134999,34.207,-116.8603333,2018-11-16 08:57:11.190,2.9000000000000004,2.0,0.0,5.649065271130123e-07,0.9953844526328124,0.0046155473671875055,1.0
23394,ci38135519,34.0258333,-117.2373333,2018-11-16 19:25:50.480,2.0,2.0,0.0,5.649065271130123e-07,0.9991857685849367,0.000814231415063355,1.0
23410,nc73112111,36.9681667,-121.6096667,2018-11-17 18:39:02.940,2.8000000000000003,2.0,0.0,5.649065271130123e-07,0.9998702374006084,0.00012976259939179768,1.0
23450,nc73112886,36.1101667,-120.687,2018-11-19 19:15:35.490,2.3000000000000003,2.0,0.0,5.649065271130123e-07,0.9538798171773512,0.04612018282264874,1.0
23475,nc73113131,36.2286667,-120.7983333,2018-11-20 07:04:22.710,2.2,2.0,0.0,5.649065271130123e-07,0.9997884409036741,0.0002115590963257626,1.0
23490,ci38140191,33.8455,-116.791,2018-11-21 04:14:14.560,2.1,2.0,0.0,5.649065271130123e-07,0.7870269597466926,0.21297304025330746,1.0
23505,nc73113741,36.6771667,-121.3035,2018-11-21 20:49:43.910,2.1,2.0,0.0,5.649065271130123e-07,0.9999934205942335,6.5794057665823555e-06,1.0
23507,nc73113796,36.1901667,-120.7641667,2018-11-22 00:30:53.460,2.1,2.0,0.0,5.649065271130123e-07,0.998452778403552,0.0015472215964479736,1.0
23523,nc73114176,37.2858333,-122.2013333,2018-11-23 01:26:24.500,2.0,2.0,0.0,5.649065271130123e-07,0.5235928693660341,0.4764071306339658,1.0
23529,nc73114266,36.2671667,-120.7111667,2018-11-23 10:30:34.570,2.0,2.0,0.0,5.649065271130123e-07,0.5623640705495802,0.43763592945041974,1.0
23538,ci38142847,34.0126667,-117.119,2018-11-23 16:42:17.370,2.0,2.0,0.0,5.649065271130123e-07,0.9807535252168756,0.01924647478312451,1.0
23568,nc73114971,36.709,-121.3425,2018-11-25 20:59:38.820,2.0,2.0,0.0,5.649065271130123e-07,0.9992117987506866,0.0007882012493134382,1.0
23627,ci38147855,33.7778333,-116.1026667,2018-11-28 15:45:27.830,2.2,2.0,0.0,5.649065271130123e-07,0.9789326567261125,0.021067343273887384,1.0
23652,nc73117186,36.678,-121.3028333,2018-11-29 21:36:26.320,2.2,2.0,0.0,5.649065271130123e-07,0.9999910877112261,8.912288773889677e-06,1.0
23722,nc73118631,35.8526667,-120.3956667,2018-12-03 13:05:34.960,2.5,2.0,0.0,5.649065271130123e-07,0.8345052017687862,0.16549479823121369,1.0
23815,nc73119746,36.6538333,-121.271,2018-12-07 00:53:37.980,2.2,2.0,0.0,5.649065271130123e-07,0.9998469304403069,0.00015306955969305298,1.0
23822,nc73119881,36.6555,-121.2711667,2018-12-07 07:06:44.530,2.8000000000000003,2.0,0.0,5.649065271130123e-07,0.9999952809086907,4.719091309191997e-06,1.0
23823,nc73119876,36.6506667,-121.2736667,2018-12-07 07:06:47.810,2.8000000000000003,2.0,0.0,5.649065271130123e-07,0.999999970576375,2.9423624819098908e-08,1.0
23855,nc73120431,36.8478333,-121.5828333,2018-12-08 16:07:14.760,2.0,2.0,0.0,5.649065271130123e-07,0.9994044119136972,0.0005955880863027665,1.0
23858,ci38389856,34.2363333,-117.4473333,2018-12-08 22:04:04.760,2.5,2.0,0.0,5.649065271130123e-07,0.9885621673606702,0.011437832639329928,1.0
23888,nc73121106,36.3128333,-120.8898333,2018-12-10 12:12:42.080,2.0,2.0,0.0,5.649065271130123e-07,0.9928596086234706,0.007140391376529542,1.0
23947,nc73121931,36.6791667,-121.1728333,2018-12-12 11:32:36.190,2.0,2.0,0.0,5.649065271130123e-07,0.9326774731127958,0.06732252688720416,1.0
24001,nc73121800,36.6873333,-121.318,2018-12-15 17:40:38.650,2.0,2.0,0.0,5.649065271130123e-07,0.9999661324267541,3.3867573245894254e-05,1.0
24019,nc73122090,36.7463333,-121.4555,2018-12-16 10:41:27.320,2.8000000000000003,2.0,0.0,5.649065271130123e-07,0.995671080899197,0.004328919100803001,1.0
24091,ci38166759,34.2308333,-117.4388333,2018-12-19 14:08:34.250,2.3000000000000003,2.0,0.0,5.649065271130123e-07,0.998556797561041,0.0014432024389589874,1.0
24104,nc73124531,36.8611667,-121.5878333,2018-12-20 04:52:21.620,2.7,2.0,0.0,5.649065271130123e-07,0.9998166796612825,0.00018332033871746163,1.0
24112,nc73124586,36.6198333,-121.226,2018-12-20 11:03:15.510,2.0,2.0,0.0,5.649065271130123e-07,0.9999414883481174,5.851165188268868e-05,1.0
24149,nc73125066,35.975,-120.5351667,2018-12-21 19:36:43.890,2.2,2.0,0.0,5.649065271130123e-07,0.9989638144385646,0.0010361855614352924,1.0
24153,ci38403032,35.2918333,-119.5918333,2018-12-22 01:23:42.200,2.1,2.0,0.0,5.649065271130123e-07,0.0018908073908101603,0.9981091926091898,1.0
24181,ci38404432,34.1071667,-117.3176667,2018-12-23 07:46:27.260,2.0,2.0,0.0,5.649065271130123e-07,0.9990660220855303,0.0009339779144696384,1.0
24182,nc73125516,36.5698333,-121.163,2018-12-23 09:02:07.400,3.1,2.0,0.0,5.649065271130123e-07,0.9996499838788069,0.0003500161211932855,1.0
24201,ci38405320,34.0166667,-117.2206667,2018-12-24 11:45:34.430,2.0,2.0,0.0,5.649065271130123e-07,0.9991194542639329,0.0008805457360671345,1.0
24220,nc73126371,36.573,-121.1683333,2018-12-26 02:13:32.820,2.6,2.0,0.0,5.649065271130123e-07,0.999932470151436,6.752984856395548e-05,1.0
24243,nc73127176,36.568,-121.1601667,2018-12-27 10:49:24.080,2.1,2.0,0.0,5.649065271130123e-07,0.9999721877160693,2.781228393075023e-05,1.0
24247,nc73127211,36.86,-121.587,2018-12-27 13:48:20.520,2.0,2.0,0.0,5.649065271130123e-07,0.9999663193639412,3.368063605889019e-05,1.0
24283,nc73127926,36.5381667,-121.114,2018-12-29 09:30:20.910,2.1,2.0,0.0,5.649065271130123e-07,0.9985081952221763,0.0014918047778236495,1.0
24296,nc73128201,37.0186667,-121.8483333,2018-12-30 06:15:04.960,2.6,2.0,0.0,5.649065271130123e-07,0.049197805309324306,0.9508021946906757,1.0
24318,ci38411808,33.9173333,-117.035,2018-12-31 15:45:34.970,2.8000000000000003,2.0,0.0,5.649065271130123e-07,0.7039574803960276,0.2960425196039723,1.0
24335,ci38412688,34.1781667,-117.3446667,2019-01-01 12:01:46.950,2.5,2.0,0.0,5.649065271130123e-07,0.6624499014680366,0.3375500985319635,1.0
24342,nc73129226,36.8116667,-121.536,2019-01-01 23:46:04.070,2.5,2.0,0.0,5.649065271130123e-07,0.9990919345525182,0.0009080654474817963,1.0
24355,nc73129456,35.8448333,-120.392,2019-01-02 20:06:28.600,2.8000000000000003,2.0,0.0,5.649065271130123e-07,0.9973272239073706,0.0026727760926293807,1.0
24429,nc73130656,36.465,-121.0466667,2019-01-06 18:32:04.760,2.0,2.0,0.0,5.649065271130123e-07,0.9998613781498519,0.00013862185014816656,1.0
24435,nc73130691,36.5875,-121.185,2019-01-07 01:04:14.150,2.6,2.0,0.0,5.649065271130123e-07,0.9996913429657659,0.0003086570342340432,1.0
24504,ci38420256,33.999,-117.1808333,2019-01-09 12:27:49.640,2.2,2.0,0.0,5.649065271130123e-07,0.9929268977111304,0.00707310228886979,1.0
24522,nc73131491,36.4078333,-120.9843333,2019-01-10 04:31:14.790,2.1,2.0,0.0,5.649065271130123e-07,0.9994279401467878,0.0005720598532124604,1.0
24545,nc73131821,36.0113333,-120.5763333,2019-01-11 00:47:11.880,2.9000000000000004,2.0,0.0,5.649065271130123e-07,0.9987310795078352,0.0012689204921645654,1.0
24546,nc73131816,36.0115,-120.5763333,2019-01-11 00:47:27.170,2.5,2.0,0.0,5.649065271130123e-07,0.9999999899792035,1.0020796483632986e-08,1.0
24601,nc73132636,38.8495,-123.3341667,2019-01-13 16:42:47.860,2.1,2.0,0.0,5.649065271130123e-07,0.0025393437951963275,0.9974606562048036,1.0
24612,ci38424216,33.9876667,-116.9831667,2019-01-14 02:46:47.100,2.0,2.0,0.0,5.649065271130123e-07,0.9976029267458669,0.0023970732541330384,1.0
24620,ci38424512,33.946,-116.6738333,2019-01-14 14:16:35.260,2.6,2.0,0.0,5.649065271130123e-07,0.9582788782030136,0.04172112179698637,1.0
24629,ci38424864,34.024,-116.2885,2019-01-14 21:07:25.680,2.1,2.0,0.0,5.649065271130123e-07,0.6437918217478874,0.35620817825211265,1.0
24666,nc73133261,36.4651667,-121.0441667,2019-01-15 20:48:01.580,2.3000000000000003,2.0,0.0,5.649065271130123e-07,0.9999450474791851,5.495252081482178e-05,1.0
24678,ci38425904,34.4541667,-117.9388333,2019-01-16 06:25:15.710,2.3000000000000003,2.0,0.0,5.649065271130123e-07,0.954973627509536,0.04502637249046387,1.0
24682,nc73133426,37.3486667,-122.1588333,2019-01-16 10:07:40.120,2.3000000000000003,2.0,0.0,5.649065271130123e-07,0.5201866301523987,0.4798133698476012,1.0
24697,ci38194775,33.97,-116.9328333,2019-01-16 21:39:20.230,2.1,2.0,0.0,5.649065271130123e-07,0.9930850885293991,0.006914911470600909,1.0
24783,nc73134026,36.5498333,-121.1363333,2019-01-19 01:46:24.490,2.0,2.0,0.0,5.649065271130123e-07,0.9996701674216979,0.00032983257830210765,1.0
24791,nc73134076,36.0203333,-120.584,2019-01-19 09:10:36.930,2.3000000000000003,2.0,0.0,5.649065271130123e-07,0.9994001563285002,0.0005998436714997493,1.0
24801,nc73134241,36.8558333,-121.5826667,2019-01-19 21:41:46.750,2.4000000000000004,2.0,0.0,5.649065271130123e-07,0.9997734162922913,0.0002265837077086691,1.0
24812,nc73134396,36.4761667,-121.0518333,2019-01-20 09:19:26.440,2.0,2.0,0.0,5.649065271130123e-07,0.9997432574817319,0.00025674251826805387,1.0
24815,nc73134591,36.543,-121.1241667,2019-01-21 01:10:29.160,2.0,2.0,0.0,5.649065271130123e-07,0.9996673080111704,0.0003326919888296249,1.0
24829,nc73134881,40.2373333,-124.168,2019-01-21 15:42:28.670,2.5,2.0,0.0,5.649065271130123e-07,0.9854326171448805,0.014567382855119503,1.0
24842,ci38199703,34.1078333,-117.315,2019-01-22 04:31:29.750,2.4000000000000004,2.0,0.0,5.649065271130123e-07,0.9997850320487467,0.00021496795125337768,1.0
24854,nc73135186,36.634,-121.248,2019-01-22 11:39:50.840,2.4000000000000004,2.0,0.0,5.649065271130123e-07,0.9998183207160135,0.00018167928398646414,1.0
24912,nc73136136,39.0048333,-123.4558333,2019-01-24 21:43:32.080,2.5,2.0,0.0,5.649065271130123e-07,0.6419780201484373,0.35802197985156275,1.0
24917,nc73136171,37.7146667,-122.5575,2019-01-25 00:52:55.750,2.1,2.0,0.0,5.649065271130123e-07,0.9443247519944984,0.05567524800550161,1.0
24962,nc73137246,36.4726667,-121.0496667,2019-01-28 06:21:57.200,2.1,2.0,0.0,5.649065271130123e-07,0.9998987012424709,0.00010129875752909097,1.0
24984,nc73137576,36.6065,-121.2158333,2019-01-29 08:42:20.520,2.0,2.0,0.0,5.649065271130123e-07,0.9995352103506036,0.00046478964939659277,1.0
25005,ci38211423,34.0281667,-117.2295,2019-01-30 08:00:48.260,3.2,2.0,0.0,5.649065271130123e-07,0.9996417613998119,0.00035823860018808736,1.0
25008,nc73138081,36.567,-121.1621667,2019-01-30 13:41:14.640,2.2,2.0,0.0,5.649065271130123e-07,0.9999229390484821,7.706095151794573e-05,1.0
25010,nc73138121,36.8266667,-121.5493333,2019-01-30 16:33:43.270,2.2,2.0,0.0,5.649065271130123e-07,0.9996292212529827,0.00037077874701729345,1.0
25016,nc73138176,37.6756667,-122.5088333,2019-01-30 18:28:53.570,2.8000000000000003,2.0,0.0,5.649065271130123e-07,0.9955529117205414,0.004447088279458527,1.0
25025,nc73138306,37.6776667,-122.5106667,2019-01-31 00:11:27.770,2.0,2.0,0.0,5.649065271130123e-07,0.9999954126484166,4.587351583345191e-06,1.0
25057,nc73138816,37.7365,-122.5486667,2019-02-01 06:22:59.030,2.0,2.0,0.0,5.649065271130123e-07,0.9810620154082326,0.018937984591767505,1.0
25063,nc73138901,36.625,-121.1586667,2019-02-01 11:47:16.350,2.0,2.0,0.0,5.649065271130123e-07,0.975901764477077,0.02409823552292306,1.0
25184,nc73138705,36.9821667,-121.4625,2019-02-07 04:15:35.410,2.4000000000000004,2.0,0.0,5.649065271130123e-07,0.9974394808122963,0.002560519187703645,1.0
25315,nc73140535,36.5438333,-121.1338333,2019-02-10 12:00:27.390,2.0,2.0,0.0,5.649065271130123e-07,0.9997824251837434,0.00021757481625660056,1.0
25316,nc73140545,36.0553333,-120.6325,2019-02-10 12:09:55.110,2.4000000000000004,2.0,0.0,5.649065271130123e-07,0.9989484132173048,0.001051586782695106,1.0
25318,nc73140565,36.6828333,-121.3085,2019-02-10 14:02:14.480,2.1,2.0,0.0,5.649065271130123e-07,0.9999081269022375,9.187309776248296e-05,1.0
25321,ci37527874,34.6138333,-118.636,2019-02-10 17:45:31.580,2.8000000000000003,2.0,0.0,5.649065271130123e-07,0.997807657477219,0.002192342522780976,1.0
25322,ci37527978,34.0155,-117.1213333,2019-02-10 21:55:05.620,2.1,2.0,0.0,5.649065271130123e-07,0.9988799317725456,0.0011200682274543517,1.0
25335,ci37528314,34.1175,-117.4733333,2019-02-11 12:54:39.640,2.6,2.0,0.0,5.649065271130123e-07,0.9937712339095907,0.006228766090409416,1.0
25358,ci37529146,34.0205,-117.227,2019-02-12 10:35:40.120,2.7,2.0,0.0,5.649065271130123e-07,0.9997222520811487,0.0002777479188510916,1.0
25365,nc73141190,36.2935,-120.8381667,2019-02-12 17:27:23.180,3.2,2.0,0.0,5.649065271130123e-07,0.9945063355712457,0.005493664428754344,1.0
25371,nc73141335,36.5761667,-121.1721667,2019-02-13 00:57:15.140,2.3000000000000003,2.0,0.0,5.649065271130123e-07,0.9998830189730377,0.00011698102696228768,1.0
25392,nc73141715,40.2533333,-124.1546667,2019-02-14 02:11:22.500,2.1,2.0,0.0,5.649065271130123e-07,0.9974245601755629,0.0025754398244370483,1.0
25407,nc73141855,36.2866667,-120.8578333,2019-02-14 17:21:09.990,2.1,2.0,0.0,5.649065271130123e-07,0.9987994281368876,0.0012005718631124128,1.0
25419,nc73142536,36.6538333,-121.2666667,2019-02-15 03:03:29.340,2.7,2.0,0.0,5.649065271130123e-07,0.9998645960777424,0.00013540392225766176,1.0
25458,nc73142951,36.6776667,-121.3008333,2019-02-16 12:05:17.120,2.1,2.0,0.0,5.649065271130123e-07,0.9999629404474597,3.7059552540231124e-05,1.0
25472,nc73143096,36.6773333,-121.2998333,2019-02-17 05:08:26.740,2.0,2.0,0.0,5.649065271130123e-07,0.9999931362455218,6.863754478261218e-06,1.0
25500,ci37534418,34.0371667,-116.9875,2019-02-19 00:49:37.610,2.5,2.0,0.0,5.649065271130123e-07,0.9295507974510089,0.07044920254899113,1.0
25501,nc73143391,36.6758333,-121.2961667,2019-02-19 01:47:37.580,2.3000000000000003,2.0,0.0,5.649065271130123e-07,0.9999735074376706,2.649256232955366e-05,1.0
25520,ci37535242,33.973,-116.7515,2019-02-19 20:05:11.980,2.3000000000000003,2.0,0.0,5.649065271130123e-07,0.9340490447448496,0.06595095525515036,1.0
25543,nc73143771,36.6635,-121.2881667,2019-02-20 18:53:31.580,2.0,2.0,0.0,5.649065271130123e-07,0.99981714857533,0.0001828514246699205,1.0
25567,ci38468280,34.9053333,-119.5636667,2019-02-21 17:18:58.300,2.2,2.0,0.0,5.649065271130123e-07,0.0018163275990305773,0.9981836724009695,1.0
25632,nc73145431,36.619,-121.1641667,2019-02-25 04:58:48.190,2.0,2.0,0.0,5.649065271130123e-07,0.997620663708315,0.002379336291684941,1.0
25651,nc73145656,36.2368333,-120.8115,2019-02-25 18:31:35.100,3.0,2.0,0.0,5.649065271130123e-07,0.9962787025506203,0.0037212974493795606,1.0
25667,nc73145851,36.6538333,-121.2788333,2019-02-26 13:24:26.260,2.5,2.0,0.0,5.649065271130123e-07,0.9998893404266789,0.00011065957332121979,1.0
25693,ci38477040,34.241,-117.5135,2019-02-27 22:40:49.790,2.4000000000000004,2.0,0.0,5.649065271130123e-07,0.923995335938381,0.0760046640616189,1.0
25727,nc73146826,36.1583333,-120.738,2019-03-01 12:07:22.330,2.3000000000000003,2.0,0.0,5.649065271130123e-07,0.9219036298051095,0.07809637019489053,1.0
25728,nc73146841,36.8633333,-121.5888333,2019-03-01 12:44:04.120,2.0,2.0,0.0,5.649065271130123e-07,0.9998668674547301,0.0001331325452700016,1.0
25731,nc73146991,36.6801667,-121.3038333,2019-03-01 21:42:02.860,2.5,2.0,0.0,5.649065271130123e-07,0.9999658212880138,3.417871198620245e-05,1.0
25732,nc73146996,36.0313333,-120.5973333,2019-03-01 21:44:13.800,2.1,2.0,0.0,5.649065271130123e-07,0.9992846416937168,0.0007153583062831212,1.0
25755,nc73147341,35.7985,-120.3483333,2019-03-02 20:36:43.850,2.9000000000000004,2.0,0.0,5.649065271130123e-07,0.9996297555670256,0.0003702444329745391,1.0
25791,nc73147801,37.2188333,-122.0173333,2019-03-04 08:03:41.450,2.1,2.0,0.0,5.649065271130123e-07,0.2610208392653596,0.7389791607346403,1.0
25834,nc73148691,36.5991667,-121.2018333,2019-03-06 15:25:32.790,2.1,2.0,0.0,5.649065271130123e-07,0.9994405445548046,0.0005594554451954833,1.0
25844,ci38258319,33.9773333,-117.217,2019-03-07 07:01:24.140,2.6,2.0,0.0,5.649065271130123e-07,0.9992801680001685,0.0007198319998314649,1.0
25851,nc73149166,36.6898333,-121.2926667,2019-03-07 13:22:02.510,2.3000000000000003,2.0,0.0,5.649065271130123e-07,0.9993315124448829,0.0006684875551170662,1.0
25865,ci38260151,35.0656667,-119.5476667,2019-03-08 13:46:19.400,2.0,2.0,0.0,5.649065271130123e-07,0.0033018500105498703,0.99669814998945,1.0
25887,ci38261743,34.0555,-117.2545,2019-03-09 16:05:46.840,2.4000000000000004,2.0,0.0,5.649065271130123e-07,0.9985139463766416,0.0014860536233584313,1.0
25893,nc73149946,36.827,-121.5538333,2019-03-09 20:04:17.400,2.4000000000000004,2.0,0.0,5.649065271130123e-07,0.9997005948857588,0.00029940511424126113,1.0
25952,nc73151441,36.0096667,-120.5708333,2019-03-13 04:46:23.650,2.0,2.0,0.0,5.649065271130123e-07,0.9996022646431085,0.0003977353568916225,1.0
25953,ci38266847,33.9795,-117.2441667,2019-03-13 07:28:27.820,2.7,2.0,0.0,5.649065271130123e-07,0.9894639910720167,0.0105360089279834,1.0
25977,nc73151981,36.7955,-121.4176667,2019-03-14 10:46:03.810,2.0,2.0,0.0,5.649065271130123e-07,0.9804043034836261,0.0195956965163739,1.0
26016,nc73152626,37.6663333,-122.5041667,2019-03-16 01:29:52.780,2.5,2.0,0.0,5.649065271130123e-07,0.996552538938647,0.003447461061353003,1.0
26018,ci38271095,34.049,-117.239,2019-03-16 04:18:16.270,2.4000000000000004,2.0,0.0,5.649065271130123e-07,0.9991205698036475,0.0008794301963524978,1.0
26019,nc73152771,36.6351667,-121.2555,2019-03-16 12:49:28.730,2.7,2.0,0.0,5.649065271130123e-07,0.9997824974297801,0.0002175025702198741,1.0
26025,ci38271527,34.2071667,-117.5648333,2019-03-16 15:45:27.090,2.3000000000000003,2.0,0.0,5.649065271130123e-07,0.9947577771476429,0.005242222852357239,1.0
26033,nc73152966,39.1365,-123.5961667,2019-03-16 22:20:20.760,2.4000000000000004,2.0,0.0,5.649065271130123e-07,0.305240193639304,0.6947598063606959,1.0
26058,nc73153501,36.6186667,-121.1596667,2019-03-18 01:45:40.060,2.1,2.0,0.0,5.649065271130123e-07,0.9996202773228501,0.0003797226771500571,1.0
26127,ci38278431,34.6373333,-118.5121667,2019-03-20 15:23:44.560,2.2,2.0,0.0,5.649065271130123e-07,0.1661053605726728,0.8338946394273271,1.0
26153,nc73154830,36.4775,-120.9961667,2019-03-22 06:20:48.800,2.1,2.0,0.0,5.649065271130123e-07,0.9954151928744749,0.004584807125524903,1.0
26161,ci38281511,34.4645,-118.0066667,2019-03-22 15:15:33.150,2.9000000000000004,2.0,0.0,5.649065271130123e-07,0.9055933955492221,0.0944066044507777,1.0
26168,nc73155040,36.4931667,-121.0721667,2019-03-22 20:21:45.010,2.0,2.0,0.0,5.649065271130123e-07,0.9990047404216986,0.0009952595783013646,1.0
26169,ci38282439,34.008,-117.1816667,2019-03-23 00:47:22.090,2.0,2.0,0.0,5.649065271130123e-07,0.9990627472902383,0.0009372527097616621,1.0
26172,nc73155130,36.574,-121.1738333,2019-03-23 04:48:56.200,2.0,2.0,0.0,5.649065271130123e-07,0.9998603191990626,0.00013968080093747099,1.0
26185,nc73155385,35.7325,-120.2791667,2019-03-23 20:30:28.540,2.2,2.0,0.0,5.649065271130123e-07,0.7255085515759799,0.27449144842402,1.0
26208,nc73155870,36.644,-121.1423333,2019-03-25 04:43:13.410,2.2,2.0,0.0,5.649065271130123e-07,0.9759576118554337,0.024042388144566232,1.0
26217,ci38285023,34.0175,-117.2283333,2019-03-25 13:48:08.090,2.0,2.0,0.0,5.649065271130123e-07,0.9997511360290525,0.00024886397094731977,1.0
26242,nc73156500,36.862,-121.3098333,2019-03-26 11:19:09.690,2.5,2.0,0.0,5.649065271130123e-07,0.9872713956447645,0.0127286043552355,1.0
26250,nc73156570,36.8603333,-121.3066667,2019-03-26 14:04:45.030,2.1,2.0,0.0,5.649065271130123e-07,0.9999957885663893,4.211433610724459e-06,1.0
26255,ci38287023,34.0713333,-117.4908333,2019-03-26 15:27:15.420,2.9000000000000004,2.0,0.0,5.649065271130123e-07,0.7055487302952363,0.2944512697047635,1.0
26258,ci37590402,34.067,-117.4933333,2019-03-26 19:32:02.090,2.2,2.0,0.0,5.649065271130123e-07,0.9999903848770838,9.615122916188919e-06,1.0
26260,nc73156865,36.781,-121.509,2019-03-26 22:16:04.620,2.5,2.0,0.0,5.649065271130123e-07,0.9994381144570034,0.0005618855429968229,1.0
26264,ci37591354,34.069,-117.4901667,2019-03-27 00:36:10.280,2.1,2.0,0.0,5.649065271130123e-07,0.9999963179119146,3.6820880853764724e-06,1.0
26265,ci37591434,34.0688333,-117.4905,2019-03-27 01:21:29.190,2.0,2.0,0.0,5.649065271130123e-07,0.9999994334520763,5.665479237302187e-07,1.0
26272,nc73157020,36.8608333,-121.3091667,2019-03-27 10:37:51.050,2.3000000000000003,2.0,0.0,5.649065271130123e-07,0.9999940497607526,5.950239247524822e-06,1.0
26300,ci37593770,34.0743333,-117.4886667,2019-03-28 10:23:06.550,2.1,2.0,0.0,5.649065271130123e-07,0.9999792104479899,2.0789552010235035e-05,1.0
26312,ci37595386,33.7751667,-115.9876667,2019-03-29 04:25:04.570,2.1,2.0,0.0,5.649065271130123e-07,0.9051178971900403,0.0948821028099596,1.0
26349,ci37598506,34.2093333,-116.844,2019-03-30 22:59:06.490,2.5,2.0,0.0,5.649065271130123e-07,0.9803190051080942,0.019680994891905768,1.0
26354,ci37599090,34.9553333,-119.2688333,2019-03-31 10:38:26.470,2.2,2.0,0.0,5.649065271130123e-07,0.20694821817736953,0.7930517818226306,1.0
26396,nc73160010,36.7621667,-121.4631667,2019-04-02 17:41:39.960,2.1,2.0,0.0,5.649065271130123e-07,0.9951876127249565,0.004812387275043492,1.0
26405,ci37603362,34.2041667,-117.5318333,2019-04-03 08:22:50.930,2.2,2.0,0.0,5.649065271130123e-07,0.9656601682955346,0.03433983170446524,1.0
26437,nc73161090,36.5705,-121.1186667,2019-04-04 20:50:21.390,3.0,2.0,0.0,5.649065271130123e-07,0.9985472334764168,0.001452766523583084,1.0
26451,nc73161470,35.861,-120.4126667,2019-04-05 17:52:32.570,3.5,2.0,0.0,5.649065271130123e-07,0.9666421018855186,0.0333578981144816,1.0
26461,nc73161595,35.9645,-120.52,2019-04-05 22:28:29.740,2.1,2.0,0.0,5.649065271130123e-07,0.998705764549213,0.0012942354507871011,1.0
26475,ci37608770,33.992,-116.9438333,2019-04-06 22:47:23.400,2.5,2.0,0.0,5.649065271130123e-07,0.9905641951086519,0.009435804891348149,1.0
26487,nc73162325,36.6073333,-121.2133333,2019-04-07 22:37:06.180,2.2,2.0,0.0,5.649065271130123e-07,0.9996677624252168,0.0003322375747832178,1.0
26515,ci37610762,33.9336667,-116.669,2019-04-09 12:52:38.620,2.3000000000000003,2.0,0.0,5.649065271130123e-07,0.9812065319051457,0.018793468094854274,1.0
26526,ci38541648,34.0188333,-116.7088333,2019-04-10 01:59:23.600,2.2,2.0,0.0,5.649065271130123e-07,0.8997253163773475,0.10027468362265249,1.0
26528,ci38541672,34.0983333,-117.3103333,2019-04-10 03:06:47.370,2.3000000000000003,2.0,0.0,5.649065271130123e-07,0.9992496235243137,0.000750376475686363,1.0
26555,ci38542824,34.1106667,-117.3161667,2019-04-11 13:05:29.520,3.4000000000000004,2.0,0.0,5.649065271130123e-07,0.9997415525921185,0.0002584474078814027,1.0
26576,ci38543552,33.3358333,-115.7566667,2019-04-12 04:38:17.200,2.2,2.0,0.0,5.649065271130123e-07,0.8813560143615516,0.11864398563844819,1.0
26618,nc73165370,37.014,-121.7985,2019-04-13 18:59:21.280,2.9000000000000004,2.0,0.0,5.649065271130123e-07,0.5901630079947348,0.4098369920052652,1.0
26620,nc73165425,40.2443333,-124.1791667,2019-04-13 21:37:29.680,2.4000000000000004,2.0,0.0,5.649065271130123e-07,0.9975595298617789,0.0024404701382209934,1.0
26636,ci38546312,34.8448333,-118.9703333,2019-04-14 13:51:27.660,2.2,2.0,0.0,5.649065271130123e-07,0.9974443793422662,0.0025556206577337323,1.0
26639,nc73165785,36.5941667,-121.1943333,2019-04-14 17:58:54.030,2.7,2.0,0.0,5.649065271130123e-07,0.9989080794439091,0.0010919205560908484,1.0
26645,nc73165930,36.4981667,-121.0748333,2019-04-15 01:17:03.310,2.1,2.0,0.0,5.649065271130123e-07,0.9996988977752607,0.0003011022247394418,1.0
26647,nc73166000,36.6498333,-121.2735,2019-04-15 03:34:02.870,2.2,2.0,0.0,5.649065271130123e-07,0.9998849308871569,0.00011506911284306732,1.0
26681,ci38547512,34.954,-119.2711667,2019-04-15 20:40:02.310,2.2,2.0,0.0,5.649065271130123e-07,0.9998474039862587,0.00015259601374130056,1.0
26717,nc73167740,37.3041667,-122.0823333,2019-04-17 05:11:43.120,2.2,2.0,0.0,5.649065271130123e-07,0.920566844065591,0.07943315593440886,1.0
26723,nc73167895,36.8411667,-121.568,2019-04-17 12:08:06.380,2.8000000000000003,2.0,0.0,5.649065271130123e-07,0.9988983540425777,0.0011016459574222125,1.0
26725,nc73167905,37.6646667,-122.5285,2019-04-17 12:39:02.560,2.0,2.0,0.0,5.649065271130123e-07,0.9871336513488623,0.01286634865113776,1.0
26740,nc73168145,35.9286667,-120.476,2019-04-18 03:15:15.580,3.0,2.0,0.0,5.649065271130123e-07,0.9961788242790638,0.0038211757209361628,1.0
26775,nc73168640,40.2346667,-124.1678333,2019-04-19 02:53:41.010,2.7,2.0,0.0,5.649065271130123e-07,0.9995215366434671,0.0004784633565331833,1.0
26785,nc73168865,36.9793333,-121.6391667,2019-04-19 15:31:07.720,2.0,2.0,0.0,5.649065271130123e-07,0.9976419258276618,0.0023580741723381376,1.0
26791,nc73168990,36.685,-121.3103333,2019-04-19 21:21:27.250,2.3000000000000003,2.0,0.0,5.649065271130123e-07,0.9998804620481341,0.00011953795186611962,1.0
26823,nc73170000,35.9225,-120.4721667,2019-04-21 22:17:13.810,2.1,2.0,0.0,5.649065271130123e-07,0.9997984474692774,0.0002015525307226398,1.0
26826,nc73170140,36.6018333,-121.2125,2019-04-22 05:45:09.840,3.6,2.0,0.0,5.649065271130123e-07,0.999667570672169,0.000332429327830959,1.0
26838,nc73170340,37.0421667,-122.1283333,2019-04-22 16:02:32.230,2.3000000000000003,2.0,0.0,5.649065271130123e-07,0.004876267045485853,0.9951237329545143,1.0
26873,ci38327871,33.9778333,-116.9571667,2019-04-23 14:14:09.620,2.2,2.0,0.0,5.649065271130123e-07,0.9892320400904202,0.010767959909579818,1.0
26898,nc73171105,36.5611667,-121.061,2019-04-24 10:19:04.950,2.4000000000000004,2.0,0.0,5.649065271130123e-07,0.9991103530710851,0.0008896469289148875,1.0
26913,nc73171500,36.8503333,-121.5756667,2019-04-25 01:06:47.860,2.4000000000000004,2.0,0.0,5.649065271130123e-07,0.9995350006026931,0.00046499939730698994,1.0
26940,ci38333871,35.0506667,-119.194,2019-04-26 10:58:57.040,2.1,2.0,0.0,5.649065271130123e-07,0.7864268381011428,0.2135731618988572,1.0
26945,ci38334303,33.894,-116.2525,2019-04-26 15:58:14.250,2.0,2.0,0.0,5.649065271130123e-07,0.9798158282731063,0.02018417172689355,1.0
26946,ci38334343,33.8921667,-116.2538333,2019-04-26 16:17:03.260,2.1,2.0,0.0,5.649065271130123e-07,0.9999992940691697,7.059308303451966e-07,1.0
26950,ci38334783,33.8933333,-116.2528333,2019-04-26 20:04:02.060,2.6,2.0,0.0,5.649065271130123e-07,0.9999985427622902,1.4572377098325844e-06,1.0
26970,nc73173065,36.607,-121.2071667,2019-04-27 17:07:30.030,2.6,2.0,0.0,5.649065271130123e-07,0.9998925488900567,0.0001074511099431484,1.0
26985,nc73173430,36.5528333,-121.1413333,2019-04-28 15:00:34.380,2.0,2.0,0.0,5.649065271130123e-07,0.9996853762448416,0.00031462375515847556,1.0
27007,nc73173735,36.2663333,-120.849,2019-04-29 03:42:26.370,2.1,2.0,0.0,5.649065271130123e-07,0.9725310649240567,0.02746893507594323,1.0
27170,ci38343663,33.9871667,-117.2411667,2019-05-03 10:16:12.370,2.0,2.0,0.0,5.649065271130123e-07,0.997147251677007,0.0028527483229929046,1.0
27187,ci38345447,34.0835,-117.2766667,2019-05-04 07:47:32.030,2.1,2.0,0.0,5.649065271130123e-07,0.9760601625112435,0.023939837488756555,1.0
27190,ci38345471,33.9945,-116.8536667,2019-05-04 08:50:26.090,2.4000000000000004,2.0,0.0,5.649065271130123e-07,0.9837558426308952,0.016244157369104787,1.0
27205,nc73177435,35.9373333,-120.4888333,2019-05-05 12:27:39.400,2.2,2.0,0.0,5.649065271130123e-07,0.9963475600672356,0.0036524399327643774,1.0
27208,ci38346719,33.9523333,-117.0075,2019-05-05 13:01:47.400,2.2,2.0,0.0,5.649065271130123e-07,0.9573226856833025,0.04267731431669744,1.0
27209,nc73177490,36.5423333,-121.1331667,2019-05-05 15:29:20.270,2.3000000000000003,2.0,0.0,5.649065271130123e-07,0.9998152565605825,0.00018474343941754138,1.0
27267,nc73178780,40.1638333,-123.8643333,2019-05-08 11:39:15.120,2.1,2.0,0.0,5.649065271130123e-07,0.0,1.0,1.0
27269,nc73178815,36.4586667,-121.0351667,2019-05-08 14:24:49.070,2.3000000000000003,2.0,0.0,5.649065271130123e-07,0.9995324195330274,0.0004675804669725522,1.0
27293,nc73179420,36.622,-121.2308333,2019-05-09 20:59:32.070,2.1,2.0,0.0,5.649065271130123e-07,0.9998951217147967,0.00010487828520345584,1.0
27323,nc73179925,36.6578333,-121.2745,2019-05-10 17:43:02.300,2.2,2.0,0.0,5.649065271130123e-07,0.9998508844207465,0.0001491155792534818,1.0
27340,nc73180160,36.6565,-121.2741667,2019-05-11 05:53:25.140,2.7,2.0,0.0,5.649065271130123e-07,0.999993331143102,6.668856898128812e-06,1.0
27348,nc73180230,36.2958333,-120.84,2019-05-11 11:18:00.190,2.0,2.0,0.0,5.649065271130123e-07,0.9996424912158653,0.0003575087841346354,1.0
27355,ci38590248,34.9331667,-119.0728333,2019-05-11 23:54:14.040,2.0,2.0,0.0,5.649065271130123e-07,0.7318517824007196,0.2681482175992803,1.0
27378,nc73180910,40.2426667,-124.1623333,2019-05-13 01:43:43.520,2.3000000000000003,2.0,0.0,5.649065271130123e-07,0.9989605211969819,0.001039478803018102,1.0
27379,ci38591544,33.9816667,-116.3515,2019-05-13 02:18:38.300,2.4000000000000004,2.0,0.0,5.649065271130123e-07,0.8305073151213704,0.16949268487862945,1.0
27406,nc73181375,36.4736667,-121.0488333,2019-05-14 05:13:51.050,2.4000000000000004,2.0,0.0,5.649065271130123e-07,0.9998447644779509,0.00015523552204898435,1.0
27458,nc73182025,36.8838333,-121.4128333,2019-05-15 14:54:06.250,2.3000000000000003,2.0,0.0,5.649065271130123e-07,0.9949443620221663,0.005055637977833741,1.0
27483,nc73182621,36.2425,-120.6895,2019-05-16 08:02:46.080,2.0,2.0,0.0,5.649065271130123e-07,0.6406258778254312,0.3593741221745687,1.0
27485,ci38596552,33.994,-116.9155,2019-05-16 12:24:31.200,2.5,2.0,0.0,5.649065271130123e-07,0.9824712097230568,0.017528790276943113,1.0
27656,nc73186321,36.5725,-121.1236667,2019-05-24 14:36:35.900,2.0,2.0,0.0,5.649065271130123e-07,0.9995284833213752,0.00047151667862490166,1.0
27689,ci38605016,35.3873333,-120.0033333,2019-05-25 20:53:22.160,2.2,2.0,0.0,5.649065271130123e-07,0.10875997942772563,0.8912400205722742,1.0
27697,ci38605552,35.3878333,-119.9975,2019-05-26 07:57:32.220,2.4000000000000004,2.0,0.0,5.649065271130123e-07,0.9999635613113026,3.643868869731179e-05,1.0
27707,ci38606080,33.9886667,-117.2405,2019-05-26 23:04:58.600,2.1,2.0,0.0,5.649065271130123e-07,0.9998391996054642,0.0001608003945359246,1.0
27714,nc73187711,36.4681667,-121.0478333,2019-05-27 07:00:28.750,2.0,2.0,0.0,5.649065271130123e-07,0.9998966264628438,0.00010337353715620899,1.0
27731,nc73188186,36.6545,-121.2721667,2019-05-27 23:31:36.350,2.0,2.0,0.0,5.649065271130123e-07,0.9999514916438943,4.850835610567072e-05,1.0
27821,ci38611024,33.9008333,-116.8393333,2019-05-30 09:27:56.930,2.0,2.0,0.0,5.649065271130123e-07,0.9290691580087407,0.07093084199125932,1.0
27825,nc73189911,36.242,-120.8181667,2019-05-30 15:27:43.870,2.1,2.0,0.0,5.649065271130123e-07,0.9977093762719541,0.0022906237280459697,1.0
27879,nc73191111,36.6628333,-121.2828333,2019-06-01 20:51:06.570,2.6,2.0,0.0,5.649065271130123e-07,0.999779522287066,0.0002204777129339898,1.0
27972,nc73192076,36.4148333,-120.7615,2019-06-03 20:01:29.320,2.3000000000000003,2.0,0.0,5.649065271130123e-07,0.9242939381106002,0.07570606188939968,1.0
27988,ci38621152,33.9556667,-116.8233333,2019-06-04 04:34:02.560,3.2,2.0,0.0,5.649065271130123e-07,0.9727276224910998,0.027272377508900103,1.0
27989,ci38621176,33.9425,-116.8148333,2019-06-04 04:36:53.270,2.3000000000000003,2.0,0.0,5.649065271130123e-07,0.9999952495290211,4.750470979029582e-06,1.0
28083,nc73193571,36.6576667,-121.2706667,2019-06-06 12:07:22.340,2.0,2.0,0.0,5.649065271130123e-07,0.9999437356250178,5.626437498214684e-05,1.0
28096,nc73193851,36.6245,-121.2335,2019-06-07 04:08:40.790,2.0,2.0,0.0,5.649065271130123e-07,0.9998476248009643,0.0001523751990356363,1.0
28105,nc73193931,36.7818333,-121.4356667,2019-06-07 06:16:00.200,2.1,2.0,0.0,5.649065271130123e-07,0.9974912620072383,0.0025087379927615995,1.0
28136,nc73194351,36.8683333,-121.277,2019-06-08 10:28:38.680,2.9000000000000004,2.0,0.0,5.649065271130123e-07,0.9460497478507146,0.05395025214928536,1.0
28193,nc73195206,36.6493333,-121.2685,2019-06-11 01:45:26.980,2.5,2.0,0.0,5.649065271130123e-07,0.9998754942957246,0.0001245057042753263,1.0
28204,nc73195356,36.8913333,-121.2425,2019-06-11 07:31:36.150,3.1,2.0,0.0,5.649065271130123e-07,0.977650104769084,0.02234989523091596,1.0
28219,ci38635368,34.0758333,-116.354,2019-06-11 12:32:25.700,2.2,2.0,0.0,5.649065271130123e-07,0.8162996744374855,0.1837003255625143,1.0
28280,ci38639944,33.9396667,-116.6745,2019-06-13 12:38:30.650,3.0,2.0,0.0,5.649065271130123e-07,0.9976885886680332,0.002311411331966823,1.0
28285,nc73197206,36.567,-121.0336667,2019-06-13 18:15:09.480,2.4000000000000004,2.0,0.0,5.649065271130123e-07,0.9856800948695283,0.01431990513047177,1.0
28315,nc73197761,40.229,-124.172,2019-06-14 22:59:33.190,2.9000000000000004,2.0,0.0,5.649065271130123e-07,0.9985027281867697,0.001497271813230403,1.0
28316,nc73197811,37.6356667,-122.4796667,2019-06-15 01:28:03.750,2.4000000000000004,2.0,0.0,5.649065271130123e-07,0.9768921796099824,0.023107820390017506,1.0
28318,ci38643176,34.1001667,-116.928,2019-06-15 05:25:37.500,3.0,2.0,0.0,5.649065271130123e-07,0.9734391396194411,0.02656086038055892,1.0
28345,nc73198411,36.5628333,-121.152,2019-06-16 02:23:16.630,2.0,2.0,0.0,5.649065271130123e-07,0.9997844162510736,0.000215583748926464,1.0
28370,nc73198881,36.2996667,-120.8805,2019-06-16 18:52:24.330,2.1,2.0,0.0,5.649065271130123e-07,0.9945011529853074,0.005498847014692648,1.0
28393,nc73199346,36.7616667,-121.4371667,2019-06-17 22:29:40.130,2.7,2.0,0.0,5.649065271130123e-07,0.990399104512556,0.009600895487444054,1.0
28398,nc73199426,36.7583333,-121.4351667,2019-06-18 06:55:17.970,2.6,2.0,0.0,5.649065271130123e-07,0.9999881910109142,1.1808989085744422e-05,1.0
28401,nc73199511,36.4983333,-121.0761667,2019-06-18 12:43:59.640,2.5,2.0,0.0,5.649065271130123e-07,0.9998215318085355,0.000178468191464319,1.0
28405,nc73199616,36.4383333,-121.0148333,2019-06-18 20:56:28.040,3.3000000000000003,2.0,0.0,5.649065271130123e-07,0.9980305234040243,0.0019694765959757422,1.0
28407,nc73199626,36.4326667,-121.0316667,2019-06-18 20:57:59.840,2.0,2.0,0.0,5.649065271130123e-07,0.9999974236962855,2.576303714475733e-06,1.0
28423,nc73199886,35.9245,-120.4763333,2019-06-19 13:06:45.890,2.0,2.0,0.0,5.649065271130123e-07,0.9996650210789855,0.00033497892101456305,1.0
28445,nc73200386,36.5685,-121.0771667,2019-06-21 01:32:22.550,2.4000000000000004,2.0,0.0,5.649065271130123e-07,0.9987455347912162,0.0012544652087837843,1.0
28473,nc73200946,36.8773333,-121.617,2019-06-22 13:29:23.100,3.0,2.0,0.0,5.649065271130123e-07,0.999173275365106,0.0008267246348938463,1.0
28487,ci38426679,34.2348333,-117.4435,2019-06-23 07:01:58.920,2.2,2.0,0.0,5.649065271130123e-07,0.998699342455237,0.0013006575447630792,1.0
28489,nc73201246,35.964,-120.5213333,2019-06-23 10:17:35.930,2.4000000000000004,2.0,0.0,5.649065271130123e-07,0.999717817726627,0.0002821822733727988,1.0
28526,ci38429327,34.6428333,-118.5738333,2019-06-25 09:34:02.480,2.0,2.0,0.0,5.649065271130123e-07,0.48246385681407616,0.5175361431859238,1.0
28601,ci38435247,34.5133333,-117.7203333,2019-06-28 19:38:13.350,2.2,2.0,0.0,5.649065271130123e-07,0.023991384661011514,0.9760086153389884,1.0
28651,nc73204196,36.4985,-121.0756667,2019-07-01 02:51:57.730,2.0,2.0,0.0,5.649065271130123e-07,0.9999572321279638,4.2767872036160376e-05,1.0
28673,ci38439583,35.4838333,-120.0171667,2019-07-01 21:17:00.670,2.7,2.0,0.0,5.649065271130123e-07,0.9916718730728171,0.008328126927183006,1.0
28693,nc73204896,37.635,-122.4805,2019-07-02 16:30:59.340,2.1,2.0,0.0,5.649065271130123e-07,0.9999163396931349,8.366030686532851e-05,1.0
30219,nc73208396,36.5708333,-121.2233333,2019-07-06 02:08:56.700,2.0,2.0,0.0,5.649065271130123e-07,0.9797768107481452,0.020223189251854873,1.0
31143,nc73209271,36.0008333,-120.5566667,2019-07-06 07:56:03.380,2.5,2.0,0.0,5.649065271130123e-07,0.9970297570445891,0.002970242955410922,1.0
32846,ci38467679,34.0185,-117.2196667,2019-07-06 20:23:44.640,2.8000000000000003,2.0,0.0,5.649065271130123e-07,0.9994025115895955,0.000597488410404529,1.0
33058,ci38468415,33.7748333,-115.9535,2019-07-06 22:07:28.100,2.4000000000000004,2.0,0.0,5.649065271130123e-07,0.7758954625032229,0.224104537496777,1.0
33816,ci38473207,34.1578333,-117.4756667,2019-07-07 07:27:37.900,2.6,2.0,0.0,5.649065271130123e-07,0.9985153378145962,0.0014846621854037085,1.0
34170,ci38476831,34.1753333,-117.26,2019-07-07 14:42:38.910,2.5,2.0,0.0,5.649065271130123e-07,0.9729758630703599,0.02702413692964006,1.0
34262,ci38477799,33.757,-116.1478333,2019-07-07 17:08:04.850,2.2,2.0,0.0,5.649065271130123e-07,0.9108778440945997,0.08912215590540036,1.0
34270,ci38477951,33.7576667,-116.1428333,2019-07-07 17:21:31.740,2.5,2.0,0.0,5.649065271130123e-07,0.9999985852298283,1.4147701716112754e-06,1.0
34343,nc73213501,36.8501667,-121.5811667,2019-07-07 19:01:12.050,2.0,2.0,0.0,5.649065271130123e-07,0.9996754882241053,0.000324511775894772,1.0
34378,ci38479247,34.446,-117.9353333,2019-07-07 19:49:15.720,2.0,2.0,0.0,5.649065271130123e-07,0.9849813285535277,0.015018671446472273,1.0
34551,nc73213911,36.5831667,-121.0411667,2019-07-08 00:37:06.020,2.4000000000000004,2.0,0.0,5.649065271130123e-07,0.9957328871028099,0.004267112897189961,1.0
35760,ci38500143,33.2501667,-115.6913333,2019-07-09 10:21:56.970,2.3000000000000003,2.0,0.0,5.649065271130123e-07,0.9120063793643252,0.08799362063567473,1.0
35913,ci38503351,34.2063333,-117.5193333,2019-07-09 15:15:13.320,2.0,2.0,0.0,5.649065271130123e-07,0.9877096189454571,0.012290381054543002,1.0
35975,ci38504655,34.117,-117.002,2019-07-09 17:11:57.920,2.0,2.0,0.0,5.649065271130123e-07,0.7868244734820882,0.21317552651791186,1.0
36120,ci38507991,34.9425,-119.1711667,2019-07-09 22:21:58.090,2.1,2.0,0.0,5.649065271130123e-07,0.17732820258415177,0.8226717974158483,1.0
36774,nc73218226,36.483,-121.0628333,2019-07-10 21:12:10.510,2.0,2.0,0.0,5.649065271130123e-07,0.998495725030168,0.0015042749698319494,1.0
37151,ci38531959,33.926,-116.7291667,2019-07-11 11:24:45.000,2.3000000000000003,2.0,0.0,5.649065271130123e-07,0.9387220536457461,0.061277946354253876,1.0
37370,ci38536623,33.9408333,-116.3603333,2019-07-11 19:58:18.430,2.0,2.0,0.0,5.649065271130123e-07,0.8971668411295657,0.10283315887043427,1.0
38414,nc73222666,36.618,-121.2345,2019-07-14 07:30:54.630,2.3000000000000003,2.0,0.0,5.649065271130123e-07,0.9996306092547625,0.00036939074523738145,1.0
38788,ci38573775,34.1126667,-116.3873333,2019-07-15 13:52:01.780,2.2,2.0,0.0,5.649065271130123e-07,0.7809727939207023,0.2190272060792977,1.0
39254,nc73226036,36.5213333,-121.1051667,2019-07-17 07:41:21.320,2.1,2.0,0.0,5.649065271130123e-07,0.9971775179763358,0.0028224820236642466,1.0
39899,nc73229336,35.524,-120.2523333,2019-07-20 01:28:34.880,2.2,2.0,0.0,5.649065271130123e-07,0.47117273094863715,0.5288272690513629,1.0
39938,ci38608527,33.2671667,-115.6931667,2019-07-20 05:45:18.340,2.2,2.0,0.0,5.649065271130123e-07,0.9907241206692277,0.00927587933077241,1.0
40030,nc73229986,35.5235,-120.255,2019-07-20 17:45:48.160,2.2,2.0,0.0,5.649065271130123e-07,0.9999867765315479,1.3223468452113574e-05,1.0
40176,nc73230896,36.7588333,-121.4383333,2019-07-21 15:32:50.550,2.2,2.0,0.0,5.649065271130123e-07,0.9998706552478946,0.000129344752105441,1.0
40482,nc73232796,36.9588333,-121.5866667,2019-07-23 16:51:10.080,2.8000000000000003,2.0,0.0,5.649065271130123e-07,0.9967840219079138,0.0032159780920860844,1.0
40565,nc73233256,35.7933333,-120.3446667,2019-07-24 05:48:47.740,3.1,2.0,0.0,5.649065271130123e-07,0.9987853173493642,0.0012146826506358246,1.0
40606,nc73233511,36.0283333,-120.5918333,2019-07-24 12:18:20.950,2.2,2.0,0.0,5.649065271130123e-07,0.9985755786512532,0.0014244213487468365,1.0
40873,nc73235131,36.6665,-121.281,2019-07-26 11:57:49.530,2.1,2.0,0.0,5.649065271130123e-07,0.9996609718097472,0.0003390281902527686,1.0
40989,nc73235831,36.6938333,-121.3231667,2019-07-27 09:37:41.210,3.7,2.0,0.0,5.649065271130123e-07,0.9997992992772552,0.00020070072274470108,1.0
40990,nc73235851,36.6953333,-121.3248333,2019-07-27 09:56:06.320,2.9000000000000004,2.0,0.0,5.649065271130123e-07,0.999999752350226,2.4764977383892583e-07,1.0
41060,nc73236351,36.2788333,-120.6368333,2019-07-28 01:28:28.840,2.1,2.0,0.0,5.649065271130123e-07,0.14025883722185006,0.8597411627781499,1.0
41066,nc73236391,36.6933333,-121.3185,2019-07-28 02:48:14.910,2.2,2.0,0.0,5.649065271130123e-07,0.9999921567174626,7.843282537479679e-06,1.0
41265,nc73237826,36.3713333,-120.9458333,2019-07-29 16:42:21.840,2.0,2.0,0.0,5.649065271130123e-07,0.9892586679260543,0.01074133207394565,1.0
41279,ci38667791,33.784,-116.0528333,2019-07-29 19:46:31.120,2.0,2.0,0.0,5.649065271130123e-07,0.8716352028737245,0.12836479712627524,1.0
41360,nc73238516,36.7673333,-121.3608333,2019-07-30 11:57:34.960,2.1,2.0,0.0,5.649065271130123e-07,0.986003344189028,0.013996655810972026,1.0
41463,nc73239536,36.5998333,-121.2055,2019-07-31 19:17:53.960,2.4000000000000004,2.0,0.0,5.649065271130123e-07,0.9996567428173533,0.0003432571826467958,1.0
41682,nc73241351,36.7933333,-121.3088333,2019-08-03 07:56:19.210,2.9000000000000004,2.0,0.0,5.649065271130123e-07,0.9296111794435249,0.07038882055647519,1.0
41740,ci38690247,34.1966667,-117.3863333,2019-08-04 02:59:20.380,2.0,2.0,0.0,5.649065271130123e-07,0.922523828341942,0.077476171658058,1.0
41742,ci38690327,34.009,-117.1816667,2019-08-04 03:25:38.290,2.0,2.0,0.0,5.649065271130123e-07,0.999595441492894,0.00040455850710608023,1.0
41767,nc73242046,36.2115,-120.7906667,2019-08-04 10:47:39.480,2.2,2.0,0.0,5.649065271130123e-07,0.9824148700141475,0.017585129985852502,1.0
41831,ci38694655,34.1593333,-116.4113333,2019-08-05 08:39:35.650,2.3000000000000003,2.0,0.0,5.649065271130123e-07,0.6264241057779424,0.37357589422205756,1.0
41869,ci38696903,34.0155,-117.0176667,2019-08-05 21:22:03.120,2.3000000000000003,2.0,0.0,5.649065271130123e-07,0.9921456702081641,0.007854329791835899,1.0
42178,ci38950280,34.0113333,-117.1846667,2019-08-10 01:32:51.050,2.0,2.0,0.0,5.649065271130123e-07,0.9998610215294151,0.0001389784705848994,1.0
42263,nc73247436,36.5796667,-121.173,2019-08-11 08:24:09.940,2.6,2.0,0.0,5.649065271130123e-07,0.999788709476877,0.00021129052312295968,1.0
42269,nc73247506,36.4691667,-121.0278333,2019-08-11 10:39:21.990,2.1,2.0,0.0,5.649065271130123e-07,0.9990426912231264,0.0009573087768736013,1.0
42286,nc73247661,36.5821667,-121.177,2019-08-11 13:46:30.570,2.7,2.0,0.0,5.649065271130123e-07,0.9999899267752497,1.0073224750385371e-05,1.0
42376,ci38962248,34.0201667,-117.2613333,2019-08-13 04:27:33.060,2.4000000000000004,2.0,0.0,5.649065271130123e-07,0.9849806350083014,0.015019364991698689,1.0
42377,ci38962288,34.0566667,-117.1718333,2019-08-13 04:51:15.930,2.0,2.0,0.0,5.649065271130123e-07,0.9933405887483713,0.006659411251628654,1.0
42388,ci38963296,33.9901667,-116.8363333,2019-08-13 13:12:20.830,2.0,2.0,0.0,5.649065271130123e-07,0.9834659495348342,0.016534050465165803,1.0
42587,ci38974832,34.2283333,-117.5228333,2019-08-16 08:57:32.170,2.0,2.0,0.0,5.649065271130123e-07,0.9953100472659026,0.00468995273409762,1.0
42700,ci38981016,34.1723333,-116.9048333,2019-08-18 07:10:42.580,2.0,2.0,0.0,5.649065271130123e-07,0.6967958564202463,0.3032041435797537,1.0
42857,ci38989152,34.016,-117.1181667,2019-08-20 18:13:53.640,2.2,2.0,0.0,5.649065271130123e-07,0.998969062694163,0.00103093730583704,1.0
42879,ci38991056,34.0126667,-116.7518333,2019-08-21 06:50:41.210,3.2,2.0,0.0,5.649065271130123e-07,0.9846166906987807,0.015383309301219387,1.0
42880,nc73255150,37.2425,-122.061,2019-08-21 07:26:09.940,2.0,2.0,0.0,5.649065271130123e-07,0.9839607525478373,0.016039247452162942,1.0
42881,nc73255165,37.2438333,-122.0576667,2019-08-21 07:36:34.590,2.5,2.0,0.0,5.649065271130123e-07,0.9999992924610219,7.075389781036269e-07,1.0
42946,ci38994528,34.877,-119.2421667,2019-08-22 06:45:54.320,2.1,2.0,0.0,5.649065271130123e-07,0.5470942220074629,0.45290577799253706,1.0
43099,ci39001816,34.0261667,-116.989,2019-08-23 17:04:08.110,2.6,2.0,0.0,5.649065271130123e-07,0.9866001903182215,0.013399809681778452,1.0
43101,ci39001928,34.1655,-117.099,2019-08-23 17:53:02.700,2.4000000000000004,2.0,0.0,5.649065271130123e-07,0.27266057232100366,0.7273394276789963,1.0
43144,nc73257835,36.8363333,-121.5633333,2019-08-24 07:58:20.400,2.0,2.0,0.0,5.649065271130123e-07,0.9988886077107564,0.0011113922892434214,1.0
43257,nc73259415,36.7313333,-121.4211667,2019-08-26 14:10:50.510,2.0,2.0,0.0,5.649065271130123e-07,0.9985431299372493,0.0014568700627506164,1.0
43426,ci39022568,34.018,-117.1193333,2019-08-29 17:17:48.550,3.0,2.0,0.0,5.649065271130123e-07,0.9999106715777859,8.932842221418433e-05,1.0
43427,ci39022584,34.0205,-117.1213333,2019-08-29 17:18:12.650,2.2,2.0,0.0,5.649065271130123e-07,0.9999999682681775,3.1731822333697185e-08,1.0
43675,ci39038072,33.9295,-116.8211667,2019-09-03 07:29:27.540,2.2,2.0,0.0,5.649065271130123e-07,0.99965128218834,0.00034871781166005337,1.0
43677,nc73264345,35.9656667,-120.526,2019-09-03 09:58:10.160,2.3000000000000003,2.0,0.0,5.649065271130123e-07,0.9994388327657799,0.0005611672342203291,1.0
43689,nc73264475,39.1328333,-123.58,2019-09-03 15:05:01.750,3.2,2.0,0.0,5.649065271130123e-07,0.9570435279384365,0.042956472061563535,1.0
43710,ci39040408,34.0056667,-116.7643333,2019-09-04 00:18:46.170,3.4000000000000004,2.0,0.0,5.649065271130123e-07,0.9982747744224112,0.001725225577588845,1.0
43747,ci39042768,34.022,-116.7678333,2019-09-04 19:12:39.310,2.0,2.0,0.0,5.649065271130123e-07,0.999569074480206,0.0004309255197938823,1.0
43887,nc73267055,36.536,-121.1201667,2019-09-07 20:40:05.870,2.4000000000000004,2.0,0.0,5.649065271130123e-07,0.9993291171490704,0.0006708828509295606,1.0
43900,ci38818007,33.9853333,-117.1568333,2019-09-08 01:09:30.090,2.0,2.0,0.0,5.649065271130123e-07,0.9749588562987463,0.0250411437012535,1.0
43952,nc73267660,36.5606667,-121.1151667,2019-09-08 19:32:09.930,2.3000000000000003,2.0,0.0,5.649065271130123e-07,0.9978390517815806,0.0021609482184193987,1.0
43995,nc73268125,37.7191667,-122.5648333,2019-09-09 18:45:15.200,2.5,2.0,0.0,5.649065271130123e-07,0.9859921848301906,0.014007815169809345,1.0
44003,nc73268190,37.7183333,-122.5656667,2019-09-09 20:27:43.440,2.6,2.0,0.0,5.649065271130123e-07,0.9999987718416786,1.2281583213994085e-06,1.0
44101,ci38828191,33.7821667,-116.1045,2019-09-11 23:23:09.580,2.1,2.0,0.0,5.649065271130123e-07,0.9948595741227733,0.005140425877226678,1.0
44102,ci38828207,33.7826667,-116.1046667,2019-09-11 23:23:41.660,2.4000000000000004,2.0,0.0,5.649065271130123e-07,0.9999999757258357,2.4274164326242587e-08,1.0
44134,nc73270155,36.6365,-121.2558333,2019-09-12 22:08:08.360,2.4000000000000004,2.0,0.0,5.649065271130123e-07,0.9997985430762546,0.00020145692374531473,1.0
44135,nc73270165,36.8258333,-121.558,2019-09-12 22:29:12.860,2.0,2.0,0.0,5.649065271130123e-07,0.9992440867133743,0.0007559132866257558,1.0
44175,nc73270665,36.5998333,-121.1986667,2019-09-13 03:59:52.210,3.3000000000000003,2.0,0.0,5.649065271130123e-07,0.9996462921703362,0.000353707829663902,1.0
44184,nc73270850,36.5973333,-121.196,2019-09-13 04:28:36.770,2.5,2.0,0.0,5.649065271130123e-07,0.9999992799296995,7.200703005161766e-07,1.0
44202,nc73271485,36.6031667,-121.202,2019-09-13 06:50:21.890,3.8000000000000003,2.0,0.0,5.649065271130123e-07,0.9999963690626404,3.630937359606948e-06,1.0
44204,nc73271515,36.6026667,-121.2045,2019-09-13 07:05:30.670,2.2,2.0,0.0,5.649065271130123e-07,0.9999998002740688,1.9972593123584718e-07,1.0
44211,nc73271665,36.6015,-121.1978333,2019-09-13 08:26:53.080,2.5,2.0,0.0,5.649065271130123e-07,0.9999992285014488,7.7149855109896e-07,1.0
44212,nc73271670,36.483,-121.0226667,2019-09-13 08:32:08.350,2.4000000000000004,2.0,0.0,5.649065271130123e-07,0.9953752122760934,0.0046247877239065415,1.0
44214,nc73271745,36.601,-121.199,2019-09-13 09:24:56.330,2.8000000000000003,2.0,0.0,5.649065271130123e-07,0.9999995912938116,4.0870618833084694e-07,1.0
44258,ci38834255,34.009,-117.2345,2019-09-13 23:24:17.850,2.0,2.0,0.0,5.649065271130123e-07,0.9957150719301779,0.004284928069821919,1.0
44301,nc73273475,36.5851667,-121.1688333,2019-09-14 17:26:28.260,2.4000000000000004,2.0,0.0,5.649065271130123e-07,0.9996617463886749,0.0003382536113251065,1.0
44302,nc73273480,36.5848333,-121.168,2019-09-14 17:27:59.330,2.1,2.0,0.0,5.649065271130123e-07,0.9999999517297439,4.827025616966808e-08,1.0
44313,nc73273675,36.761,-121.4271667,2019-09-14 23:52:13.060,2.7,2.0,0.0,5.649065271130123e-07,0.9984806424734766,0.0015193575265233822,1.0
44314,nc73273670,36.7568333,-121.4315,2019-09-14 23:52:40.070,2.4000000000000004,2.0,0.0,5.649065271130123e-07,0.9999998716806932,1.2831930688566617e-07,1.0
44334,nc73274155,36.9028333,-121.3243333,2019-09-15 15:48:36.170,2.3000000000000003,2.0,0.0,5.649065271130123e-07,0.8434480166943851,0.15655198330561493,1.0
44347,nc73274330,36.6001667,-121.0526667,2019-09-15 22:23:34.780,2.5,2.0,0.0,5.649065271130123e-07,0.9823185371573329,0.01768146284266714,1.0
44355,ci38839087,33.9503333,-116.7466667,2019-09-16 05:05:22.610,2.4000000000000004,2.0,0.0,5.649065271130123e-07,0.9618889360590154,0.0381110639409846,1.0
44369,ci38839527,33.973,-116.9801667,2019-09-16 12:21:19.840,2.0,2.0,0.0,5.649065271130123e-07,0.9971348945846017,0.0028651054153982984,1.0
44382,ci38840159,33.3618333,-115.789,2019-09-16 18:11:51.690,3.8000000000000003,2.0,0.0,5.649065271130123e-07,0.6068049177360362,0.3931950822639639,1.0
44387,nc73275055,36.6701667,-121.2936667,2019-09-16 21:56:30.330,2.0,2.0,0.0,5.649065271130123e-07,0.999840092196699,0.000159907803301048,1.0
44453,nc73276115,35.9286667,-120.4738333,2019-09-18 21:45:05.330,3.1,2.0,0.0,5.649065271130123e-07,0.9996446519751557,0.00035534802484431954,1.0
44466,ci38845903,33.3596667,-115.788,2019-09-19 09:59:46.580,3.6,2.0,0.0,5.649065271130123e-07,0.9999847744349962,1.5225565003769178e-05,1.0
44467,ci38845919,33.3623333,-115.7898333,2019-09-19 10:08:03.930,2.3000000000000003,2.0,0.0,5.649065271130123e-07,0.9999997936921073,2.0630789257524398e-07,1.0
44481,ci38846887,33.3616667,-115.7885,2019-09-19 21:47:57.620,2.3000000000000003,2.0,0.0,5.649065271130123e-07,0.9999979191500941,2.0808499059745382e-06,1.0
44486,nc73276640,39.1353333,-123.5988333,2019-09-19 22:52:14.030,2.5,2.0,0.0,5.649065271130123e-07,0.9991469932493396,0.0008530067506605105,1.0
44492,ci38847247,33.3626667,-115.7846667,2019-09-20 02:09:53.220,2.4000000000000004,2.0,0.0,5.649065271130123e-07,0.9999962700957501,3.7299042498634198e-06,1.0
44544,nc73277245,36.4673333,-121.0415,2019-09-21 15:16:17.600,2.2,2.0,0.0,5.649065271130123e-07,0.9997444578368764,0.0002555421631237174,1.0
44559,ci38850783,34.141,-116.712,2019-09-21 22:53:06.470,2.0,2.0,0.0,5.649065271130123e-07,0.9885291182978695,0.011470881702130497,1.0
44568,ci38851303,34.0116667,-116.9578333,2019-09-22 06:16:16.560,2.4000000000000004,2.0,0.0,5.649065271130123e-07,0.9699395247412007,0.030060475258799388,1.0
44599,ci38852823,34.1403333,-116.7126667,2019-09-23 04:21:03.640,2.0,2.0,0.0,5.649065271130123e-07,0.9999872565742021,1.274342579790701e-05,1.0
44657,nc73278850,36.823,-121.5498333,2019-09-24 17:41:09.860,2.6,2.0,0.0,5.649065271130123e-07,0.9996956215938456,0.0003043784061544758,1.0
44663,ci38856743,33.9518333,-116.9601667,2019-09-24 22:32:30.430,2.0,2.0,0.0,5.649065271130123e-07,0.9729186091658845,0.02708139083411544,1.0
44669,ci38856999,34.5951667,-118.6281667,2019-09-25 02:35:27.200,2.1,2.0,0.0,5.649065271130123e-07,0.9117876404670014,0.08821235953299847,1.0
44673,nc73279210,36.8248333,-121.5591667,2019-09-25 03:16:32.270,2.3000000000000003,2.0,0.0,5.649065271130123e-07,0.9999607689794126,3.9231020587475414e-05,1.0
44688,nc73279500,36.5921667,-121.1926667,2019-09-25 05:49:34.880,3.2,2.0,0.0,5.649065271130123e-07,0.9998593651190366,0.00014063488096350215,1.0
44695,nc73279720,36.5885,-121.187,2019-09-25 06:37:19.790,2.7,2.0,0.0,5.649065271130123e-07,0.9999967425143728,3.2574856272915265e-06,1.0
44708,ci38857559,34.2208333,-117.476,2019-09-25 10:32:30.350,2.1,2.0,0.0,5.649065271130123e-07,0.9941588285665375,0.00584117143346254,1.0
44711,ci38857687,33.9275,-116.7221667,2019-09-25 12:57:42.970,2.0,2.0,0.0,5.649065271130123e-07,0.9972536931024292,0.0027463068975708974,1.0
44735,nc73281060,36.7245,-121.3925,2019-09-26 05:17:22.910,2.1,2.0,0.0,5.649065271130123e-07,0.989560566711668,0.010439433288332,1.0
44745,nc73281155,36.583,-121.0806667,2019-09-26 08:59:18.680,2.3000000000000003,2.0,0.0,5.649065271130123e-07,0.9911056794247585,0.008894320575241612,1.0
44750,nc73281250,36.586,-121.087,2019-09-26 12:51:57.240,2.0,2.0,0.0,5.649065271130123e-07,0.9999753145056457,2.468549435431048e-05,1.0
44756,nc73281360,36.59,-121.1903333,2019-09-26 17:13:55.130,2.5,2.0,0.0,5.649065271130123e-07,0.9999901595143847,9.840485615246393e-06,1.0
44762,nc73281495,36.5945,-121.1928333,2019-09-26 23:10:50.120,2.0,2.0,0.0,5.649065271130123e-07,0.9999925664966353,7.4335033646499445e-06,1.0
44818,nc73282345,35.9681667,-120.5256667,2019-09-27 23:42:05.570,2.0,2.0,0.0,5.649065271130123e-07,0.9998341067322397,0.0001658932677602814,1.0
44851,nc73282920,36.4718333,-121.0515,2019-09-29 00:56:08.750,2.1,2.0,0.0,5.649065271130123e-07,0.9998145213965538,0.00018547860344618033,1.0
44899,nc73283660,36.892,-121.2418333,2019-09-29 22:56:27.710,2.8000000000000003,2.0,0.0,5.649065271130123e-07,0.9997373938986149,0.0002626061013850515,1.0
44918,nc73283895,36.6843333,-121.3095,2019-09-30 08:05:47.680,2.0,2.0,0.0,5.649065271130123e-07,0.9998556056436186,0.0001443943563813782,1.0
44964,ci39103208,33.9873333,-116.679,2019-10-01 06:55:30.220,2.5,2.0,0.0,5.649065271130123e-07,0.956455173686496,0.04354482631350394,1.0
44989,nc73284895,36.8371667,-121.5703333,2019-10-01 21:18:21.650,2.4000000000000004,2.0,0.0,5.649065271130123e-07,0.9997001881599344,0.0002998118400656276,1.0
45014,ci39105928,34.5078333,-117.525,2019-10-02 13:25:31.370,2.9000000000000004,2.0,0.0,5.649065271130123e-07,0.0039778482752288015,0.9960221517247712,1.0
45084,nc73286460,36.8231667,-121.5601667,2019-10-04 17:54:34.430,2.5,2.0,0.0,5.649065271130123e-07,0.999941974223653,5.802577634701423e-05,1.0
45090,ci39111528,33.7741667,-116.1548333,2019-10-04 19:59:57.420,2.3000000000000003,2.0,0.0,5.649065271130123e-07,0.9785619915034439,0.021438008496556013,1.0
45116,nc73286930,37.6598333,-122.5145,2019-10-05 15:41:06.700,3.5,2.0,0.0,5.649065271130123e-07,0.990831757675209,0.00916824232479101,1.0
45206,nc73288630,36.5923333,-121.1123333,2019-10-08 08:39:45.660,2.0,2.0,0.0,5.649065271130123e-07,0.9956194317535356,0.00438056824646438,1.0
45211,ci39119224,34.0331667,-116.6211667,2019-10-08 13:10:53.530,2.4000000000000004,2.0,0.0,5.649065271130123e-07,0.9420365267072768,0.057963473292723236,1.0
45212,nc73288720,36.6396667,-121.2601667,2019-10-08 13:10:53.790,2.8000000000000003,2.0,0.0,5.649065271130123e-07,0.9998233124588534,0.00017668754114662374,1.0
45263,ci39122808,33.9638333,-116.6061667,2019-10-09 23:24:53.200,2.0,2.0,0.0,5.649065271130123e-07,0.9072923341112411,0.09270766588875898,1.0
45322,ci39125088,33.77,-115.9621667,2019-10-11 13:39:33.210,2.7,2.0,0.0,5.649065271130123e-07,0.9916240762371599,0.00837592376284036,1.0
45362,ci39127928,34.6161667,-118.6378333,2019-10-12 20:40:21.770,2.0,2.0,0.0,5.649065271130123e-07,0.998924263668384,0.0010757363316159672,1.0
45372,ci39128528,33.9653333,-116.6076667,2019-10-13 02:16:51.140,2.5,2.0,0.0,5.649065271130123e-07,0.9999584970076869,4.150299231301652e-05,1.0
45446,nc73292185,36.5655,-121.1545,2019-10-15 10:19:43.240,2.5,2.0,0.0,5.649065271130123e-07,0.9997643769330717,0.000235623066928195,1.0
45461,nc73292360,36.6455,-121.274,2019-10-15 19:42:30.540,4.7,2.0,0.0,5.649065271130123e-07,0.9995787708686175,0.00042122913138255166,1.0
45466,nc73292380,36.6545,-121.2765,2019-10-15 19:55:46.480,2.5,2.0,0.0,5.649065271130123e-07,0.9999990129764454,9.87023554627841e-07,1.0
45471,nc73292445,36.6336667,-121.2521667,2019-10-15 21:31:22.170,2.0,2.0,0.0,5.649065271130123e-07,0.9999648140303894,3.518596961058886e-05,1.0
45481,ci39134624,33.9858333,-116.8216667,2019-10-16 01:05:25.190,2.0,2.0,0.0,5.649065271130123e-07,0.9863684982504728,0.013631501749527366,1.0
45484,nc73292610,36.6555,-121.2801667,2019-10-16 02:41:09.890,2.4000000000000004,2.0,0.0,5.649065271130123e-07,0.9999940372067684,5.962793231764187e-06,1.0
45485,nc73292615,36.66,-121.2851667,2019-10-16 02:57:05.370,2.8000000000000003,2.0,0.0,5.649065271130123e-07,0.9999971803603235,2.819639676483518e-06,1.0
45497,nc73292795,36.641,-121.2601667,2019-10-16 07:53:32.260,2.0,2.0,0.0,5.649065271130123e-07,0.9999831157172021,1.6884282798010354e-05,1.0
45509,nc73292945,36.6426667,-121.2665,2019-10-16 13:09:13.520,3.3000000000000003,2.0,0.0,5.649065271130123e-07,0.9999913550367423,8.644963257799964e-06,1.0
45510,nc73292955,36.96,-121.591,2019-10-16 13:32:10.880,2.5,2.0,0.0,5.649065271130123e-07,0.9993939271505035,0.0006060728494965261,1.0
45513,nc73293005,36.9593333,-121.5883333,2019-10-16 15:14:49.720,2.0,2.0,0.0,5.649065271130123e-07,0.9999980380527818,1.9619472181445985e-06,1.0
45523,nc73293065,36.2491667,-120.8161667,2019-10-16 19:34:10.880,2.0,2.0,0.0,5.649065271130123e-07,0.9979899084866155,0.0020100915133843236,1.0
45562,nc73293465,36.639,-121.2578333,2019-10-17 14:54:55.540,3.6,2.0,0.0,5.649065271130123e-07,0.9999866927903402,1.3307209659652463e-05,1.0
45580,nc73293750,40.2071667,-124.135,2019-10-18 07:23:33.260,2.0,2.0,0.0,5.649065271130123e-07,0.85220419085642,0.14779580914357987,1.0
45585,nc73293765,40.22,-124.1235,2019-10-18 08:41:52.240,2.1,2.0,0.0,5.649065271130123e-07,0.999782209840373,0.0002177901596269177,1.0
45599,nc73293860,36.384,-120.9536667,2019-10-18 17:18:50.560,2.5,2.0,0.0,5.649065271130123e-07,0.9971135580169351,0.002886441983064911,1.0
45601,nc73293870,36.576,-121.124,2019-10-18 18:02:34.550,2.6,2.0,0.0,5.649065271130123e-07,0.9991736754080506,0.0008263245919494596,1.0
45616,ci38906511,33.8926667,-116.6305,2019-10-19 00:56:36.580,3.0,2.0,0.0,5.649065271130123e-07,0.7600034183413473,0.23999658165865279,1.0
45633,nc73294145,37.3255,-122.0705,2019-10-19 17:06:04.800,2.7,2.0,0.0,5.649065271130123e-07,0.9395920986190321,0.06040790138096783,1.0
45672,nc73294435,36.6578333,-121.2826667,2019-10-20 13:51:39.220,2.6,2.0,0.0,5.649065271130123e-07,0.9999775798710209,2.2420128979099565e-05,1.0
45673,nc73294440,36.6571667,-121.2845,2019-10-20 13:52:36.160,2.1,2.0,0.0,5.649065271130123e-07,0.9999999589727937,4.1027206297957796e-08,1.0
45682,nc73294585,36.0423333,-120.6105,2019-10-21 02:27:09.970,2.1,2.0,0.0,5.649065271130123e-07,0.9979496778173756,0.002050322182624405,1.0
45732,nc73295625,36.6438333,-121.2645,2019-10-23 01:18:26.980,2.3000000000000003,2.0,0.0,5.649065271130123e-07,0.9999809844666263,1.9015533373596815e-05,1.0
45759,nc73296235,37.638,-122.5013333,2019-10-24 14:06:19.750,2.2,2.0,0.0,5.649065271130123e-07,0.9896498386024533,0.010350161397546822,1.0
45772,nc73296385,36.6553333,-121.2813333,2019-10-24 19:03:25.030,2.2,2.0,0.0,5.649065271130123e-07,0.9999855478995694,1.4452100430786461e-05,1.0
45790,nc73296800,36.6541667,-121.278,2019-10-25 09:19:43.380,2.0,2.0,0.0,5.649065271130123e-07,0.9999909856640097,9.014335990199178e-06,1.0
45810,nc73297295,36.646,-121.2673333,2019-10-26 03:34:17.140,2.6,2.0,0.0,5.649065271130123e-07,0.9999803795924658,1.9620407534308053e-05,1.0
45829,nc73297525,36.6441667,-121.2648333,2019-10-26 18:49:28.290,2.0,2.0,0.0,5.649065271130123e-07,0.9999937835717176,6.2164282823862235e-06,1.0
45941,nc73298485,36.6615,-121.2921667,2019-10-29 09:30:48.910,2.3000000000000003,2.0,0.0,5.649065271130123e-07,0.9998821737420028,0.00011782625799716438,1.0
45942,nc73298490,36.6631667,-121.2893333,2019-10-29 09:34:12.530,3.4000000000000004,2.0,0.0,5.649065271130123e-07,0.9999997749028836,2.2509711620184593e-07,1.0
45943,nc73298495,36.6576667,-121.2876667,2019-10-29 09:42:51.730,3.1,2.0,0.0,5.649065271130123e-07,0.9999994873566729,5.126433271836874e-07,1.0
45949,nc73298555,36.6665,-121.2925,2019-10-29 15:21:16.830,3.8000000000000003,2.0,0.0,5.649065271130123e-07,0.9999954608589057,4.539141094358139e-06,1.0
45980,nc73298840,36.6621667,-121.2911667,2019-10-30 12:51:00.870,2.0,2.0,0.0,5.649065271130123e-07,0.999996794144099,3.205855901039616e-06,1.0
45984,nc73298870,36.5915,-121.189,2019-10-30 16:01:30.590,2.1,2.0,0.0,5.649065271130123e-07,0.9999404131288089,5.9586871191116055e-05,1.0
46035,nc73299555,36.2396667,-120.8151667,2019-11-01 13:01:41.710,2.4000000000000004,2.0,0.0,5.649065271130123e-07,0.9992685680615495,0.0007314319384505106,1.0
46062,nc73299875,36.5735,-121.1655,2019-11-02 12:46:42.780,2.2,2.0,0.0,5.649065271130123e-07,0.9996689684191811,0.0003310315808189867,1.0
46116,nc73300545,36.5966667,-121.2023333,2019-11-04 04:45:32.300,2.4000000000000004,2.0,0.0,5.649065271130123e-07,0.9998997298910679,0.00010027010893210828,1.0
46132,nc73300840,36.667,-121.2876667,2019-11-05 03:34:51.620,2.2,2.0,0.0,5.649065271130123e-07,0.9999761479864145,2.3852013585575625e-05,1.0
46164,nc73301175,36.6511667,-121.2665,2019-11-06 02:04:00.410,2.2,2.0,0.0,5.649065271130123e-07,0.9999419312820094,5.8068717990658844e-05,1.0
46171,ci38935183,34.2043333,-116.86,2019-11-06 07:13:35.320,2.5,2.0,0.0,5.649065271130123e-07,0.9988707595130082,0.0011292404869918528,1.0
46174,nc73301275,36.6646667,-121.2891667,2019-11-06 08:48:52.760,2.1,2.0,0.0,5.649065271130123e-07,0.9999911293386297,8.870661370357737e-06,1.0
46364,ci38235954,33.9155,-116.7265,2019-11-10 09:44:43.310,3.4000000000000004,2.0,0.0,5.649065271130123e-07,0.9907482094510385,0.009251790548961353,1.0
46365,ci38235962,33.9201667,-116.723,2019-11-10 09:46:58.820,2.1,2.0,0.0,5.649065271130123e-07,0.9999997588150544,2.4118494540849105e-07,1.0
46376,ci38236850,33.8683333,-116.1958333,2019-11-10 22:07:59.490,3.5,2.0,0.0,5.649065271130123e-07,0.963152536930529,0.03684746306947096,1.0
46380,ci38237026,33.8688333,-116.1965,2019-11-10 23:18:12.020,3.1,2.0,0.0,5.649065271130123e-07,0.9999994486159508,5.513840492525299e-07,1.0
46399,ci38238226,33.8681666666667,-116.197333333333,2019-11-11 19:21:05.340,2.1,2.0,0.0,5.649065271130123e-07,0.9999971217825319,2.8782174681417676e-06,1.0
46436,nc73302536,36.844,-121.5776667,2019-11-12 06:16:42.450,2.3000000000000003,2.0,0.0,5.649065271130123e-07,0.9992732305326514,0.0007267694673487033,1.0
46437,ci38239346,33.8705,-116.1968333,2019-11-12 06:27:58.190,2.1,2.0,0.0,5.649065271130123e-07,0.9999964088926303,3.591107369657477e-06,1.0
46471,nc73302606,39.1566667,-123.5963333,2019-11-12 10:44:01.980,3.1,2.0,0.0,5.649065271130123e-07,0.9681153482249121,0.03188465177508798,1.0
46516,nc73303086,36.8611667,-121.4058333,2019-11-13 15:45:50.670,2.3000000000000003,2.0,0.0,5.649065271130123e-07,0.9738464532585679,0.026153546741432127,1.0
46522,nc73303146,36.4956667,-121.074,2019-11-13 18:22:20.360,2.4000000000000004,2.0,0.0,5.649065271130123e-07,0.9997756955896837,0.00022430441031639128,1.0
46599,nc73304686,36.8438333,-121.569,2019-11-16 15:56:35.420,2.3000000000000003,2.0,0.0,5.649065271130123e-07,0.9997519472301479,0.00024805276985185985,1.0
46633,ci38249162,33.9561667,-117.123,2019-11-17 18:30:57.850,2.4000000000000004,2.0,0.0,5.649065271130123e-07,0.9985814832295022,0.0014185167704976582,1.0
46658,nc73305351,36.5365,-121.1236667,2019-11-18 07:41:59.760,2.0,2.0,0.0,5.649065271130123e-07,0.9996765853318422,0.00032341466815774815,1.0
46746,ci38253962,34.0051667,-116.8111667,2019-11-20 12:45:38.210,2.0,2.0,0.0,5.649065271130123e-07,0.9855551992378666,0.014444800762133432,1.0
46751,nc73306611,35.988,-120.5503333,2019-11-20 14:20:57.580,2.3000000000000003,2.0,0.0,5.649065271130123e-07,0.9968924606918512,0.003107539308148768,1.0
46827,ci39202656,34.025,-117.1818333,2019-11-23 04:38:22.840,2.5,2.0,0.0,5.649065271130123e-07,0.9847511352605995,0.015248864739400531,1.0
46846,ci39203576,34.0041667,-117.2136667,2019-11-23 18:40:44.700,2.0,2.0,0.0,5.649065271130123e-07,0.9955166291837392,0.004483370816260647,1.0
46850,nc73307986,40.244,-124.1393333,2019-11-23 21:09:05.470,2.1,2.0,0.0,5.649065271130123e-07,0.9767266605642693,0.02327333943573078,1.0
46886,ci39205392,34.1415,-116.7085,2019-11-25 01:25:37.770,2.9000000000000004,2.0,0.0,5.649065271130123e-07,0.9995723508913847,0.0004276491086152353,1.0
46888,nc73308526,36.644,-121.2663333,2019-11-25 05:52:25.330,2.3000000000000003,2.0,0.0,5.649065271130123e-07,0.999970984239697,2.9015760302968884e-05,1.0
46928,nc73309171,36.569,-121.1215,2019-11-26 17:05:32.190,2.0,2.0,0.0,5.649065271130123e-07,0.9995380413600577,0.00046195863994224047,1.0
47013,nc73309961,36.4988333,-121.0701667,2019-11-29 17:11:44.290,2.0,2.0,0.0,5.649065271130123e-07,0.9997542099624792,0.00024579003752079747,1.0
47015,nc73309966,36.5368333,-121.1258333,2019-11-29 17:51:31.740,2.2,2.0,0.0,5.649065271130123e-07,0.9999139910414552,8.60089585448178e-05,1.0
47018,ci39210696,34.151,-117.354,2019-11-29 18:01:14.920,2.0,2.0,0.0,5.649065271130123e-07,0.7782694024411784,0.22173059755882157,1.0
47046,nc73310296,37.0573333,-121.4843333,2019-11-30 10:08:16.180,2.0,2.0,0.0,5.649065271130123e-07,0.995411590956452,0.004588409043547869,1.0
47047,ci39211608,34.9658333,-119.4298333,2019-11-30 13:29:04.180,2.1,2.0,0.0,5.649065271130123e-07,0.05859374256110008,0.9414062574388999,1.0
47087,ci39213512,34.9698333,-119.4336667,2019-12-01 23:21:56.730,2.5,2.0,0.0,5.649065271130123e-07,0.9998925522847981,0.00010744771520205833,1.0
47103,ci39214056,34.0031667,-116.7963333,2019-12-02 15:33:26.360,2.1,2.0,0.0,5.649065271130123e-07,0.9976697656258265,0.0023302343741734184,1.0
47143,nc73311401,36.5621667,-121.1558333,2019-12-04 05:30:18.460,2.0,2.0,0.0,5.649065271130123e-07,0.9998022270889266,0.00019777291107343458,1.0
47151,nc73311516,36.8013333,-121.3923333,2019-12-04 13:14:53.750,2.2,2.0,0.0,5.649065271130123e-07,0.94255249390019,0.057447506099809996,1.0
47186,nc73311921,36.5883333,-121.182,2019-12-05 16:53:44.610,2.1,2.0,0.0,5.649065271130123e-07,0.99978861000026,0.0002113899997400495,1.0
47203,nc73312171,36.7588333,-121.3533333,2019-12-06 08:40:29.350,2.4000000000000004,2.0,0.0,5.649065271130123e-07,0.9986565755686289,0.0013434244313712416,1.0
47210,nc73312226,36.6918333,-121.3153333,2019-12-06 16:30:00.270,2.5,2.0,0.0,5.649065271130123e-07,0.9997599407924024,0.00024005920759746758,1.0
47238,nc73312446,39.154,-123.5985,2019-12-07 15:57:57.070,2.0,2.0,0.0,5.649065271130123e-07,0.9998178530082927,0.000182146991707222,1.0
47261,ci39221984,33.1951667,-115.609,2019-12-08 07:03:33.630,2.1,2.0,0.0,5.649065271130123e-07,0.9991340417882576,0.0008659582117423357,1.0
47269,nc73312676,35.9725,-120.5326667,2019-12-08 15:14:12.360,2.7,2.0,0.0,5.649065271130123e-07,0.9990744608933834,0.0009255391066165022,1.0
47279,ci39222864,34.145,-117.5475,2019-12-09 01:05:07.190,2.0,2.0,0.0,5.649065271130123e-07,0.7908268254962989,0.20917317450370115,1.0
47287,nc73312851,36.6441667,-121.2618333,2019-12-09 12:46:05.530,3.0,2.0,0.0,5.649065271130123e-07,0.9999533870736423,4.661292635762169e-05,1.0
47309,nc73313141,36.829,-121.5621667,2019-12-10 08:28:27.820,2.1,2.0,0.0,5.649065271130123e-07,0.999561615957788,0.00043838404221209503,1.0
47314,ci39224912,34.0141667,-116.7305,2019-12-10 16:08:10.640,2.2,2.0,0.0,5.649065271130123e-07,0.985129175628787,0.014870824371212964,1.0
47324,ci39225384,34.2875,-117.0118333,2019-12-10 21:57:58.690,2.4000000000000004,2.0,0.0,5.649065271130123e-07,0.6931995924400484,0.3068004075599517,1.0
47333,nc73313421,36.5548333,-121.148,2019-12-11 01:23:16.690,2.2,2.0,0.0,5.649065271130123e-07,0.9995333321067124,0.00046666789328764354,1.0
47335,nc73313431,36.7951667,-121.356,2019-12-11 01:57:29.680,2.1,2.0,0.0,5.649065271130123e-07,0.9796317250109828,0.02036827498901713,1.0
47350,nc73313686,36.6461667,-121.2623333,2019-12-11 20:19:43.490,2.2,2.0,0.0,5.649065271130123e-07,0.9999854088979526,1.4591102047334185e-05,1.0
47361,ci39227960,34.268,-117.453,2019-12-12 09:56:27.660,3.0,2.0,0.0,5.649065271130123e-07,0.9823186012584016,0.01768139874159847,1.0
47384,ci39229272,34.2238333,-117.4665,2019-12-13 06:49:19.080,2.2,2.0,0.0,5.649065271130123e-07,0.9959654548834133,0.004034545116586664,1.0
47440,nc73315091,40.2528333,-124.1676667,2019-12-15 20:04:58.920,2.0,2.0,0.0,5.649065271130123e-07,0.9937301170946891,0.0062698829053110024,1.0
47486,nc73315716,36.5478333,-121.0653333,2019-12-17 11:14:03.910,2.1,2.0,0.0,5.649065271130123e-07,0.9938422239125149,0.006157776087485192,1.0
47496,nc73315876,35.8058333,-120.356,2019-12-17 18:29:21.030,4.3,2.0,0.0,5.649065271130123e-07,0.992677849006315,0.00732215099368504,1.0
47533,nc73316401,36.4658333,-121.0433333,2019-12-19 04:14:22.110,2.0,2.0,0.0,5.649065271130123e-07,0.9998485977547606,0.00015140224523935026,1.0
47593,nc73317266,36.002,-120.5641667,2019-12-20 19:22:42.130,2.2,2.0,0.0,5.649065271130123e-07,0.99910883148399,0.0008911685160100119,1.0
47701,nc73318516,36.6453333,-121.2576667,2019-12-23 16:48:45.050,2.5,2.0,0.0,5.649065271130123e-07,0.999945140925709,5.4859074290917254e-05,1.0
47711,nc73318686,36.676,-121.2946667,2019-12-24 00:54:38.240,2.9000000000000004,2.0,0.0,5.649065271130123e-07,0.9998096727667207,0.00019032723327930495,1.0
47714,ci39011591,34.035,-117.2598333,2019-12-24 05:05:40.370,2.2,2.0,0.0,5.649065271130123e-07,0.9965117814304937,0.0034882185695062863,1.0
47737,nc73319141,36.4948333,-121.0726667,2019-12-24 20:59:57.330,2.1,2.0,0.0,5.649065271130123e-07,0.9998930798172745,0.00010692018272542978,1.0
47752,nc73319346,38.8883333,-123.6295,2019-12-25 09:34:28.940,2.5,2.0,0.0,5.649065271130123e-07,0.8435762146662082,0.15642378533379173,1.0
47792,nc73319991,36.6231667,-121.2326667,2019-12-26 23:01:32.080,2.2,2.0,0.0,5.649065271130123e-07,0.9998410404997837,0.0001589595002162102,1.0
47811,nc73320316,36.5443333,-121.0631667,2019-12-27 12:59:17.550,2.5,2.0,0.0,5.649065271130123e-07,0.9997352554807503,0.00026474451924961013,1.0
47834,nc73320621,36.0335,-120.6013333,2019-12-28 10:13:35.050,2.0,2.0,0.0,5.649065271130123e-07,0.9986368428576,0.001363157142399922,1.0
47879,nc73321206,40.246,-124.1461667,2019-12-29 23:15:01.770,2.0,2.0,0.0,5.649065271130123e-07,0.9986337687251828,0.0013662312748171255,1.0
47884,nc73321286,36.653,-121.2746667,2019-12-30 04:16:40.120,2.6,2.0,0.0,5.649065271130123e-07,0.9999373323281596,6.266767184019386e-05,1.0
47919,ci39018447,34.9428333,-119.0375,2019-12-31 08:04:45.970,2.0,2.0,0.0,5.649065271130123e-07,0.6774217736877963,0.3225782263122036,1.0
47929,nc73321901,36.4503333,-121.0401667,2019-12-31 20:30:27.030,2.4000000000000004,2.0,0.0,5.649065271130123e-07,0.9966932885263449,0.003306711473655056,1.0
47984,nc73322801,36.5171667,-121.1008333,2020-01-02 16:34:00.270,2.5,2.0,0.0,5.649065271130123e-07,0.9989263690310543,0.0010736309689458256,1.0
48003,nc73323081,36.6788333,-121.304,2020-01-03 06:13:40.810,2.3000000000000003,2.0,0.0,5.649065271130123e-07,0.9999195718694998,8.042813050029449e-05,1.0
48005,nc73323091,36.6798333,-121.3051667,2020-01-03 07:18:48.280,2.2,2.0,0.0,5.649065271130123e-07,0.9999989445186451,1.055481354846784e-06,1.0
48008,nc73323121,36.01,-120.5806667,2020-01-03 09:53:44.440,2.0,2.0,0.0,5.649065271130123e-07,0.9990577662054678,0.0009422337945322382,1.0
48016,nc73323271,36.2486667,-120.8206667,2020-01-03 16:40:15.900,3.3000000000000003,2.0,0.0,5.649065271130123e-07,0.9991610687497864,0.0008389312502135654,1.0
48048,nc73323796,36.5848333,-121.1785,2020-01-05 03:27:52.520,2.0,2.0,0.0,5.649065271130123e-07,0.9998194313430264,0.00018056865697356052,1.0
48069,nc73324201,36.246,-120.8236667,2020-01-06 02:13:33.830,2.6,2.0,0.0,5.649065271130123e-07,0.9999688176763863,3.1182323613724204e-05,1.0
48077,nc73324311,36.9616667,-121.5908333,2020-01-06 09:37:46.170,3.0,2.0,0.0,5.649065271130123e-07,0.9997913095030426,0.00020869049695727084,1.0
48082,nc73324366,36.9603333,-121.5898333,2020-01-06 13:36:45.750,2.7,2.0,0.0,5.649065271130123e-07,0.9999978748959717,2.125104028351349e-06,1.0
48085,nc73324391,36.6341667,-121.2528333,2020-01-06 15:10:10.840,2.7,2.0,0.0,5.649065271130123e-07,0.9998943160564189,0.00010568394358110454,1.0
48094,nc73324496,36.8441667,-121.5771667,2020-01-06 23:03:01.010,2.6,2.0,0.0,5.649065271130123e-07,0.9998509161173941,0.00014908388260583702,1.0
48095,nc73324501,36.8418333,-121.5741667,2020-01-06 23:04:08.670,2.4000000000000004,2.0,0.0,5.649065271130123e-07,0.9999998956049762,1.0439502388941314e-07,1.0
48105,nc73324671,36.8413333,-121.5793333,2020-01-07 10:24:35.880,2.8000000000000003,2.0,0.0,5.649065271130123e-07,0.9999916977535377,8.302246462195641e-06,1.0
48106,nc73324681,36.842,-121.5775,2020-01-07 10:28:23.890,3.0,2.0,0.0,5.649065271130123e-07,0.9999998979326129,1.020673871033847e-07,1.0
48114,nc73324811,36.8383333,-121.5691667,2020-01-07 20:07:08.540,2.9000000000000004,2.0,0.0,5.649065271130123e-07,0.9999827731649376,1.7226835062506615e-05,1.0
48127,nc73325141,36.9573333,-121.5753333,2020-01-08 09:46:40.850,2.7,2.0,0.0,5.649065271130123e-07,0.9997246442586759,0.0002753557413240529,1.0
48205,ci39031903,34.082,-117.298,2020-01-10 23:30:52.490,2.4000000000000004,2.0,0.0,5.649065271130123e-07,0.99397484089754,0.0060251591024602005,1.0
48235,ci39033159,34.3855,-117.6155,2020-01-12 08:09:53.750,2.9000000000000004,2.0,0.0,5.649065271130123e-07,0.15280575482610143,0.8471942451738985,1.0
48252,nc73326836,36.4343333,-121.0043333,2020-01-12 23:43:10.540,2.0,2.0,0.0,5.649065271130123e-07,0.9957805607217534,0.00421943927824668,1.0
48261,nc73326936,36.8761667,-121.61,2020-01-13 10:58:20.600,3.2,2.0,0.0,5.649065271130123e-07,0.9994313396642873,0.000568660335712717,1.0
48265,nc73326956,35.967,-120.5233333,2020-01-13 13:13:58.300,2.3000000000000003,2.0,0.0,5.649065271130123e-07,0.9997727126978597,0.0002272873021401786,1.0
48285,nc73327241,37.299,-122.1011667,2020-01-14 04:00:20.520,2.0,2.0,0.0,5.649065271130123e-07,0.9190896002084861,0.0809103997915138,1.0
48300,nc73327466,36.6388333,-121.247,2020-01-14 15:11:44.700,2.2,2.0,0.0,5.649065271130123e-07,0.9998091856313583,0.00019081436864156482,1.0
48348,nc73328171,36.6415,-121.1048333,2020-01-16 19:39:53.120,2.1,2.0,0.0,5.649065271130123e-07,0.8860759760714448,0.11392402392855536,1.0
48350,nc73328206,36.7016667,-121.3658333,2020-01-16 20:27:31.770,2.3000000000000003,2.0,0.0,5.649065271130123e-07,0.9852544669701822,0.01474553302981795,1.0
48383,nc73328786,36.6958333,-121.3283333,2020-01-18 10:47:17.070,2.0,2.0,0.0,5.649065271130123e-07,0.9997632235687659,0.0002367764312339524,1.0
48394,nc73329091,36.9778333,-121.4588333,2020-01-19 04:09:38.150,2.2,2.0,0.0,5.649065271130123e-07,0.9974376587562462,0.0025623412437538215,1.0
48404,nc73329266,36.6775,-121.2981667,2020-01-19 12:11:09.220,2.2,2.0,0.0,5.649065271130123e-07,0.9999276665981766,7.233340182346578e-05,1.0
48470,ci39277864,34.3856667,-117.6155,2020-01-22 10:26:38.450,2.4000000000000004,2.0,0.0,5.649065271130123e-07,0.9999610383739372,3.8961626062681544e-05,1.0
48471,nc73330441,36.5448333,-121.1378333,2020-01-22 12:02:14.680,2.7,2.0,0.0,5.649065271130123e-07,0.9995803606894255,0.0004196393105746547,1.0
48516,nc73331056,36.6343333,-121.2533333,2020-01-24 06:50:06.750,2.3000000000000003,2.0,0.0,5.649065271130123e-07,0.9999593072576908,4.069274230911032e-05,1.0
48591,nc73332191,36.9636667,-121.5956667,2020-01-27 01:02:06.240,2.1,2.0,0.0,5.649065271130123e-07,0.9998325454365736,0.00016745456342643646,1.0
48610,ci39283568,33.9633333,-116.9366667,2020-01-27 14:13:23.960,2.0,2.0,0.0,5.649065271130123e-07,0.983488070515108,0.016511929484892093,1.0
48621,ci39284248,34.1573333,-117.4385,2020-01-27 22:41:55.490,2.0,2.0,0.0,5.649065271130123e-07,0.917491210082893,0.08250878991710701,1.0
48667,nc73333311,36.9325,-121.662,2020-01-29 14:11:04.080,2.3000000000000003,2.0,0.0,5.649065271130123e-07,0.9957522367022617,0.004247763297738295,1.0
48668,nc73333331,36.5996667,-121.2033333,2020-01-29 15:36:08.530,2.5,2.0,0.0,5.649065271130123e-07,0.999898747596702,0.00010125240329799623,1.0
48671,ci39286000,34.0,-116.4466667,2020-01-29 17:33:47.010,2.5,2.0,0.0,5.649065271130123e-07,0.8426752935863527,0.15732470641364724,1.0
48692,nc73333736,36.6991667,-121.3335,2020-01-30 14:43:53.280,2.4000000000000004,2.0,0.0,5.649065271130123e-07,0.9996630158017197,0.00033698419828035695,1.0
48698,nc73333836,36.7001667,-121.3308333,2020-01-30 17:07:34.940,2.8000000000000003,2.0,0.0,5.649065271130123e-07,0.9999971370397055,2.8629602944529938e-06,1.0
48720,nc73334056,37.249,-122.1578333,2020-01-31 11:13:51.030,2.6,2.0,0.0,5.649065271130123e-07,0.7681396878036928,0.2318603121963072,1.0
48770,ci39290184,33.9311667,-116.628,2020-02-02 14:59:10.000,2.3000000000000003,2.0,0.0,5.649065271130123e-07,0.8840838734158439,0.11591612658415616,1.0
48852,ci39292456,34.064,-117.3105,2020-02-05 06:24:52.550,2.0,2.0,0.0,5.649065271130123e-07,0.9822050131068951,0.017794986893104915,1.0
48869,nc73336196,36.0321667,-120.595,2020-02-06 07:56:16.720,2.4000000000000004,2.0,0.0,5.649065271130123e-07,0.9995181600136113,0.0004818399863888266,1.0
48891,nc73336691,39.0295,-123.6896667,2020-02-07 02:46:47.060,2.3000000000000003,2.0,0.0,5.649065271130123e-07,0.081508275204377,0.918491724795623,1.0
48893,nc73336701,39.0186667,-123.7005,2020-02-07 02:50:59.510,2.2,2.0,0.0,5.649065271130123e-07,0.9999879362039188,1.2063796081293118e-05,1.0
48979,nc73339875,36.7176667,-121.3618333,2020-02-11 23:26:17.650,2.1,2.0,0.0,5.649065271130123e-07,0.9985206940849658,0.0014793059150342309,1.0
48994,nc73340185,36.572,-121.1616667,2020-02-12 18:58:33.260,2.0,2.0,0.0,5.649065271130123e-07,0.9996518206025432,0.0003481793974568203,1.0
49001,nc73340375,36.6888333,-121.2826667,2020-02-13 03:33:42.050,3.6,2.0,0.0,5.649065271130123e-07,0.9986182132224763,0.001381786777523665,1.0
49026,nc73340820,36.5475,-121.1376667,2020-02-14 00:16:34.870,2.1,2.0,0.0,5.649065271130123e-07,0.9998796937660518,0.00012030623394824402,1.0
49028,nc73340870,36.6901667,-121.2901667,2020-02-14 02:58:50.230,2.1,2.0,0.0,5.649065271130123e-07,0.9999665276963975,3.347230360260184e-05,1.0
49050,nc73341180,35.9416667,-120.4873333,2020-02-15 00:28:39.050,2.5,2.0,0.0,5.649065271130123e-07,0.9958249717755527,0.004175028224447131,1.0
49051,nc73341190,35.9408333,-120.4866667,2020-02-15 01:08:00.320,2.9000000000000004,2.0,0.0,5.649065271130123e-07,0.9999994199019175,5.800980824161118e-07,1.0
49058,nc73341310,36.6878333,-121.2878333,2020-02-15 09:32:03.830,2.8000000000000003,2.0,0.0,5.649065271130123e-07,0.9999837603603701,1.6239639629810497e-05,1.0
49072,ci39073119,34.1641667,-117.7306667,2020-02-16 01:41:33.420,2.1,2.0,0.0,5.649065271130123e-07,0.027490195024344185,0.9725098049756559,1.0
49096,nc73342005,39.019,-123.7055,2020-02-16 23:09:31.970,2.6,2.0,0.0,5.649065271130123e-07,0.9997607570737996,0.00023924292620039435,1.0
49105,nc73342135,36.5051667,-120.9168333,2020-02-17 07:27:56.600,2.3000000000000003,2.0,0.0,5.649065271130123e-07,0.3271465618816275,0.6728534381183725,1.0
49127,nc73342745,36.5376667,-121.1251667,2020-02-18 13:24:06.710,2.0,2.0,0.0,5.649065271130123e-07,0.9998637061783052,0.00013629382169488198,1.0
49164,ci39077671,33.9121667,-116.7101667,2020-02-20 01:38:00.580,2.1,2.0,0.0,5.649065271130123e-07,0.9911767370669026,0.008823262933097431,1.0
49166,nc73343545,36.6375,-121.1331667,2020-02-20 02:19:08.990,2.6,2.0,0.0,5.649065271130123e-07,0.9797201455810993,0.020279854418900723,1.0
49175,ci39077975,34.1015,-116.9268333,2020-02-20 10:45:54.420,2.2,2.0,0.0,5.649065271130123e-07,0.9992976114108408,0.0007023885891591556,1.0
49188,nc73343940,36.762,-121.2751667,2020-02-20 21:32:46.500,2.1,2.0,0.0,5.649065271130123e-07,0.9731268631132335,0.026873136886766333,1.0
49232,nc73344795,36.5861667,-121.1831667,2020-02-22 21:55:51.890,2.5,2.0,0.0,5.649065271130123e-07,0.9998406424857341,0.00015935751426580455,1.0
49252,nc73345155,36.7145,-121.343,2020-02-23 22:40:42.460,2.4000000000000004,2.0,0.0,5.649065271130123e-07,0.9987447552463151,0.001255244753684853,1.0
49333,ci39085159,34.1543333,-116.4273333,2020-02-27 11:49:49.250,2.5,2.0,0.0,5.649065271130123e-07,0.930063987232452,0.069936012767548,1.0
49344,nc73347085,36.6215,-121.2286667,2020-02-27 21:09:07.400,2.1,2.0,0.0,5.649065271130123e-07,0.9998902765515656,0.00010972344843454664,1.0
49354,nc73347425,40.1353333,-123.8616667,2020-02-28 00:22:09.600,2.2,2.0,0.0,5.649065271130123e-07,0.47293910447417953,0.5270608955258204,1.0
49381,nc73347970,36.6963333,-121.3361667,2020-02-29 05:07:35.520,2.1,2.0,0.0,5.649065271130123e-07,0.9998113605701281,0.0001886394298719029,1.0
49400,nc73348345,36.2351667,-120.8123333,2020-02-29 22:20:07.430,2.4000000000000004,2.0,0.0,5.649065271130123e-07,0.9993538384010002,0.0006461615989998255,1.0
49424,nc73348770,36.8421667,-121.574,2020-03-01 23:27:32.760,2.0,2.0,0.0,5.649065271130123e-07,0.9999355041283834,6.449587161664123e-05,1.0
49428,ci39088447,33.6883333,-116.0261667,2020-03-02 04:43:32.980,2.4000000000000004,2.0,0.0,5.649065271130123e-07,0.24787312551927204,0.7521268744807279,1.0
49442,nc73349005,36.5436667,-121.1306667,2020-03-02 15:56:47.800,2.9000000000000004,2.0,0.0,5.649065271130123e-07,0.9997710990560649,0.00022890094393502013,1.0
49443,nc73349010,36.5456667,-121.1366667,2020-03-02 16:04:52.910,2.0,2.0,0.0,5.649065271130123e-07,0.9999991558717867,8.441282134488872e-07,1.0
49569,ci38384698,33.829,-116.1745,2020-03-06 03:01:06.830,2.2,2.0,0.0,5.649065271130123e-07,0.8738585719618425,0.12614142803815756,1.0
49574,nc73350285,36.6166667,-121.2226667,2020-03-06 04:54:03.030,2.1,2.0,0.0,5.649065271130123e-07,0.9998290250087595,0.00017097499124042392,1.0
49579,nc73350455,36.6056667,-121.2106667,2020-03-06 14:32:53.270,2.8000000000000003,2.0,0.0,5.649065271130123e-07,0.9997902139334492,0.00020978606655058,1.0
49582,nc73350490,36.6068333,-121.2118333,2020-03-06 15:39:00.020,2.4000000000000004,2.0,0.0,5.649065271130123e-07,0.9999991251545189,8.748454811142157e-07,1.0
49593,nc73350680,36.6066667,-121.2098333,2020-03-07 02:19:42.700,2.1,2.0,0.0,5.649065271130123e-07,0.9999972711017688,2.7288982312420412e-06,1.0
49599,nc73350815,36.4528333,-121.0348333,2020-03-07 08:25:30.740,2.0,2.0,0.0,5.649065271130123e-07,0.9990266824953653,0.0009733175046347117,1.0
49610,ci38386874,33.7821667,-116.1526667,2020-03-07 19:31:23.850,2.3000000000000003,2.0,0.0,5.649065271130123e-07,0.992003157469228,0.007996842530772177,1.0
49611,ci38386898,33.7798333,-116.1523333,2020-03-07 20:03:01.650,2.0,2.0,0.0,5.649065271130123e-07,0.9999990334766711,9.665233288234908e-07,1.0
49651,nc73351785,38.8393333,-123.5931667,2020-03-09 05:26:34.390,2.4000000000000004,2.0,0.0,5.649065271130123e-07,0.5860447118484262,0.4139552881515737,1.0
49658,nc73351955,36.605,-121.2143333,2020-03-09 13:19:18.810,2.5,2.0,0.0,5.649065271130123e-07,0.9999834780311291,1.652196887091971e-05,1.0
49660,nc73352025,36.6018333,-121.2058333,2020-03-09 16:26:52.050,2.4000000000000004,2.0,0.0,5.649065271130123e-07,0.9999820570870795,1.7942912920426163e-05,1.0
49699,nc73352630,36.6066667,-121.2088333,2020-03-11 01:29:49.790,2.5,2.0,0.0,5.649065271130123e-07,0.999991171036991,8.828963008981829e-06,1.0
49708,ci38390602,34.1098333,-117.302,2020-03-11 06:48:37.260,2.0,2.0,0.0,5.649065271130123e-07,0.9920610708386783,0.007938929161321759,1.0
49749,nc73353480,36.0493333,-120.6183333,2020-03-13 12:56:02.600,2.0,2.0,0.0,5.649065271130123e-07,0.9979333866910156,0.00206661330898431,1.0
49786,ci38393866,33.9946667,-116.6506667,2020-03-14 13:09:09.960,2.4000000000000004,2.0,0.0,5.649065271130123e-07,0.9835515146181227,0.01644848538187717,1.0
49801,ci38394258,33.9161667,-116.3176667,2020-03-14 22:05:36.450,2.2,2.0,0.0,5.649065271130123e-07,0.9958296210305488,0.004170378969450965,1.0
49849,ci38395914,34.2871667,-117.0108333,2020-03-16 21:59:40.640,2.1,2.0,0.0,5.649065271130123e-07,0.9996769290430195,0.0003230709569806372,1.0
49866,nc73354965,36.6186667,-121.2261667,2020-03-17 10:04:16.070,2.2,2.0,0.0,5.649065271130123e-07,0.9999312316535023,6.876834649765982e-05,1.0
49878,nc73355200,36.5673333,-121.1586667,2020-03-17 21:37:03.930,2.6,2.0,0.0,5.649065271130123e-07,0.9998106713239171,0.00018932867608288363,1.0
49884,nc73355340,37.3726667,-122.2686667,2020-03-18 02:01:22.270,2.0,2.0,0.0,5.649065271130123e-07,0.09434951579019117,0.9056504842098089,1.0
49891,nc73355415,36.7993333,-121.5331667,2020-03-18 05:05:52.670,2.6,2.0,0.0,5.649065271130123e-07,0.9943916792382275,0.005608320761772569,1.0
49892,nc73355420,36.8001667,-121.5351667,2020-03-18 05:14:41.920,2.1,2.0,0.0,5.649065271130123e-07,0.9999997623840207,2.376159792847042e-07,1.0
49893,nc73355425,36.7983333,-121.5375,2020-03-18 05:18:15.680,2.1,2.0,0.0,5.649065271130123e-07,0.9999998189731099,1.810268900530791e-07,1.0
49903,ci39106495,34.1136667,-116.397,2020-03-18 15:51:45.010,2.0,2.0,0.0,5.649065271130123e-07,0.9822159167591809,0.017784083240819197,1.0
49905,nc73355660,36.6568333,-121.281,2020-03-18 20:11:05.120,2.5,2.0,0.0,5.649065271130123e-07,0.9999256820010343,7.431799896578039e-05,1.0
49992,nc73356660,36.302,-120.7883333,2020-03-21 02:38:51.260,2.0,2.0,0.0,5.649065271130123e-07,0.9783947782465199,0.0216052217534801,1.0
50014,nc73357095,35.8558333,-120.3946667,2020-03-21 23:46:55.940,2.9000000000000004,2.0,0.0,5.649065271130123e-07,0.9966678571077341,0.0033321428922658413,1.0
50015,nc73357090,35.8553333,-120.3953333,2020-03-21 23:47:37.600,2.2,2.0,0.0,5.649065271130123e-07,0.9999999782160546,2.178394536705962e-08,1.0
50060,nc73357940,36.5883333,-121.1885,2020-03-23 22:28:55.100,2.2,2.0,0.0,5.649065271130123e-07,0.9998734084542403,0.00012659154575978115,1.0
50104,nc73358555,36.638,-121.2541667,2020-03-24 19:26:53.640,2.3000000000000003,2.0,0.0,5.649065271130123e-07,0.9999007697324799,9.923026752016703e-05,1.0
50170,nc73360150,36.6396667,-121.2543333,2020-03-27 07:23:31.060,2.4000000000000004,2.0,0.0,5.649065271130123e-07,0.9999788758731826,2.1124126817500162e-05,1.0
50222,nc73361175,36.706,-121.3581667,2020-03-29 06:48:16.890,2.2,2.0,0.0,5.649065271130123e-07,0.9978906796133152,0.0021093203866845195,1.0
50224,ci39120007,34.049,-116.9726667,2020-03-29 08:04:18.920,2.4000000000000004,2.0,0.0,5.649065271130123e-07,0.9182125550129527,0.08178744498704735,1.0
50247,nc73361945,36.6516667,-121.2763333,2020-03-31 00:06:56.090,2.0,2.0,0.0,5.649065271130123e-07,0.9999220569863176,7.794301368241604e-05,1.0
50387,ci39127087,34.2926667,-117.0743333,2020-04-04 03:10:47.370,2.1,2.0,0.0,5.649065271130123e-07,0.8724385184382599,0.12756148156174002,1.0
50439,nc73363740,36.9398333,-121.5496667,2020-04-04 16:02:49.440,2.2,2.0,0.0,5.649065271130123e-07,0.9669051753022831,0.03309482469771685,1.0
50446,nc73363775,36.5128333,-121.0963333,2020-04-04 17:45:32.980,2.6,2.0,0.0,5.649065271130123e-07,0.999232520135833,0.0007674798641669693,1.0
50526,nc73364640,38.9043333,-123.3715,2020-04-06 05:55:04.150,2.1,2.0,0.0,5.649065271130123e-07,0.04003242457189602,0.9599675754281038,1.0
50541,ci39138119,33.577,-115.9081667,2020-04-06 15:58:14.840,3.5,2.0,0.0,5.649065271130123e-07,0.5553180811839916,0.4446819188160083,1.0
50556,nc73365005,36.8925,-121.6201667,2020-04-06 23:17:23.170,2.8000000000000003,2.0,0.0,5.649065271130123e-07,0.9952093038776436,0.00479069612235635,1.0
50582,nc73365430,36.7726667,-121.4983333,2020-04-07 21:26:06.550,3.0,2.0,0.0,5.649065271130123e-07,0.9960775989376912,0.0039224010623087205,1.0
50613,nc73365745,36.4955,-121.0766667,2020-04-08 08:26:23.600,2.1,2.0,0.0,5.649065271130123e-07,0.9998011684175272,0.00019883158247278927,1.0
50925,nc73369110,36.2271667,-120.799,2020-04-12 20:59:28.190,2.2,2.0,0.0,5.649065271130123e-07,0.9992632858384479,0.0007367141615520965,1.0
51019,nc73370000,36.6081667,-121.2178333,2020-04-13 21:23:32.080,2.2,2.0,0.0,5.649065271130123e-07,0.9998492986485079,0.00015070135149203258,1.0
51049,nc73370430,36.5631667,-121.0641667,2020-04-14 12:37:35.120,2.6,2.0,0.0,5.649065271130123e-07,0.998782477208966,0.0012175227910340583,1.0
51073,nc73370780,36.2058333,-120.6941667,2020-04-15 02:06:26.660,2.1,2.0,0.0,5.649065271130123e-07,0.5046238649067547,0.4953761350932453,1.0
51152,ci39392072,34.0183333,-117.219,2020-04-16 18:30:54.970,2.3000000000000003,2.0,0.0,5.649065271130123e-07,0.9995381836643205,0.00046181633567962937,1.0
51188,nc73372115,36.5826667,-121.1775,2020-04-17 13:11:28.660,2.0,2.0,0.0,5.649065271130123e-07,0.9998754008830684,0.00012459911693179384,1.0
51225,nc73372505,35.9611667,-120.5126667,2020-04-18 11:50:45.020,2.2,2.0,0.0,5.649065271130123e-07,0.9974309375752544,0.0025690624247456015,1.0
51295,ci39397008,34.038,-116.3691667,2020-04-20 02:20:23.260,2.3000000000000003,2.0,0.0,5.649065271130123e-07,0.6172016611033633,0.3827983388966367,1.0
51300,ci39397080,34.9825,-119.1356667,2020-04-20 04:16:19.530,2.1,2.0,0.0,5.649065271130123e-07,0.9868572296688672,0.013142770331132926,1.0
51321,nc73373850,36.8358333,-121.497,2020-04-20 14:15:18.980,2.3000000000000003,2.0,0.0,5.649065271130123e-07,0.9454501923273226,0.05454980767267735,1.0
51439,nc73375395,36.47,-121.0546667,2020-04-23 15:42:08.400,2.2,2.0,0.0,5.649065271130123e-07,0.9993976751676094,0.0006023248323905477,1.0
51440,nc73375400,36.4685,-121.0621667,2020-04-23 15:47:56.340,2.0,2.0,0.0,5.649065271130123e-07,0.9999981497069005,1.8502930994094711e-06,1.0
51442,nc73375410,36.4641667,-121.0656667,2020-04-23 16:02:53.110,2.1,2.0,0.0,5.649065271130123e-07,0.9999974705282226,2.529471777382741e-06,1.0
51598,ci38473266,33.9793333,-116.2951667,2020-04-29 17:32:01.410,2.1,2.0,0.0,5.649065271130123e-07,0.908337731274617,0.09166226872538306,1.0
51608,nc73378360,36.9615,-121.4513333,2020-04-30 00:57:17.140,2.0,2.0,0.0,5.649065271130123e-07,0.9925235013296961,0.007476498670303961,1.0
51709,ci38478306,33.932,-117.1046667,2020-05-03 19:17:33.270,2.5,2.0,0.0,5.649065271130123e-07,0.756077937255226,0.24392206274477393,1.0
51735,nc73380150,36.7521667,-121.5876667,2020-05-04 16:46:47.220,2.9000000000000004,2.0,0.0,5.649065271130123e-07,0.7707092322848876,0.22929076771511242,1.0
51773,nc73380790,36.0201667,-120.581,2020-05-06 05:54:12.930,2.8000000000000003,2.0,0.0,5.649065271130123e-07,0.9988667937225781,0.0011332062774216953,1.0
51792,ci37271492,33.2795,-115.5318333,2020-05-06 10:20:55.340,2.3000000000000003,2.0,0.0,5.649065271130123e-07,0.08414372630232572,0.9158562736976743,1.0
51798,ci38482474,33.194,-115.6148333,2020-05-06 13:32:19.850,2.0,2.0,0.0,5.649065271130123e-07,0.9971854556426125,0.002814544357387427,1.0
51801,nc73381040,36.3313333,-120.7806667,2020-05-06 14:38:08.520,2.4000000000000004,2.0,0.0,5.649065271130123e-07,0.825761216401736,0.174238783598264,1.0
51830,ci38484250,34.6178333,-118.6411667,2020-05-07 18:36:51.970,2.2,2.0,0.0,5.649065271130123e-07,0.998202271000387,0.001797728999613038,1.0
51844,nc73381585,36.0003333,-120.563,2020-05-07 23:49:11.820,2.8000000000000003,2.0,0.0,5.649065271130123e-07,0.9995423076720873,0.000457692327912862,1.0
51853,nc73381760,35.996,-120.5651667,2020-05-08 07:48:15.200,2.3000000000000003,2.0,0.0,5.649065271130123e-07,0.9999837653764749,1.6234623525046693e-05,1.0
51877,nc73382115,36.1915,-120.769,2020-05-09 00:55:37.360,2.3000000000000003,2.0,0.0,5.649065271130123e-07,0.9966044885239045,0.0033955114760954117,1.0
51900,nc73382760,36.6803333,-121.3063333,2020-05-10 00:52:55.480,2.3000000000000003,2.0,0.0,5.649065271130123e-07,0.999891754616549,0.00010824538345109796,1.0
51914,ci38488298,33.9773333,-116.3,2020-05-10 20:48:26.760,2.6,2.0,0.0,5.649065271130123e-07,0.999609784017064,0.00039021598293608524,1.0
51934,nc73383305,36.4036667,-120.9768333,2020-05-11 01:14:54.980,2.0,2.0,0.0,5.649065271130123e-07,0.9968542956294782,0.0031457043705217817,1.0
51965,nc73383465,35.9986667,-120.5543333,2020-05-11 12:09:15.580,2.0,2.0,0.0,5.649065271130123e-07,0.9998282425321159,0.0001717574678840862,1.0
51977,ci38490018,34.2648333,-117.1776667,2020-05-11 19:58:58.200,2.5,2.0,0.0,5.649065271130123e-07,0.8961782930568384,0.10382170694316174,1.0
52031,nc73384290,36.5796667,-121.088,2020-05-13 08:41:54.040,2.0,2.0,0.0,5.649065271130123e-07,0.9959291039920022,0.004070896007997696,1.0
52050,nc73384620,36.5831667,-121.1785,2020-05-14 05:50:59.250,2.4000000000000004,2.0,0.0,5.649065271130123e-07,0.9999293043822538,7.06956177461786e-05,1.0
52363,nc73387065,36.7626667,-121.2776667,2020-05-16 01:39:56.130,2.0,2.0,0.0,5.649065271130123e-07,0.9994427867457053,0.0005572132542947967,1.0
52647,nc73388380,36.6841667,-121.3125,2020-05-16 16:38:34.920,3.2,2.0,0.0,5.649065271130123e-07,0.9998600192448389,0.0001399807551611351,1.0
53017,nc73389810,35.9941667,-120.561,2020-05-17 17:36:39.200,3.2,2.0,0.0,5.649065271130123e-07,0.9998841916143486,0.0001158083856515858,1.0
53085,ci39205279,33.9773333,-116.298,2020-05-17 23:49:36.210,2.6,2.0,0.0,5.649065271130123e-07,0.9999585276052219,4.147239477810309e-05,1.0
53172,ci39205535,34.1185,-117.4725,2020-05-18 06:27:28.750,2.0,2.0,0.0,5.649065271130123e-07,0.9986704747499422,0.0013295252500577458,1.0
53356,nc73389601,36.4175,-121.0055,2020-05-18 23:22:42.630,2.5,2.0,0.0,5.649065271130123e-07,0.9866310737184096,0.013368926281590468,1.0
53436,nc73389881,36.5823333,-121.1766667,2020-05-19 06:32:43.790,2.1,2.0,0.0,5.649065271130123e-07,0.9999731279647028,2.6872035297236416e-05,1.0
53549,nc73390291,36.361,-120.9183333,2020-05-19 15:43:31.360,2.4000000000000004,2.0,0.0,5.649065271130123e-07,0.9363709531868508,0.06362904681314926,1.0
54194,ci39210519,33.9761667,-116.2983333,2020-05-21 22:07:02.840,2.4000000000000004,2.0,0.0,5.649065271130123e-07,0.999981433814677,1.8566185323053705e-05,1.0
54351,nc73393171,36.581,-121.1781667,2020-05-22 11:46:21.230,2.7,2.0,0.0,5.649065271130123e-07,0.9999802428490723,1.9757150927758624e-05,1.0
54352,nc73393176,36.5763333,-121.1766667,2020-05-22 11:46:41.830,2.5,2.0,0.0,5.649065271130123e-07,0.999999918415016,8.158498414411867e-08,1.0
54353,nc73393186,36.577,-121.1775,2020-05-22 11:48:25.460,2.0,2.0,0.0,5.649065271130123e-07,0.9999999572874549,4.271254514322856e-08,1.0
54457,nc73393546,36.6183333,-121.1613333,2020-05-22 21:43:45.030,2.0,2.0,0.0,5.649065271130123e-07,0.9991704103780016,0.0008295896219984879,1.0
54496,nc73393661,36.6233333,-121.1645,2020-05-23 00:38:06.910,2.1,2.0,0.0,5.649065271130123e-07,0.9999773962016659,2.2603798334079332e-05,1.0
54498,nc73393686,36.6168333,-121.16,2020-05-23 00:55:15.990,2.3000000000000003,2.0,0.0,5.649065271130123e-07,0.9999976094091609,2.3905908391823255e-06,1.0
54821,nc73395176,36.5811667,-121.1765,2020-05-24 15:41:11.640,2.3000000000000003,2.0,0.0,5.649065271130123e-07,0.9999919258000717,8.074199928377611e-06,1.0
54881,nc73395411,36.5843333,-121.18,2020-05-25 00:10:19.620,2.1,2.0,0.0,5.649065271130123e-07,0.9999901044060824,9.895593917681119e-06,1.0
54988,nc73395891,36.8243333,-121.2883333,2020-05-25 15:27:23.760,3.1,2.0,0.0,5.649065271130123e-07,0.8362506912857018,0.1637493087142981,1.0
55023,nc73396016,36.1876667,-120.764,2020-05-25 19:37:14.420,2.2,2.0,0.0,5.649065271130123e-07,0.9994000302133681,0.0005999697866318114,1.0
55190,nn00735632,34.5718,-118.4839,2020-05-26 18:59:48.657,2.3000000000000003,2.0,0.0,5.649065271130123e-07,0.00967592914785207,0.9903240708521479,1.0
55211,ci39218535,34.0363333,-117.2505,2020-05-26 21:33:52.960,2.3000000000000003,2.0,0.0,5.649065271130123e-07,0.998156698959069,0.0018433010409309501,1.0
55221,ci39218679,34.2223333,-117.5731667,2020-05-26 23:30:26.220,2.3000000000000003,2.0,0.0,5.649065271130123e-07,0.9755277982796635,0.024472201720336567,1.0
55285,nc73396951,40.2265,-124.1795,2020-05-27 07:53:34.590,2.3000000000000003,2.0,0.0,5.649065271130123e-07,0.9940835883832428,0.005916411616757251,1.0
55291,nc73396966,40.2355,-124.1761667,2020-05-27 08:07:32.140,2.0,2.0,0.0,5.649065271130123e-07,0.9999901529438097,9.847056190377066e-06,1.0
55342,nc73397161,36.8876667,-121.6213333,2020-05-27 17:02:01.810,3.2,2.0,0.0,5.649065271130123e-07,0.9992817933591662,0.0007182066408337538,1.0
55343,nc73397156,36.886,-121.6148333,2020-05-27 17:03:00.510,2.1,2.0,0.0,5.649065271130123e-07,0.9999998497630328,1.5023696710603914e-07,1.0
55422,ci39220191,34.3078333,-117.1235,2020-05-28 04:46:25.480,2.3000000000000003,2.0,0.0,5.649065271130123e-07,0.7580088243444185,0.24199117565558156,1.0
55436,nc73397536,36.8861667,-121.6261667,2020-05-28 06:09:07.520,2.2,2.0,0.0,5.649065271130123e-07,0.9999869211258305,1.3078874169422141e-05,1.0
55529,nc73397916,36.6403333,-121.2631667,2020-05-28 19:19:13.100,3.5,2.0,0.0,5.649065271130123e-07,0.9998782209019622,0.00012177909803790474,1.0
55624,nc73398331,36.851,-121.5975,2020-05-29 11:22:31.120,2.3000000000000003,2.0,0.0,5.649065271130123e-07,0.9976347330461786,0.002365266953821396,1.0
55660,nc73398566,36.7263333,-121.3803333,2020-05-29 19:04:12.430,2.0,2.0,0.0,5.649065271130123e-07,0.9958436632641047,0.004156336735895266,1.0
55754,ci39223119,35.5115,-119.7576667,2020-05-30 10:42:26.360,2.3000000000000003,2.0,0.0,5.649065271130123e-07,0.006329881440027062,0.9936701185599729,1.0
55769,ci39223191,35.5141667,-119.7745,2020-05-30 11:59:14.850,2.1,2.0,0.0,5.649065271130123e-07,0.9998843593026094,0.00011564069739058225,1.0
55780,nc73399136,36.8551667,-121.595,2020-05-30 13:18:46.780,2.5,2.0,0.0,5.649065271130123e-07,0.99994385309366,5.614690634001043e-05,1.0
55786,ci39223271,35.5066667,-119.7601667,2020-05-30 14:33:04.560,2.6,2.0,0.0,5.649065271130123e-07,0.9999828783212081,1.7121678791933412e-05,1.0
55866,ci37446597,35.5025,-119.7686667,2020-05-31 05:38:36.670,2.1,2.0,0.0,5.649065271130123e-07,0.9999103062145414,8.969378545857242e-05,1.0
55869,nc73399621,36.7946667,-121.5258333,2020-05-31 06:14:45.350,2.0,2.0,0.0,5.649065271130123e-07,0.9979571766234318,0.002042823376568245,1.0
55910,ci39224111,34.23,-117.523,2020-05-31 11:37:40.620,2.1,2.0,0.0,5.649065271130123e-07,0.9987571133358332,0.0012428866641667597,1.0
55918,nc73399821,36.1893333,-120.7765,2020-05-31 12:39:59.270,2.0,2.0,0.0,5.649065271130123e-07,0.9992682220931979,0.000731777906802021,1.0
55956,nc73400026,36.8891667,-121.6256667,2020-05-31 18:45:31.760,2.5,2.0,0.0,5.649065271130123e-07,0.9999707117704988,2.928822950129292e-05,1.0
56007,nc73400211,36.5541667,-121.1501667,2020-06-01 04:12:28.410,2.2,2.0,0.0,5.649065271130123e-07,0.9995742015168989,0.00042579848310112927,1.0
56054,ci39225375,34.8491667,-119.0291667,2020-06-01 13:56:07.200,2.2,2.0,0.0,5.649065271130123e-07,0.3263840505716375,0.6736159494283626,1.0
56220,nc73401216,36.6575,-121.2806667,2020-06-02 21:19:25.040,2.9000000000000004,2.0,0.0,5.649065271130123e-07,0.9999266238424546,7.337615754549547e-05,1.0
56229,nc73401271,36.6543333,-121.2805,2020-06-02 22:30:49.060,2.0,2.0,0.0,5.649065271130123e-07,0.9999982454807003,1.7545192996997709e-06,1.0
56481,nc73402461,36.4691667,-121.0406667,2020-06-04 10:41:04.850,2.3000000000000003,2.0,0.0,5.649065271130123e-07,0.9996435029680553,0.0003564970319447245,1.0
56530,nc73402731,36.1156667,-120.951,2020-06-04 21:17:05.240,2.1,2.0,0.0,5.649065271130123e-07,0.04706949201913894,0.9529305079808611,1.0
56556,nc73402846,36.801,-121.537,2020-06-05 03:10:30.320,2.0,2.0,0.0,5.649065271130123e-07,0.9998277882281813,0.00017221177181872866,1.0
56559,nc73402856,36.8838333,-121.6291667,2020-06-05 03:34:47.950,2.3000000000000003,2.0,0.0,5.649065271130123e-07,0.9999242134277566,7.578657224343642e-05,1.0
56643,nc73403421,36.9438333,-121.671,2020-06-05 23:09:19.630,3.2,2.0,0.0,5.649065271130123e-07,0.9962158879896525,0.0037841120103474417,1.0
57116,ci39472888,33.9123333,-116.9116667,2020-06-10 13:19:28.890,2.5,2.0,0.0,5.649065271130123e-07,0.5842538139660426,0.4157461860339574,1.0
57117,nc73406336,36.728,-121.3758333,2020-06-10 13:25:46.400,3.3000000000000003,2.0,0.0,5.649065271130123e-07,0.9996851680561029,0.0003148319438971939,1.0
57153,ci39473904,33.8576667,-116.8023333,2020-06-11 03:11:05.400,2.8000000000000003,2.0,0.0,5.649065271130123e-07,0.8692463216966961,0.13075367830330392,1.0
57189,nc73407066,35.856,-120.399,2020-06-11 12:31:27.600,2.2,2.0,0.0,5.649065271130123e-07,0.9996611282193727,0.0003388717806273724,1.0
57235,nc73407521,36.755,-121.459,2020-06-12 05:49:29.180,2.3000000000000003,2.0,0.0,5.649065271130123e-07,0.9986788816761426,0.0013211183238572614,1.0
57315,nc73408186,36.005,-120.5715,2020-06-13 08:13:34.000,2.1,2.0,0.0,5.649065271130123e-07,0.999281202189916,0.000718797810084018,1.0
57364,nc73408521,36.1061667,-120.6816667,2020-06-13 21:19:18.850,2.1,2.0,0.0,5.649065271130123e-07,0.9819396067916905,0.018060393208309704,1.0
57434,ci37544772,33.253,-115.639,2020-06-15 01:48:49.120,2.0,2.0,0.0,5.649065271130123e-07,0.9307123840362109,0.06928761596378914,1.0
57439,nc73409231,36.567,-121.1586667,2020-06-15 03:46:33.510,2.0,2.0,0.0,5.649065271130123e-07,0.9998777934265007,0.00012220657349941395,1.0
57474,nc73409516,36.004,-120.5613333,2020-06-15 16:23:29.660,2.3000000000000003,2.0,0.0,5.649065271130123e-07,0.9998391070823507,0.00016089291764934696,1.0
57547,nc73410301,36.796,-121.3086667,2020-06-16 18:08:18.510,2.2,2.0,0.0,5.649065271130123e-07,0.9985877151496604,0.0014122848503395067,1.0
57575,nc73410511,36.5541667,-121.1428333,2020-06-17 02:03:51.750,2.1,2.0,0.0,5.649065271130123e-07,0.9997226437363509,0.00027735626364910724,1.0
57640,nc73411111,36.5913333,-121.2008333,2020-06-18 03:09:01.660,2.0,2.0,0.0,5.649065271130123e-07,0.9994427974698055,0.0005572025301945916,1.0
57683,nc73411416,36.19,-120.7628333,2020-06-18 18:26:13.690,2.1,2.0,0.0,5.649065271130123e-07,0.9998270528124629,0.00017294718753691428,1.0
57733,ci39485664,34.7081667,-118.5156667,2020-06-19 13:05:05.530,2.5,2.0,0.0,5.649065271130123e-07,0.008229286370851421,0.9917707136291486,1.0
57757,ci39486416,35.0273333,-119.3003333,2020-06-19 21:15:48.400,2.1,2.0,0.0,5.649065271130123e-07,0.9805388383989628,0.019461161601037058,1.0
57803,ci39487112,33.3533333,-115.769,2020-06-20 09:02:29.220,2.9000000000000004,2.0,0.0,5.649065271130123e-07,0.9831468754654615,0.016853124534538556,1.0
57847,nc73412586,36.6505,-121.2711667,2020-06-20 18:08:43.080,2.3000000000000003,2.0,0.0,5.649065271130123e-07,0.999888202789457,0.00011179721054311246,1.0
57850,nc73412661,36.0015,-120.5671667,2020-06-20 19:39:27.490,2.7,2.0,0.0,5.649065271130123e-07,0.9999116382981293,8.836170187077204e-05,1.0
57976,ci39489704,34.6198333,-118.6408333,2020-06-22 11:21:51.930,2.1,2.0,0.0,5.649065271130123e-07,0.9997170916870517,0.0002829083129483109,1.0
58063,nc73414306,36.0546667,-120.6271667,2020-06-23 02:53:49.680,2.3000000000000003,2.0,0.0,5.649065271130123e-07,0.9981167184946986,0.0018832815053011927,1.0
58069,nc73414321,37.3841667,-122.267,2020-06-23 03:09:19.980,2.7,2.0,0.0,5.649065271130123e-07,0.9714354980603487,0.028564501939651404,1.0
58172,nc73414951,36.5776667,-121.1718333,2020-06-24 06:57:31.460,2.5,2.0,0.0,5.649065271130123e-07,0.9998994028925852,0.00010059710741488422,1.0
58322,nc73415481,36.0575,-120.6258333,2020-06-24 20:58:59.220,2.1,2.0,0.0,5.649065271130123e-07,0.9999616049193165,3.839508068351278e-05,1.0
58505,ci39496592,34.0838333,-117.2816667,2020-06-25 14:25:55.370,2.0,2.0,0.0,5.649065271130123e-07,0.9942565478526136,0.005743452147386461,1.0
58605,nc73416781,36.7571667,-121.4058333,2020-06-26 01:48:29.860,2.1,2.0,0.0,5.649065271130123e-07,0.9832665490199088,0.016733450980091293,1.0
58662,nc73417051,36.4878333,-121.063,2020-06-26 13:57:43.790,2.4000000000000004,2.0,0.0,5.649065271130123e-07,0.9983096780230605,0.0016903219769395226,1.0
58670,ci39267935,33.5428333,-115.888,2020-06-26 16:14:42.660,2.0,2.0,0.0,5.649065271130123e-07,0.9150571228919058,0.08494287710809435,1.0
58840,nc73418246,35.8598333,-120.4018333,2020-06-28 07:27:03.570,2.3000000000000003,2.0,0.0,5.649065271130123e-07,0.999617447591717,0.0003825524082830159,1.0
58891,ci39271647,33.2341667,-115.6945,2020-06-28 22:13:58.510,3.7,2.0,0.0,5.649065271130123e-07,0.9794331557033389,0.0205668442966612,1.0
58893,nc73418636,36.7305,-121.4066667,2020-06-28 22:47:50.380,2.1,2.0,0.0,5.649065271130123e-07,0.9954834018262847,0.004516598173715213,1.0
59108,nc73420031,36.8001667,-121.3785,2020-07-02 04:02:44.790,2.6,2.0,0.0,5.649065271130123e-07,0.9777105772655541,0.022289422734445823,1.0
59128,nc73420201,36.7583333,-121.4041667,2020-07-02 09:47:36.040,2.1,2.0,0.0,5.649065271130123e-07,0.999938994371917,6.100562808294625e-05,1.0
59132,nc73420231,36.7215,-121.3735,2020-07-02 12:01:37.450,2.2,2.0,0.0,5.649065271130123e-07,0.9995749920123016,0.0004250079876984944,1.0
59163,nc73420486,36.7978333,-121.2496667,2020-07-02 23:30:04.670,2.1,2.0,0.0,5.649065271130123e-07,0.9385665266116253,0.06143347338837462,1.0
59169,ci39277271,33.3195,-115.6988333,2020-07-03 01:24:07.750,2.1,2.0,0.0,5.649065271130123e-07,0.9908308068916171,0.009169193108383098,1.0
59174,nc73420556,36.5738333,-121.0815,2020-07-03 02:34:05.500,2.0,2.0,0.0,5.649065271130123e-07,0.9973978317325297,0.002602168267470139,1.0
59178,nc73420646,36.6525,-121.2718333,2020-07-03 04:57:12.830,2.6,2.0,0.0,5.649065271130123e-07,0.9999473547331907,5.2645266809145397e-05,1.0
59184,nc73420676,36.3841667,-120.9676667,2020-07-03 05:36:33.200,2.0,2.0,0.0,5.649065271130123e-07,0.989062456547128,0.010937543452872033,1.0
59248,nc73421121,36.8028333,-121.381,2020-07-04 04:44:22.330,2.1,2.0,0.0,5.649065271130123e-07,0.9999594162875057,4.0583712494248246e-05,1.0
59346,nc73422076,40.2268333,-124.155,2020-07-05 17:20:09.520,2.7,2.0,0.0,5.649065271130123e-07,0.9895240207409663,0.010475979259033763,1.0
59443,nc73422696,36.7478333,-121.4556667,2020-07-06 22:55:09.200,2.9000000000000004,2.0,0.0,5.649065271130123e-07,0.9991128001770989,0.0008871998229011505,1.0
59548,nc73423441,36.8143333,-121.5348333,2020-07-08 17:30:46.900,2.6,2.0,0.0,5.649065271130123e-07,0.9985429102236438,0.001457089776356163,1.0
59617,nc73423866,36.8023333,-121.381,2020-07-09 13:34:24.050,2.0,2.0,0.0,5.649065271130123e-07,0.9999750558617074,2.4944138292690878e-05,1.0
59725,nc73424901,36.4408333,-121.0151667,2020-07-11 19:58:42.470,2.2,2.0,0.0,5.649065271130123e-07,0.9990198689748527,0.0009801310251472332,1.0
59824,nc73425816,36.6035,-121.205,2020-07-13 20:03:52.190,2.1,2.0,0.0,5.649065271130123e-07,0.9998816352954178,0.0001183647045823591,1.0
59826,nc73425831,37.3863333,-122.268,2020-07-13 20:32:33.170,2.0,2.0,0.0,5.649065271130123e-07,0.9998613108055007,0.0001386891944994434,1.0
59862,nc73426211,36.6698333,-121.2878333,2020-07-14 15:00:38.180,2.8000000000000003,2.0,0.0,5.649065271130123e-07,0.9997038087500644,0.0002961912499356459,1.0
59908,nc73426666,36.5608333,-121.1491667,2020-07-15 11:42:03.340,2.3000000000000003,2.0,0.0,5.649065271130123e-07,0.9996156245180923,0.00038437548190777275,1.0
59941,nc73427056,36.3821667,-120.9596667,2020-07-16 08:44:33.510,2.4000000000000004,2.0,0.0,5.649065271130123e-07,0.9992411404643975,0.0007588595356026203,1.0
59961,nc73427166,36.6826667,-121.2853333,2020-07-16 16:55:09.180,2.4000000000000004,2.0,0.0,5.649065271130123e-07,0.999634824750983,0.0003651752490171613,1.0
60033,nc73427741,36.809,-121.5358333,2020-07-18 08:19:06.100,2.0,2.0,0.0,5.649065271130123e-07,0.9997509619476876,0.0002490380523122177,1.0
60074,ci38598082,35.1995,-119.4551667,2020-07-19 12:18:29.790,2.1,2.0,0.0,5.649065271130123e-07,0.0014774047728097575,0.9985225952271903,1.0
60123,ci38599882,34.9318333,-119.0378333,2020-07-20 22:01:53.080,3.6,2.0,0.0,5.649065271130123e-07,0.9582562431662588,0.04174375683374121,1.0
60160,nc73429226,36.681,-121.314,2020-07-22 00:46:54.180,2.3000000000000003,2.0,0.0,5.649065271130123e-07,0.9998416180058207,0.00015838199417927366,1.0
60172,nc73429346,36.6791667,-121.3118333,2020-07-22 04:57:09.030,3.3000000000000003,2.0,0.0,5.649065271130123e-07,0.9999950147669004,4.985233099612694e-06,1.0
60173,nc73429351,36.6816667,-121.3065,2020-07-22 05:01:40.950,2.1,2.0,0.0,5.649065271130123e-07,0.9999996491098193,3.508901807557828e-07,1.0
60174,nc73429356,36.6833333,-121.309,2020-07-22 05:05:53.330,2.4000000000000004,2.0,0.0,5.649065271130123e-07,0.9999998215680054,1.784319945018957e-07,1.0
60178,nc73429416,36.6768333,-121.3135,2020-07-22 06:22:16.260,2.8000000000000003,2.0,0.0,5.649065271130123e-07,0.9999989459289761,1.0540710239024133e-06,1.0
60252,ci38604098,34.9595,-119.0036667,2020-07-23 07:34:45.680,2.3000000000000003,2.0,0.0,5.649065271130123e-07,0.9870214239120657,0.012978576087934462,1.0
60361,nc73432386,36.8783333,-121.6176667,2020-07-24 19:03:38.340,2.9000000000000004,2.0,0.0,5.649065271130123e-07,0.999615377830462,0.0003846221695380316,1.0
60376,nc73432571,36.877,-121.6225,2020-07-25 02:36:46.680,3.0,2.0,0.0,5.649065271130123e-07,0.9999889423202184,1.1057679781718321e-05,1.0
60382,nc73432661,36.8773333,-121.6126667,2020-07-25 04:54:41.780,2.4000000000000004,2.0,0.0,5.649065271130123e-07,0.999992291670184,7.708329815965713e-06,1.0
60411,nc73433146,36.6833333,-121.2828333,2020-07-25 21:15:10.410,2.9000000000000004,2.0,0.0,5.649065271130123e-07,0.9999336643994655,6.633560053448939e-05,1.0
60473,ci38609882,35.0153333,-119.2135,2020-07-26 15:46:29.150,2.0,2.0,0.0,5.649065271130123e-07,0.46421538292677,0.53578461707323,1.0
60533,nc73434326,36.6113333,-121.2213333,2020-07-27 20:16:53.440,2.0,2.0,0.0,5.649065271130123e-07,0.9996192285372218,0.0003807714627782868,1.0
60613,nc73435571,36.1873333,-120.7653333,2020-07-30 03:23:01.850,3.9000000000000004,2.0,0.0,5.649065271130123e-07,0.9998350667252682,0.00016493327473174845,1.0
60618,nc73435651,36.1866667,-120.7646667,2020-07-30 05:43:07.540,2.1,2.0,0.0,5.649065271130123e-07,0.9999992022941647,7.977058352014819e-07,1.0
60620,ci39322167,34.9646667,-119.0716667,2020-07-30 06:56:14.940,2.3000000000000003,2.0,0.0,5.649065271130123e-07,0.960966187882611,0.03903381211738907,1.0
60640,nc73435841,36.1846667,-120.758,2020-07-30 12:37:51.760,2.0,2.0,0.0,5.649065271130123e-07,0.9999889802370376,1.1019762962392477e-05,1.0
60745,nc73436976,36.8476667,-121.5823333,2020-08-01 17:15:17.230,2.0,2.0,0.0,5.649065271130123e-07,0.9996099827238704,0.0003900172761297029,1.0
60774,nc73437251,36.7733333,-121.2803333,2020-08-02 10:50:50.600,2.1,2.0,0.0,5.649065271130123e-07,0.9888506873363317,0.011149312663668214,1.0
60778,ci39327287,33.5431667,-115.8923333,2020-08-02 12:36:40.770,2.3000000000000003,2.0,0.0,5.649065271130123e-07,0.9993087068967312,0.0006912931032688578,1.0
60810,ci39327959,33.8725,-116.9986667,2020-08-03 08:25:22.740,2.7,2.0,0.0,5.649065271130123e-07,0.4023818442968544,0.5976181557031456,1.0
60849,nc73437966,36.7076667,-121.3473333,2020-08-04 00:28:01.280,2.1,2.0,0.0,5.649065271130123e-07,0.9987971035359526,0.0012028964640474415,1.0
60853,nc73438011,36.9435,-121.5963333,2020-08-04 04:47:22.420,2.1,2.0,0.0,5.649065271130123e-07,0.9858885247051445,0.014111475294855591,1.0
60893,ci39331047,34.2018333,-117.6571667,2020-08-05 05:00:55.420,2.6,2.0,0.0,5.649065271130123e-07,0.32351454918577593,0.6764854508142241,1.0
60914,ci39332319,33.9996667,-117.2103333,2020-08-05 22:30:56.670,2.0,2.0,0.0,5.649065271130123e-07,0.9939847462435171,0.006015253756482928,1.0
60999,nc73439836,36.2185,-120.795,2020-08-08 08:17:06.290,2.3000000000000003,2.0,0.0,5.649065271130123e-07,0.996701745531144,0.0032982544688559784,1.0
61020,nc73440146,36.6708333,-121.2965,2020-08-08 20:16:37.510,2.1,2.0,0.0,5.649065271130123e-07,0.9998677122184667,0.00013228778153330758,1.0
61063,ci39337567,33.2488333,-115.6931667,2020-08-09 21:03:23.730,2.1,2.0,0.0,5.649065271130123e-07,0.998553638758897,0.0014463612411028152,1.0
61105,ci39338359,33.2488333,-115.6916667,2020-08-10 15:30:36.880,2.2,2.0,0.0,5.649065271130123e-07,0.9999903048099702,9.695190029793008e-06,1.0
61106,ci39338367,33.2463333,-115.6956667,2020-08-10 15:37:59.430,2.2,2.0,0.0,5.649065271130123e-07,0.9999991467134528,8.53286547252163e-07,1.0
61107,ci39338375,33.2456667,-115.6923333,2020-08-10 15:39:28.740,2.6,2.0,0.0,5.649065271130123e-07,0.9999998906141244,1.0938587559060199e-07,1.0
61108,ci39338399,33.2506667,-115.6953333,2020-08-10 15:55:48.220,3.5,2.0,0.0,5.649065271130123e-07,0.9999993930595075,6.069404926776269e-07,1.0
61109,ci39338407,33.2468333,-115.69,2020-08-10 15:56:14.330,4.6000000000000005,2.0,0.0,5.649065271130123e-07,0.9999999401810877,5.981891227894905e-08,1.0
61110,ci39338415,33.2436667,-115.6858333,2020-08-10 15:58:16.660,3.0,2.0,0.0,5.649065271130123e-07,0.9999999388624426,6.113755734432577e-08,1.0
61111,ci39338423,33.255,-115.6846667,2020-08-10 16:00:13.640,3.1,2.0,0.0,5.649065271130123e-07,0.9999997175185968,2.8248140320651154e-07,1.0
61112,ci39338431,33.2458333,-115.6841667,2020-08-10 16:01:34.260,2.9000000000000004,2.0,0.0,5.649065271130123e-07,0.9999999406107741,5.9389225937427925e-08,1.0
61113,ci39338439,33.2473333,-115.683,2020-08-10 16:02:23.620,2.6,2.0,0.0,5.649065271130123e-07,0.9999999744828044,2.5517195527702362e-08,1.0
61114,ci39338447,33.2503333,-115.688,2020-08-10 16:03:39.160,4.0,2.0,0.0,5.649065271130123e-07,0.9999999492977334,5.070226658418169e-08,1.0
61115,ci37452069,33.2445,-115.6853333,2020-08-10 16:03:59.830,2.8000000000000003,2.0,0.0,5.649065271130123e-07,0.9999999827377652,1.7262234745721568e-08,1.0
61116,ci37452061,33.2421667,-115.6733333,2020-08-10 16:04:49.380,2.9000000000000004,2.0,0.0,5.649065271130123e-07,0.9999997319945527,2.680054471107578e-07,1.0
61117,ci39338471,33.2546667,-115.681,2020-08-10 16:08:35.340,2.0,2.0,0.0,5.649065271130123e-07,0.9999998681333379,1.3186666220136955e-07,1.0
61122,ci39338487,33.232,-115.6935,2020-08-10 16:13:56.000,3.7,2.0,0.0,5.649065271130123e-07,0.9999983790345209,1.6209654790942892e-06,1.0
61128,ci39338543,33.2533333,-115.6841667,2020-08-10 16:31:23.840,2.1,2.0,0.0,5.649065271130123e-07,0.9999998328126151,1.67187384911006e-07,1.0
61129,ci39338551,33.2556667,-115.68,2020-08-10 16:31:41.520,2.3000000000000003,2.0,0.0,5.649065271130123e-07,0.9999999325189372,6.748106301304605e-08,1.0
61130,ci37452189,33.2335,-115.6861667,2020-08-10 16:32:07.250,2.0,2.0,0.0,5.649065271130123e-07,0.9999993370689507,6.629310491290537e-07,1.0
61136,ci39338591,33.264,-115.668,2020-08-10 16:41:13.970,2.0,2.0,0.0,5.649065271130123e-07,0.9999946657045677,5.334295432304773e-06,1.0
61140,ci39338663,33.2555,-115.6793333,2020-08-10 16:59:02.980,2.0,2.0,0.0,5.649065271130123e-07,0.9999997774028985,2.2259710133820455e-07,1.0
61143,ci39338695,33.2668333,-115.6901667,2020-08-10 17:08:20.560,2.4000000000000004,2.0,0.0,5.649065271130123e-07,0.999995124871682,4.875128318122255e-06,1.0
61144,ci39338711,33.2591667,-115.6838333,2020-08-10 17:11:51.610,2.2,2.0,0.0,5.649065271130123e-07,0.9999994975715045,5.024284955242301e-07,1.0
61145,ci39338719,33.2615,-115.6798333,2020-08-10 17:12:32.020,2.1,2.0,0.0,5.649065271130123e-07,0.9999998780981938,1.2190180631242994e-07,1.0
61154,ci39338767,33.2683333,-115.6873333,2020-08-10 17:22:20.840,2.8000000000000003,2.0,0.0,5.649065271130123e-07,0.9999994971881926,5.028118074271679e-07,1.0
61155,ci39338775,33.264,-115.6881667,2020-08-10 17:23:42.440,2.3000000000000003,2.0,0.0,5.649065271130123e-07,0.999999874085936,1.25914063840469e-07,1.0
61159,ci39338807,33.2556667,-115.6896667,2020-08-10 17:33:50.460,2.1,2.0,0.0,5.649065271130123e-07,0.9999995273825073,4.726174925471846e-07,1.0
61160,ci37452221,33.27,-115.6665,2020-08-10 17:35:26.940,2.0,2.0,0.0,5.649065271130123e-07,0.9999956444401478,4.35555985228858e-06,1.0
61161,ci39338815,33.2703333,-115.6673333,2020-08-10 17:35:32.350,2.2,2.0,0.0,5.649065271130123e-07,0.9999999916476684,8.35233163933472e-09,1.0
61163,ci39338839,33.227,-115.6991667,2020-08-10 17:39:15.940,3.5,2.0,0.0,5.649065271130123e-07,0.9999964714429204,3.5285570796324857e-06,1.0
61164,ci39338847,33.2636667,-115.6726667,2020-08-10 17:42:28.820,2.1,2.0,0.0,5.649065271130123e-07,0.9999990852891107,9.147108892129979e-07,1.0
61165,ci39338855,33.2678333,-115.685,2020-08-10 17:46:10.510,2.8000000000000003,2.0,0.0,5.649065271130123e-07,0.9999996940299294,3.059700705699169e-07,1.0
61171,ci39338999,33.23,-115.7,2020-08-10 18:19:05.560,2.0,2.0,0.0,5.649065271130123e-07,0.9999993935088838,6.064911161508408e-07,1.0
61173,ci39339015,33.228,-115.6955,2020-08-10 18:29:59.890,3.1,2.0,0.0,5.649065271130123e-07,0.9999995421815424,4.578184576772472e-07,1.0
61174,ci37452101,33.2298333,-115.6925,2020-08-10 18:30:05.830,3.5,2.0,0.0,5.649065271130123e-07,0.9999999877082361,1.2291763891889915e-08,1.0
61177,ci39339047,33.2696667,-115.6783333,2020-08-10 18:46:51.440,2.2,2.0,0.0,5.649065271130123e-07,0.9999979788314639,2.0211685360685906e-06,1.0
61178,ci37452237,33.2661667,-115.6811667,2020-08-10 18:47:03.910,2.2,2.0,0.0,5.649065271130123e-07,0.9999999383209234,6.167907664871284e-08,1.0
61182,ci39339071,33.2731667,-115.6811667,2020-08-10 18:50:44.100,2.1,2.0,0.0,5.649065271130123e-07,0.9999996332609945,3.667390054619508e-07,1.0
61183,ci39339079,33.2653333,-115.6896667,2020-08-10 18:53:21.450,3.2,2.0,0.0,5.649065271130123e-07,0.9999996377458475,3.6225415249291566e-07,1.0
61184,ci39339095,33.2513333,-115.6755,2020-08-10 18:58:53.030,3.2,2.0,0.0,5.649065271130123e-07,0.9999985597394924,1.4402605076882566e-06,1.0
61185,nc73441126,36.8745,-121.6116667,2020-08-10 19:02:00.370,2.8000000000000003,2.0,0.0,5.649065271130123e-07,0.9999045454580627,9.545454193741111e-05,1.0
61188,nc73441131,36.8745,-121.6063333,2020-08-10 19:04:49.120,2.3000000000000003,2.0,0.0,5.649065271130123e-07,0.9999997254941644,2.7450583565243985e-07,1.0
61190,ci39339135,33.262,-115.6796667,2020-08-10 19:06:28.450,2.2,2.0,0.0,5.649065271130123e-07,0.999999607600897,3.9239910296545844e-07,1.0
61197,ci39339167,33.2591667,-115.6896667,2020-08-10 19:18:05.530,2.1,2.0,0.0,5.649065271130123e-07,0.9999993767039805,6.232960195084278e-07,1.0
61198,ci39339183,33.2606667,-115.6868333,2020-08-10 19:22:25.270,2.6,2.0,0.0,5.649065271130123e-07,0.9999998124243737,1.875756261371874e-07,1.0
61199,ci39339191,33.2653333,-115.6841667,2020-08-10 19:29:29.720,4.0,2.0,0.0,5.649065271130123e-07,0.9999997656493046,2.3435069533371813e-07,1.0
61200,ci39339199,33.2678333,-115.685,2020-08-10 19:31:31.100,3.0,2.0,0.0,5.649065271130123e-07,0.9999999595322819,4.046771813015501e-08,1.0
61201,ci39339207,33.252,-115.685,2020-08-10 19:33:25.710,2.3000000000000003,2.0,0.0,5.649065271130123e-07,0.9999997028471412,2.971528587810437e-07,1.0
61203,ci39339215,33.2631667,-115.6835,2020-08-10 19:35:31.400,2.2,2.0,0.0,5.649065271130123e-07,0.999999940973379,5.9026620964790056e-08,1.0
61209,ci39339311,33.258,-115.6953333,2020-08-10 19:58:18.860,2.0,2.0,0.0,5.649065271130123e-07,0.9999991201314792,8.798685208418581e-07,1.0
61210,ci39339319,33.2641667,-115.6841667,2020-08-10 19:59:04.380,2.1,2.0,0.0,5.649065271130123e-07,0.9999999006372007,9.936279941049371e-08,1.0
61212,ci39339335,33.2645,-115.6808333,2020-08-10 20:03:29.290,2.2,2.0,0.0,5.649065271130123e-07,0.999999892307666,1.0769233406773453e-07,1.0
61224,ci39339479,33.2673333,-115.6836667,2020-08-10 20:45:09.660,2.8000000000000003,2.0,0.0,5.649065271130123e-07,0.9999998275319638,1.724680361081154e-07,1.0
61225,ci39339495,33.2688333,-115.6783333,2020-08-10 20:47:12.850,2.1,2.0,0.0,5.649065271130123e-07,0.9999998349602008,1.6503979920653142e-07,1.0
61226,ci39339503,33.2661667,-115.6855,2020-08-10 20:47:56.090,2.2,2.0,0.0,5.649065271130123e-07,0.999999947369306,5.2630693966057734e-08,1.0
61231,ci39339535,33.2776667,-115.6933333,2020-08-10 20:55:21.540,2.0,2.0,0.0,5.649065271130123e-07,0.9999971493420938,2.850657906164866e-06,1.0
61234,ci39339551,33.2581667,-115.6923333,2020-08-10 21:11:07.570,2.0,2.0,0.0,5.649065271130123e-07,0.9999994449710036,5.550289964971294e-07,1.0
61235,ci39339583,33.2658333,-115.6915,2020-08-10 21:19:44.870,2.3000000000000003,2.0,0.0,5.649065271130123e-07,0.9999996560615294,3.4393847058122856e-07,1.0
61255,ci39339855,33.2565,-115.6951667,2020-08-10 23:10:33.100,2.5,2.0,0.0,5.649065271130123e-07,0.9999990719748092,9.280251907531452e-07,1.0
61256,ci39339863,33.2608333,-115.69,2020-08-10 23:12:47.760,2.1,2.0,0.0,5.649065271130123e-07,0.9999996941015415,3.058984583823023e-07,1.0
61257,ci39339871,33.274,-115.68,2020-08-10 23:16:12.570,2.2,2.0,0.0,5.649065271130123e-07,0.9999988153819158,1.1846180842408189e-06,1.0
61259,ci39339879,33.2598333,-115.692,2020-08-10 23:17:08.620,2.6,2.0,0.0,5.649065271130123e-07,0.9999998784609625,1.2153903755275032e-07,1.0
61265,ci39340007,33.2536667,-115.6903333,2020-08-10 23:56:10.500,2.1,2.0,0.0,5.649065271130123e-07,0.9999993953658226,6.046341773772473e-07,1.0
61267,ci39340127,33.2211667,-115.6915,2020-08-11 01:27:43.050,2.0,2.0,0.0,5.649065271130123e-07,0.9999914691550146,8.530844985523937e-06,1.0
61268,ci39340135,33.2765,-115.6926667,2020-08-11 01:45:58.630,2.1,2.0,0.0,5.649065271130123e-07,0.9999975377832341,2.462216765995905e-06,1.0
61269,ci39340151,33.2661667,-115.6878333,2020-08-11 01:53:09.620,2.5,2.0,0.0,5.649065271130123e-07,0.9999995928668851,4.0713311491337684e-07,1.0
61272,ci39340231,33.2636667,-115.6886667,2020-08-11 03:07:15.850,2.0,2.0,0.0,5.649065271130123e-07,0.9999995776896069,4.2231039303900706e-07,1.0
61277,ci39340295,33.2783333,-115.6806667,2020-08-11 03:28:43.590,2.4000000000000004,2.0,0.0,5.649065271130123e-07,0.9999956096686563,4.3903313438081575e-06,1.0
61278,ci39340303,33.2415,-115.6878333,2020-08-11 03:32:11.280,2.2,2.0,0.0,5.649065271130123e-07,0.9999982298341809,1.7701658192250789e-06,1.0
61282,ci39340431,33.2423333,-115.6891667,2020-08-11 06:34:21.890,2.3000000000000003,2.0,0.0,5.649065271130123e-07,0.9999989169786747,1.083021325161486e-06,1.0
61292,ci39340599,33.2271667,-115.7018333,2020-08-11 11:19:57.690,3.5,2.0,0.0,5.649065271130123e-07,0.9999963500135691,3.649986430778717e-06,1.0
61293,ci37452165,33.2291667,-115.7051667,2020-08-11 11:20:30.600,2.7,2.0,0.0,5.649065271130123e-07,0.9999999660563329,3.3943666996926256e-08,1.0
61294,nc73442980,36.878,-121.3995,2020-08-11 11:42:55.850,2.0,2.0,0.0,5.649065271130123e-07,0.9619434233059959,0.03805657669400405,1.0
61297,ci39340679,33.2206667,-115.7063333,2020-08-11 12:42:12.200,2.2,2.0,0.0,5.649065271130123e-07,0.9999955598969378,4.440103062108218e-06,1.0
61299,ci39340759,33.2275,-115.6941667,2020-08-11 14:25:51.970,2.0,2.0,0.0,5.649065271130123e-07,0.9999982652855942,1.7347144057636332e-06,1.0
61334,ci39341703,33.2266667,-115.6983333,2020-08-12 05:23:45.770,2.2,2.0,0.0,5.649065271130123e-07,0.9999976706119487,2.329388051417261e-06,1.0
61351,ci39342007,34.2331667,-117.475,2020-08-12 13:00:22.350,2.5,2.0,0.0,5.649065271130123e-07,0.9796866456299156,0.020313354370084382,1.0
61355,ci39342143,34.0731667,-117.0176667,2020-08-12 15:26:28.240,2.2,2.0,0.0,5.649065271130123e-07,0.7706404812290454,0.2293595187709547,1.0
61361,ci39342423,33.2425,-115.685,2020-08-12 21:05:45.120,2.0,2.0,0.0,5.649065271130123e-07,0.9999965776305432,3.422369456935101e-06,1.0
61380,ci39342735,33.2405,-115.6875,2020-08-13 03:28:32.280,2.0,2.0,0.0,5.649065271130123e-07,0.9999967663318956,3.2336681043475897e-06,1.0
61488,ci39346487,34.677,-118.4543333,2020-08-16 08:30:17.790,2.7,2.0,0.0,5.649065271130123e-07,0.3901036754906768,0.6098963245093232,1.0
61521,ci39347319,34.0278333,-116.3575,2020-08-17 04:54:54.420,2.0,2.0,0.0,5.649065271130123e-07,0.9616444673670681,0.03835553263293178,1.0
61524,nc73446430,36.3058333,-120.8855,2020-08-17 06:35:05.930,2.2,2.0,0.0,5.649065271130123e-07,0.994221543283122,0.005778456716878004,1.0
61544,nc73447165,37.2308333,-122.1065,2020-08-17 20:43:36.830,2.6,2.0,0.0,5.649065271130123e-07,0.5941244710328213,0.4058755289671787,1.0
61591,ci39583392,33.7688333,-116.1353333,2020-08-18 20:55:33.370,2.1,2.0,0.0,5.649065271130123e-07,0.9951557267568817,0.004844273243118344,1.0
61592,nc73446271,40.2355,-124.2115,2020-08-18 22:10:08.510,2.0,2.0,0.0,5.649065271130123e-07,0.9376530076383627,0.0623469923616373,1.0
61625,nc73446641,35.9641667,-120.5153333,2020-08-19 06:14:46.320,2.8000000000000003,2.0,0.0,5.649065271130123e-07,0.999118366231957,0.0008816337680429333,1.0
61649,ci39584624,33.2105,-115.6923333,2020-08-19 17:23:14.490,2.1,2.0,0.0,5.649065271130123e-07,0.9995852717911392,0.0004147282088608012,1.0
61655,ci39584688,34.1116667,-117.4346667,2020-08-19 17:50:22.890,3.0,2.0,0.0,5.649065271130123e-07,0.8116857911975335,0.1883142088024666,1.0
61680,nc73447231,37.3643333,-122.179,2020-08-20 10:43:08.900,2.1,2.0,0.0,5.649065271130123e-07,0.6589381773432861,0.341061822656714,1.0
61686,nc73447261,36.4678333,-121.0568333,2020-08-20 11:25:49.060,2.6,2.0,0.0,5.649065271130123e-07,0.9995191041828592,0.00048089581714083244,1.0
61698,ci39586008,33.548,-115.8871667,2020-08-20 16:07:39.840,2.0,2.0,0.0,5.649065271130123e-07,0.9992659899005201,0.0007340100994800133,1.0
61708,ci39586568,33.253,-115.7955,2020-08-20 22:02:23.870,2.0,2.0,0.0,5.649065271130123e-07,0.9816644197402644,0.01833558025973573,1.0
61724,nc73447646,36.168,-120.7375,2020-08-21 04:33:05.570,3.1,2.0,0.0,5.649065271130123e-07,0.9933117567551041,0.006688243244895871,1.0
61725,nc73447656,36.1666667,-120.7415,2020-08-21 04:36:46.690,2.3000000000000003,2.0,0.0,5.649065271130123e-07,0.9999998100612205,1.8993877935851345e-07,1.0
61852,nc73448871,35.7816667,-120.3343333,2020-08-24 08:06:14.380,2.1,2.0,0.0,5.649065271130123e-07,0.9675551774955933,0.03244482250440681,1.0
61974,nc73450126,36.8941667,-121.6216667,2020-08-27 04:39:09.400,2.5,2.0,0.0,5.649065271130123e-07,0.9996885567123348,0.0003114432876652198,1.0
61996,nc73450261,36.5441667,-121.132,2020-08-27 15:25:15.090,2.3000000000000003,2.0,0.0,5.649065271130123e-07,0.9997936507209738,0.0002063492790260707,1.0
61997,nc73450271,36.6543333,-121.2735,2020-08-27 15:45:23.500,2.3000000000000003,2.0,0.0,5.649065271130123e-07,0.9999235710544678,7.642894553230396e-05,1.0
62015,nc73450426,36.87,-121.6033333,2020-08-28 03:03:19.020,2.0,2.0,0.0,5.649065271130123e-07,0.9997627711484325,0.00023722885156758451,1.0
62029,nc73450631,36.5496667,-121.0918333,2020-08-28 14:44:03.870,2.2,2.0,0.0,5.649065271130123e-07,0.9936336021191745,0.006366397880825538,1.0
62062,ci39364343,34.0275,-116.3586667,2020-08-29 08:24:42.210,2.0,2.0,0.0,5.649065271130123e-07,0.9999223640365915,7.763596340847231e-05,1.0
62080,nc73451236,36.703,-121.3398333,2020-08-30 00:23:06.830,2.2,2.0,0.0,5.649065271130123e-07,0.9995500789188998,0.0004499210811002311,1.0
62105,ci37454053,33.223,-115.597,2020-08-30 19:15:56.810,2.1,2.0,0.0,5.649065271130123e-07,0.9719101089992308,0.028089891000769154,1.0
62117,nc73451571,36.6175,-121.2225,2020-08-31 00:41:48.220,2.2,2.0,0.0,5.649065271130123e-07,0.9998375706956159,0.00016242930438408495,1.0
62129,nc73451756,36.553,-121.0925,2020-08-31 12:48:47.440,2.3000000000000003,2.0,0.0,5.649065271130123e-07,0.9999269880044848,7.301199551536486e-05,1.0
62182,nc73452156,36.1683333,-120.7413333,2020-09-01 12:10:13.680,2.2,2.0,0.0,5.649065271130123e-07,0.9999557470917446,4.4252908255178345e-05,1.0
62284,nc73453426,36.8936667,-121.4958333,2020-09-04 10:13:01.820,2.9000000000000004,2.0,0.0,5.649065271130123e-07,0.9413988196510407,0.05860118034895936,1.0
62295,ci38675450,34.0878333,-116.8536667,2020-09-04 14:24:44.100,3.1,2.0,0.0,5.649065271130123e-07,0.46983100463038235,0.5301689953696176,1.0
62334,ci38677290,34.0903333,-116.8536667,2020-09-05 13:27:39.070,2.1,2.0,0.0,5.649065271130123e-07,0.9999887697086518,1.1230291348177518e-05,1.0
62381,nc73454601,35.9456667,-120.4921667,2020-09-07 03:57:43.120,2.6,2.0,0.0,5.649065271130123e-07,0.9978244861045413,0.0021755138954586387,1.0
62404,nc73454966,36.5888333,-121.191,2020-09-08 01:47:15.630,2.2,2.0,0.0,5.649065271130123e-07,0.9997913868621331,0.00020861313786686302,1.0
62412,nc73455041,36.8078333,-121.5313333,2020-09-08 07:46:12.960,2.1,2.0,0.0,5.649065271130123e-07,0.9994907542171872,0.000509245782812896,1.0
62465,nc73455641,36.5483333,-121.1383333,2020-09-09 23:57:36.830,2.4000000000000004,2.0,0.0,5.649065271130123e-07,0.9998225681189331,0.00017743188106680396,1.0
62467,nc73455651,36.5465,-121.1365,2020-09-10 00:15:18.860,2.3000000000000003,2.0,0.0,5.649065271130123e-07,0.9999994191189767,5.808810232385142e-07,1.0
62522,ci38684690,34.6178333,-118.6418333,2020-09-11 18:45:29.260,2.3000000000000003,2.0,0.0,5.649065271130123e-07,0.9997794582161026,0.0002205417838974825,1.0
62555,ci38686114,34.0398333,-116.9043333,2020-09-12 20:12:13.030,2.2,2.0,0.0,5.649065271130123e-07,0.8641654532844152,0.13583454671558487,1.0
62634,ci38689202,34.0591667,-117.187,2020-09-15 00:22:39.300,2.7,2.0,0.0,5.649065271130123e-07,0.9451624207266482,0.05483757927335161,1.0
62656,ci38689882,33.9853333,-116.6868333,2020-09-15 15:09:21.480,2.9000000000000004,2.0,0.0,5.649065271130123e-07,0.9880493007131577,0.011950699286842378,1.0
62676,nc73458521,36.9291667,-121.6616667,2020-09-16 00:48:15.050,2.5,2.0,0.0,5.649065271130123e-07,0.9981904677932543,0.0018095322067458056,1.0
62702,nc73458891,36.7956667,-121.5188333,2020-09-16 23:12:33.610,2.4000000000000004,2.0,0.0,5.649065271130123e-07,0.9980173332334714,0.0019826667665285586,1.0
62720,nc73459071,36.6548333,-121.2766667,2020-09-17 08:15:32.270,2.7,2.0,0.0,5.649065271130123e-07,0.9999403408078822,5.96591921176192e-05,1.0
62721,nc73459081,36.6536667,-121.2751667,2020-09-17 08:21:08.360,2.8000000000000003,2.0,0.0,5.649065271130123e-07,0.9999998491388585,1.508611414031045e-07,1.0
62732,nc73459246,36.7358333,-121.334,2020-09-17 18:23:43.900,2.0,2.0,0.0,5.649065271130123e-07,0.9857956198396844,0.014204380160315555,1.0
62733,nc73459251,36.7233333,-121.343,2020-09-17 18:30:16.140,2.0,2.0,0.0,5.649065271130123e-07,0.9999738020013659,2.6197998634145155e-05,1.0
62736,ci38693762,34.088,-116.8513333,2020-09-17 20:34:19.230,2.0,2.0,0.0,5.649065271130123e-07,0.999949875362114,5.012463788593963e-05,1.0
62790,nc73460021,36.8561667,-121.4445,2020-09-19 06:20:19.010,2.4000000000000004,2.0,0.0,5.649065271130123e-07,0.9875466549654031,0.01245334503459707,1.0
62823,nc73460551,36.5616667,-121.1586667,2020-09-20 07:33:46.910,2.1,2.0,0.0,5.649065271130123e-07,0.999614507903966,0.00038549209603405904,1.0
62838,nc73460686,36.6145,-121.125,2020-09-20 22:12:47.290,2.1,2.0,0.0,5.649065271130123e-07,0.9758638347248376,0.024136165275162397,1.0
62839,nc73460696,36.6658333,-121.2906667,2020-09-20 22:26:01.100,2.4000000000000004,2.0,0.0,5.649065271130123e-07,0.9998740113935765,0.00012598860642366768,1.0
62849,nc73460811,36.0748333,-120.6498333,2020-09-21 04:53:54.720,2.7,2.0,0.0,5.649065271130123e-07,0.9956059733362331,0.004394026663766811,1.0
62895,ci38700210,33.6106667,-115.77,2020-09-22 19:36:30.400,2.4000000000000004,2.0,0.0,5.649065271130123e-07,0.1362720265795588,0.8637279734204413,1.0
62901,nc73461616,36.4786667,-121.0595,2020-09-22 22:10:46.410,2.2,2.0,0.0,5.649065271130123e-07,0.9993616393822564,0.0006383606177434957,1.0
62914,ci38700978,34.2033333,-117.6536667,2020-09-23 12:24:27.850,3.2,2.0,0.0,5.649065271130123e-07,0.9995367174910542,0.00046328250894596873,1.0
62929,nc73461991,37.1555,-121.987,2020-09-23 19:05:40.960,2.2,2.0,0.0,5.649065271130123e-07,0.0035262578162295363,0.9964737421837705,1.0
62983,ci38703786,33.9491667,-116.3938333,2020-09-25 17:07:48.830,3.0,2.0,0.0,5.649065271130123e-07,0.751581442469106,0.2484185575308941,1.0
62984,ci38703802,33.947,-116.3955,2020-09-25 17:10:11.370,3.7,2.0,0.0,5.649065271130123e-07,0.9999999031044572,9.689554290332937e-08,1.0
63019,ci38704866,34.1876667,-117.607,2020-09-26 22:19:21.510,2.5,2.0,0.0,5.649065271130123e-07,0.9730786517222155,0.02692134827778437,1.0
63041,ci38705338,34.0575,-117.2683333,2020-09-27 11:57:00.530,2.6,2.0,0.0,5.649065271130123e-07,0.9969466906695658,0.0030533093304342313,1.0
63051,ci38705570,34.0478333,-116.8368333,2020-09-27 19:54:24.100,2.0,2.0,0.0,5.649065271130123e-07,0.94685434470903,0.053145655290969956,1.0
63070,nc73463936,36.8716667,-121.6055,2020-09-28 12:27:55.370,2.5,2.0,0.0,5.649065271130123e-07,0.9998676829471526,0.00013231705284754298,1.0
63081,nc73464086,36.7005,-121.3375,2020-09-29 02:22:20.750,3.2,2.0,0.0,5.649065271130123e-07,0.9997953716866371,0.00020462831336281242,1.0
63084,nc73464146,36.585,-121.1828333,2020-09-29 06:39:15.550,2.6,2.0,0.0,5.649065271130123e-07,0.9998654083496039,0.00013459165039617158,1.0
63131,nc73464711,36.4693333,-121.0403333,2020-09-30 13:32:24.070,2.0,2.0,0.0,5.649065271130123e-07,0.9997923782287056,0.00020762177129429878,1.0
64083,nc73465976,36.5935,-121.1123333,2020-10-03 07:19:06.410,2.2,2.0,0.0,5.649065271130123e-07,0.9988330585170325,0.0011669414829675383,1.0
64144,nc73466526,36.5925,-121.199,2020-10-04 11:17:08.850,2.0,2.0,0.0,5.649065271130123e-07,0.999748437063587,0.00025156293641300946,1.0
64164,nc73466746,36.6116667,-121.219,2020-10-05 03:52:04.450,2.0,2.0,0.0,5.649065271130123e-07,0.999803219176456,0.00019678082354396043,1.0
64234,ci39654856,33.7885,-116.6553333,2020-10-06 23:29:17.780,2.9000000000000004,2.0,0.0,5.649065271130123e-07,0.16827606884431318,0.8317239311556868,1.0
64311,nc73468266,36.8386667,-121.4088333,2020-10-08 12:20:13.960,2.1,2.0,0.0,5.649065271130123e-07,0.9722916275261162,0.02770837247388392,1.0
64331,nc73468511,36.5633333,-121.1595,2020-10-09 00:24:44.730,2.4000000000000004,2.0,0.0,5.649065271130123e-07,0.9998989668713905,0.00010103312860948266,1.0
64339,nc73468601,36.9841667,-121.6431667,2020-10-09 07:00:12.870,2.2,2.0,0.0,5.649065271130123e-07,0.9982693077624483,0.0017306922375517173,1.0
64403,nc73469561,37.1866667,-122.1196667,2020-10-11 16:36:46.660,2.7,2.0,0.0,5.649065271130123e-07,0.6456055757712577,0.35439442422874234,1.0
64452,ci39661352,34.2258333,-117.4271667,2020-10-13 03:12:22.280,2.1,2.0,0.0,5.649065271130123e-07,0.9764998155148402,0.023500184485159815,1.0
64464,nc73470291,36.6993333,-121.3366667,2020-10-13 12:46:10.170,2.5,2.0,0.0,5.649065271130123e-07,0.9999533134880771,4.668651192272439e-05,1.0
64495,nc73470806,36.495,-121.0695,2020-10-14 20:54:25.940,2.2,2.0,0.0,5.649065271130123e-07,0.9994623757159657,0.0005376242840343507,1.0
64521,nc73471131,36.977,-121.6345,2020-10-15 15:17:03.670,2.5,2.0,0.0,5.649065271130123e-07,0.9985923562652863,0.0014076437347136635,1.0
64536,nc73471311,36.8758333,-121.6121667,2020-10-16 04:32:00.570,2.2,2.0,0.0,5.649065271130123e-07,0.9999207398203083,7.92601796917489e-05,1.0
64544,ci39665088,34.4586667,-117.9286667,2020-10-16 12:47:37.070,2.1,2.0,0.0,5.649065271130123e-07,0.9697381027147143,0.030261897285285617,1.0
64570,nc73471766,36.0308333,-120.5988333,2020-10-17 06:29:34.120,2.3000000000000003,2.0,0.0,5.649065271130123e-07,0.9993673586212422,0.0006326413787578538,1.0
64577,nc73471826,35.6135,-120.3743333,2020-10-17 09:58:34.030,3.0,2.0,0.0,5.649065271130123e-07,0.03043650221909982,0.9695634977809002,1.0
64581,nc73471866,36.6446667,-121.2636667,2020-10-17 11:15:45.170,2.5,2.0,0.0,5.649065271130123e-07,0.9998938834843165,0.00010611651568351252,1.0
64591,nc73472036,36.9776667,-121.6316667,2020-10-17 20:14:51.590,2.0,2.0,0.0,5.649065271130123e-07,0.9999715524432655,2.8447556734439295e-05,1.0
64662,nc73472751,36.9176667,-121.5766667,2020-10-19 17:19:18.040,2.1,2.0,0.0,5.649065271130123e-07,0.9706799863490301,0.029320013650969916,1.0
64664,nc73472761,36.511,-121.0926667,2020-10-19 18:00:23.030,2.0,2.0,0.0,5.649065271130123e-07,0.9989291140217835,0.0010708859782163917,1.0
64670,nc73472831,36.9781667,-121.6321667,2020-10-19 21:35:49.980,2.2,2.0,0.0,5.649065271130123e-07,0.9999873956385555,1.26043614443775e-05,1.0
64746,ci39441055,34.0883333,-116.8535,2020-10-22 05:03:58.860,2.1,2.0,0.0,5.649065271130123e-07,0.9999338381859336,6.616181406626505e-05,1.0
64770,nc73473971,36.691,-121.3235,2020-10-22 17:05:56.260,2.2,2.0,0.0,5.649065271130123e-07,0.9997437306561299,0.0002562693438700939,1.0
64787,ci39442119,33.2065,-115.59,2020-10-22 21:02:16.190,2.7,2.0,0.0,5.649065271130123e-07,0.9714912505134907,0.028508749486509277,1.0
64853,nc73474766,36.0358333,-120.5983333,2020-10-24 23:06:50.570,2.5,2.0,0.0,5.649065271130123e-07,0.9997498087527403,0.0002501912472595854,1.0
64939,nc73475701,36.6015,-121.0576667,2020-10-27 19:22:43.900,3.3000000000000003,2.0,0.0,5.649065271130123e-07,0.9952515389294814,0.004748461070518716,1.0
64940,nc73475706,36.8763333,-121.4096667,2020-10-27 19:38:06.730,2.2,2.0,0.0,5.649065271130123e-07,0.9940778605891741,0.0059221394108259105,1.0
64997,ci39448607,33.9673333,-116.8455,2020-10-29 12:05:22.630,2.1,2.0,0.0,5.649065271130123e-07,0.9878092504576254,0.012190749542374812,1.0
65015,ci39449495,34.2305,-116.749,2020-10-29 21:39:33.610,2.4000000000000004,2.0,0.0,5.649065271130123e-07,0.9818485150753555,0.0181514849246447,1.0
65073,ci39452471,34.1128333,-116.6948333,2020-10-31 19:49:37.810,2.9000000000000004,2.0,0.0,5.649065271130123e-07,0.9266125316199052,0.07338746838009479,1.0
65102,nc73477136,36.0271667,-120.5875,2020-11-02 02:20:34.280,2.8000000000000003,2.0,0.0,5.649065271130123e-07,0.9991435721704177,0.0008564278295822232,1.0
65103,nc73477146,36.7558333,-121.2608333,2020-11-02 02:52:32.420,2.1,2.0,0.0,5.649065271130123e-07,0.9977658592740783,0.002234140725921469,1.0
65120,nc73477301,36.5738333,-121.0786667,2020-11-02 19:22:01.560,2.1,2.0,0.0,5.649065271130123e-07,0.9992926070117135,0.0007073929882864651,1.0
65171,nc73477871,36.5736667,-121.1705,2020-11-04 14:41:42.500,2.0,2.0,0.0,5.649065271130123e-07,0.9997093767478834,0.000290623252116642,1.0
65186,ci39457071,34.9791667,-119.0285,2020-11-05 00:35:48.010,2.7,2.0,0.0,5.649065271130123e-07,0.8694090176699492,0.1305909823300508,1.0
65222,nc73478461,36.189,-120.7646667,2020-11-06 01:11:53.980,2.0,2.0,0.0,5.649065271130123e-07,0.9999005197000717,9.948029992850188e-05,1.0
65294,nc73479336,36.5858333,-121.1851667,2020-11-08 08:07:12.930,2.8000000000000003,2.0,0.0,5.649065271130123e-07,0.9998984188112343,0.00010158118876569733,1.0
65311,ci39460399,33.8018333,-116.896,2020-11-08 21:14:33.430,2.2,2.0,0.0,5.649065271130123e-07,0.963830268045448,0.0361697319545519,1.0
65312,nc73479561,36.6578333,-121.2791667,2020-11-08 21:49:23.350,2.7,2.0,0.0,5.649065271130123e-07,0.9999202783285358,7.972167146427857e-05,1.0
65325,nc73479756,36.0136667,-120.5776667,2020-11-09 12:45:09.830,2.3000000000000003,2.0,0.0,5.649065271130123e-07,0.9993239167968414,0.0006760832031585468,1.0
65335,nc73479886,36.012,-120.5735,2020-11-09 21:23:02.570,2.1,2.0,0.0,5.649065271130123e-07,0.999983580328891,1.6419671109017804e-05,1.0
65371,nc73480256,36.807,-121.5338333,2020-11-10 22:49:37.800,2.1,2.0,0.0,5.649065271130123e-07,0.9997567066488487,0.0002432933511511551,1.0
65382,nc73480326,36.6663333,-121.2645,2020-11-11 05:00:16.280,2.0,2.0,0.0,5.649065271130123e-07,0.9992321176846013,0.0007678823153986901,1.0
65400,nc73480551,36.8055,-121.536,2020-11-11 20:26:59.420,3.3000000000000003,2.0,0.0,5.649065271130123e-07,0.999982632738046,1.7367261954026167e-05,1.0
65401,nc73480556,36.8035,-121.5313333,2020-11-11 20:48:33.020,3.0,2.0,0.0,5.649065271130123e-07,0.9999991510843009,8.489156991282261e-07,1.0
65445,nc73481116,36.7896667,-121.5171667,2020-11-13 01:07:20.090,2.8000000000000003,2.0,0.0,5.649065271130123e-07,0.9995219810683231,0.0004780189316770843,1.0
65449,ci39464039,33.995,-117.168,2020-11-13 05:34:59.730,2.3000000000000003,2.0,0.0,5.649065271130123e-07,0.9927010998333543,0.007298900166645662,1.0
65607,ci39465039,34.06,-117.2601667,2020-11-13 22:39:31.970,2.2,2.0,0.0,5.649065271130123e-07,0.9982294467830339,0.0017705532169659912,1.0
65682,nc73482121,36.6675,-121.2898333,2020-11-14 16:10:50.800,2.1,2.0,0.0,5.649065271130123e-07,0.9998995898295361,0.00010041017046399089,1.0
65758,nc73482586,36.6446667,-121.2575,2020-11-15 19:08:00.660,2.1,2.0,0.0,5.649065271130123e-07,0.9998619022395574,0.00013809776044268433,1.0
65799,ci39466855,34.0433333,-117.2331667,2020-11-16 09:28:01.580,3.4000000000000004,2.0,0.0,5.649065271130123e-07,0.9981293581849034,0.0018706418150965457,1.0
65841,ci39467927,33.8263333,-116.2271667,2020-11-17 04:59:42.610,2.2,2.0,0.0,5.649065271130123e-07,0.8162841961873631,0.18371580381263694,1.0
65847,ci39467983,34.0711667,-116.7215,2020-11-17 07:19:21.210,3.5,2.0,0.0,5.649065271130123e-07,0.9514988276406553,0.04850117235934463,1.0
65860,nc73483346,36.4575,-121.0376667,2020-11-17 15:00:12.510,2.0,2.0,0.0,5.649065271130123e-07,0.999242833645009,0.0007571663549909483,1.0
65895,ci39469111,34.0731667,-116.7206667,2020-11-18 10:41:39.150,2.0,2.0,0.0,5.649065271130123e-07,0.999991232580552,8.76741944810353e-06,1.0
65968,nc73484576,38.8885,-123.6266667,2020-11-20 02:48:42.130,2.5,2.0,0.0,5.649065271130123e-07,0.9984355941251444,0.0015644058748557064,1.0
65998,ci39472135,33.9965,-117.1668333,2020-11-20 23:35:08.130,2.6,2.0,0.0,5.649065271130123e-07,0.999936031607918,6.396839208168898e-05,1.0
66002,ci39472183,33.9946667,-117.1686667,2020-11-21 01:00:55.230,2.1,2.0,0.0,5.649065271130123e-07,0.9999983281653461,1.6718346540159494e-06,1.0
66025,ci39472751,34.0526667,-117.2528333,2020-11-21 16:32:38.560,2.0,2.0,0.0,5.649065271130123e-07,0.9992490264487284,0.0007509735512716607,1.0
66104,nc73486356,36.8278333,-121.5633333,2020-11-23 21:22:29.270,2.1,2.0,0.0,5.649065271130123e-07,0.9992835696797323,0.0007164303202677084,1.0
66180,nc73487396,36.6375,-121.2188333,2020-11-26 12:22:29.290,2.2,2.0,0.0,5.649065271130123e-07,0.9942038780214003,0.005796121978599693,1.0
66186,ci39477655,34.4638333,-117.9625,2020-11-26 16:52:39.070,3.1,2.0,0.0,5.649065271130123e-07,0.8759364925284022,0.12406350747159757,1.0
66208,nc73487651,36.6613333,-121.292,2020-11-27 04:59:39.010,2.4000000000000004,2.0,0.0,5.649065271130123e-07,0.9998599274867196,0.00014007251328054636,1.0
66227,ci39478751,34.0465,-117.2418333,2020-11-28 00:56:56.550,2.9000000000000004,2.0,0.0,5.649065271130123e-07,0.9996639316287561,0.0003360683712440408,1.0
66495,ci39482631,33.1856667,-115.7328333,2020-12-02 06:42:46.700,2.5,2.0,0.0,5.649065271130123e-07,0.9461517189738043,0.053848281026195634,1.0
66775,ci39484199,34.087,-116.8525,2020-12-03 19:11:50.420,2.5,2.0,0.0,5.649065271130123e-07,0.9999133296109425,8.667038905759927e-05,1.0
66800,nc73492895,36.7416667,-121.4511667,2020-12-04 03:18:25.150,3.2,2.0,0.0,5.649065271130123e-07,0.9969830750040063,0.003016924995993602,1.0
66807,nc73492935,36.7461667,-121.4508333,2020-12-04 05:50:52.450,2.1,2.0,0.0,5.649065271130123e-07,0.9999953675303148,4.632469685248849e-06,1.0
66850,ci39484951,33.8733333,-116.9743333,2020-12-04 15:36:39.220,2.3000000000000003,2.0,0.0,5.649065271130123e-07,0.9177926187242395,0.0822073812757604,1.0
67003,nc73494845,39.874,-124.0701667,2020-12-07 14:16:20.150,2.3000000000000003,2.0,0.0,5.649065271130123e-07,0.0,1.0,1.0
67010,nc73494940,36.0266667,-120.5938333,2020-12-07 19:44:14.690,2.3000000000000003,2.0,0.0,5.649065271130123e-07,0.9996411437084024,0.00035885629159761753,1.0
67014,ci39487743,34.0203333,-117.2285,2020-12-07 20:22:15.650,2.1,2.0,0.0,5.649065271130123e-07,0.9992139638835525,0.0007860361164475431,1.0
67015,ci39487751,34.0208333,-117.228,2020-12-07 20:26:08.110,2.3000000000000003,2.0,0.0,5.649065271130123e-07,0.9999998913440499,1.0865595013975248e-07,1.0
67115,nc73495870,36.6851667,-121.205,2020-12-10 05:23:40.920,2.2,2.0,0.0,5.649065271130123e-07,0.9490238054404718,0.0509761945595281,1.0
67175,ci39727280,34.2301667,-117.4486667,2020-12-11 15:17:03.140,2.2,2.0,0.0,5.649065271130123e-07,0.993140005326669,0.006859994673331033,1.0
67176,ci39727288,34.2303333,-117.4478333,2020-12-11 15:17:07.720,2.3000000000000003,2.0,0.0,5.649065271130123e-07,0.9999999931183018,6.8816982794659665e-09,1.0
67205,nc73496780,36.0436667,-120.6136667,2020-12-12 08:33:45.150,2.5,2.0,0.0,5.649065271130123e-07,0.9985732142094234,0.0014267857905765485,1.0
67229,ci39728376,34.945,-119.1008333,2020-12-12 16:43:54.730,2.0,2.0,0.0,5.649065271130123e-07,0.8200913819459003,0.17990861805409974,1.0
67238,nc73497045,36.5835,-121.44,2020-12-12 19:55:38.040,2.1,2.0,0.0,5.649065271130123e-07,0.501275427658508,0.4987245723414922,1.0
67292,nc73497445,35.9231667,-120.4723333,2020-12-14 02:47:46.610,2.4000000000000004,2.0,0.0,5.649065271130123e-07,0.9989936160743967,0.0010063839256032575,1.0
67445,nc73498610,36.263,-120.855,2020-12-16 06:57:10.860,2.1,2.0,0.0,5.649065271130123e-07,0.980805981260801,0.01919401873919903,1.0
67511,nc73499375,40.2136667,-124.123,2020-12-17 14:43:58.660,2.0,2.0,0.0,5.649065271130123e-07,0.9848987661592883,0.015101233840711726,1.0
67565,nc73500045,36.6071667,-121.2133333,2020-12-18 23:50:05.270,2.5,2.0,0.0,5.649065271130123e-07,0.9998204489754835,0.00017955102451642802,1.0
67589,nc73500430,36.1935,-120.7705,2020-12-19 18:40:10.630,2.9000000000000004,2.0,0.0,5.649065271130123e-07,0.999519319990606,0.00048068000939413265,1.0
67597,nc73500570,36.6141667,-121.2175,2020-12-20 01:25:31.460,2.5,2.0,0.0,5.649065271130123e-07,0.9998901431568858,0.00010985684311423197,1.0
67634,nc73500940,36.9605,-121.5928333,2020-12-21 03:33:48.500,2.3000000000000003,2.0,0.0,5.649065271130123e-07,0.9996424736922846,0.0003575263077153539,1.0
67636,ci39499527,34.1656667,-117.4753333,2020-12-21 05:13:31.650,2.4000000000000004,2.0,0.0,5.649065271130123e-07,0.980580825041093,0.01941917495890687,1.0
67671,ci39500703,34.4573333,-117.9221667,2020-12-22 07:38:15.460,2.8000000000000003,2.0,0.0,5.649065271130123e-07,0.9975263024307127,0.002473697569287278,1.0
67678,nc73501550,38.832,-123.3128333,2020-12-22 12:53:51.210,2.0,2.0,0.0,5.649065271130123e-07,0.3593527868831441,0.6406472131168559,1.0
67717,nc73502035,36.844,-121.5741667,2020-12-24 00:22:04.800,2.7,2.0,0.0,5.649065271130123e-07,0.9997334162438752,0.0002665837561247015,1.0
67732,nc73502255,36.4966667,-121.0783333,2020-12-24 13:26:34.770,2.1,2.0,0.0,5.649065271130123e-07,0.9996325692182229,0.0003674307817772408,1.0
67752,ci39503503,33.7486667,-115.9231667,2020-12-25 10:24:28.860,2.0,2.0,0.0,5.649065271130123e-07,0.5550669719214857,0.44493302807851437,1.0
67756,ci39503575,33.7481667,-115.9226667,2020-12-25 11:41:05.090,2.4000000000000004,2.0,0.0,5.649065271130123e-07,0.9999989025728504,1.0974271496025648e-06,1.0
67762,ci39503727,33.7468333,-115.9223333,2020-12-25 14:00:19.550,2.3000000000000003,2.0,0.0,5.649065271130123e-07,0.9999987450755129,1.2549244870333795e-06,1.0
67763,ci39503735,33.7481667,-115.9201667,2020-12-25 14:01:02.340,2.2,2.0,0.0,5.649065271130123e-07,0.9999999490213765,5.097862368347788e-08,1.0
67778,ci39504023,33.7473333,-115.9211667,2020-12-25 20:25:59.070,3.6,2.0,0.0,5.649065271130123e-07,0.9999987616900778,1.238309922014913e-06,1.0
67780,ci39504079,33.7451667,-115.9175,2020-12-25 20:41:22.950,2.5,2.0,0.0,5.649065271130123e-07,0.999999590904981,4.0909501887764203e-07,1.0
67781,ci37463597,33.7448333,-115.9123333,2020-12-25 20:41:27.500,2.4000000000000004,2.0,0.0,5.649065271130123e-07,0.9999999710389311,2.8961068912637593e-08,1.0
67783,ci39504119,33.7441667,-115.9213333,2020-12-25 20:58:52.980,2.1,2.0,0.0,5.649065271130123e-07,0.9999996821738805,3.1782611956453124e-07,1.0
67784,ci37464421,33.7413333,-115.9223333,2020-12-25 20:58:56.760,2.1,2.0,0.0,5.649065271130123e-07,0.9999999821610202,1.7838979746155818e-08,1.0
67785,ci39504151,33.9246667,-116.7693333,2020-12-25 21:27:08.340,2.5,2.0,0.0,5.649065271130123e-07,0.851709158747722,0.14829084125227796,1.0
67790,ci39504263,33.7466667,-115.9225,2020-12-25 23:01:03.190,2.1,2.0,0.0,5.649065271130123e-07,0.9999995076527174,4.923472826662702e-07,1.0
67792,ci39504279,33.7478333,-115.9188333,2020-12-25 23:34:15.100,2.0,2.0,0.0,5.649065271130123e-07,0.9999994943519961,5.056480039041719e-07,1.0
67794,ci39504303,33.7441667,-115.9178333,2020-12-26 00:27:01.530,2.1,2.0,0.0,5.649065271130123e-07,0.9999993242331761,6.757668240465258e-07,1.0
67872,nc73503535,36.8441667,-121.5748333,2020-12-27 19:05:47.530,3.2,2.0,0.0,5.649065271130123e-07,0.9999808351525671,1.9164847432933896e-05,1.0
67878,nc73503580,36.643,-121.2543333,2020-12-27 22:37:13.490,2.1,2.0,0.0,5.649065271130123e-07,0.9998366217226372,0.00016337827736272138,1.0
67928,ci39506303,34.7141667,-119.0118333,2020-12-29 05:15:16.990,2.0,2.0,0.0,5.649065271130123e-07,0.02325763273893118,0.9767423672610689,1.0
67948,nc73504280,36.6066667,-121.2086667,2020-12-30 00:14:50.960,2.7,2.0,0.0,5.649065271130123e-07,0.9999158815622889,8.411843771114724e-05,1.0
67958,nc73504360,37.3543333,-122.1411667,2020-12-30 04:26:30.420,2.8000000000000003,2.0,0.0,5.649065271130123e-07,0.8191337208964657,0.18086627910353423,1.0
67960,nc73504420,36.605,-121.2088333,2020-12-30 08:30:22.090,3.1,2.0,0.0,5.649065271130123e-07,0.999995620892286,4.379107714000666e-06,1.0
67962,nc73504435,36.603,-121.2063333,2020-12-30 08:44:48.960,2.6,2.0,0.0,5.649065271130123e-07,0.9999996115841299,3.8841587010688426e-07,1.0
67963,nc73504440,36.6018333,-121.2015,2020-12-30 08:45:29.900,2.4000000000000004,2.0,0.0,5.649065271130123e-07,0.9999999035315591,9.646844093761785e-08,1.0
67968,nc73504575,37.3578333,-122.143,2020-12-30 16:48:27.840,2.1,2.0,0.0,5.649065271130123e-07,0.9999846510965498,1.5348903450425148e-05,1.0
67978,nc73504660,36.817,-121.2816667,2020-12-30 20:59:17.370,2.0,2.0,0.0,5.649065271130123e-07,0.9904402069116305,0.009559793088369475,1.0
67980,ci39507543,33.7525,-115.9195,2020-12-30 22:36:54.940,2.4000000000000004,2.0,0.0,5.649065271130123e-07,0.9999731258192462,2.6874180753753217e-05,1.0
67991,ci39507863,33.754,-115.9198333,2020-12-31 06:30:04.860,2.4000000000000004,2.0,0.0,5.649065271130123e-07,0.9999955578059433,4.442194056736909e-06,1.0
67996,ci39507983,34.0426667,-116.9503333,2020-12-31 11:50:06.340,2.0,2.0,0.0,5.649065271130123e-07,0.8931144762867279,0.10688552371327197,1.0
68000,nc73505175,37.7995,-122.5936667,2020-12-31 13:41:59.040,3.3000000000000003,2.0,0.0,5.649065271130123e-07,0.9914501705323193,0.00854982946768065,1.0
68018,ci39508463,33.7446667,-115.9246667,2021-01-01 06:01:02.000,2.8000000000000003,2.0,0.0,5.649065271130123e-07,0.9999870843740212,1.2915625978858156e-05,1.0
68021,ci39508519,33.7546667,-115.9235,2021-01-01 08:28:35.390,2.5,2.0,0.0,5.649065271130123e-07,0.9999894245090213,1.0575490978795853e-05,1.0
68042,nc73505670,36.6545,-121.2676667,2021-01-01 19:52:05.660,2.2,2.0,0.0,5.649065271130123e-07,0.9998279787769324,0.0001720212230675826,1.0
68069,nc73506040,36.6083333,-121.2156667,2021-01-02 14:36:36.420,3.1,2.0,0.0,5.649065271130123e-07,0.9999652976882393,3.4702311760934926e-05,1.0
68070,nc73506045,36.6085,-121.2125,2021-01-02 14:42:23.790,4.3,2.0,0.0,5.649065271130123e-07,0.9999998247286327,1.752713671944104e-07,1.0
68072,nc73506055,36.6073333,-121.2121667,2021-01-02 15:02:33.250,2.4000000000000004,2.0,0.0,5.649065271130123e-07,0.9999998703819177,1.2961808218198569e-07,1.0
68074,nc73506065,36.6063333,-121.2188333,2021-01-02 15:08:42.680,2.5,2.0,0.0,5.649065271130123e-07,0.9999996982631731,3.017368268379809e-07,1.0
68076,nc73506080,36.6145,-121.2228333,2021-01-02 15:31:12.420,2.0,2.0,0.0,5.649065271130123e-07,0.9999977838833867,2.216116613167267e-06,1.0
68078,nc73506095,36.6058333,-121.2096667,2021-01-02 15:41:29.750,2.5,2.0,0.0,5.649065271130123e-07,0.9999996472291859,3.527708140811644e-07,1.0
68079,nc73506100,36.6156667,-121.2255,2021-01-02 16:11:20.910,2.2,2.0,0.0,5.649065271130123e-07,0.9999988124961164,1.1875038836424792e-06,1.0
68086,nc73506170,36.6148333,-121.2208333,2021-01-02 19:08:50.790,2.1,2.0,0.0,5.649065271130123e-07,0.9999982132567142,1.7867432858925887e-06,1.0
68091,nc73506185,36.6213333,-121.2285,2021-01-02 21:31:41.310,2.6,2.0,0.0,5.649065271130123e-07,0.999986440682454,1.3559317545969593e-05,1.0
68093,nc73506225,36.6195,-121.2268333,2021-01-02 23:21:03.960,2.2,2.0,0.0,5.649065271130123e-07,0.9999984059678904,1.5940321096769623e-06,1.0
68094,nc73506235,36.6148333,-121.2245,2021-01-02 23:34:32.000,2.6,2.0,0.0,5.649065271130123e-07,0.9999991013692915,8.986307085191938e-07,1.0
68099,nc73506320,36.6188333,-121.2296667,2021-01-03 02:45:39.050,2.5,2.0,0.0,5.649065271130123e-07,0.9999981753222356,1.8246777645046943e-06,1.0
68103,nc73506355,36.6215,-121.2308333,2021-01-03 03:51:09.190,3.0,2.0,0.0,5.649065271130123e-07,0.9999988945965831,1.1054034167848103e-06,1.0
68104,nc73506360,36.6175,-121.2236667,2021-01-03 03:52:01.770,2.2,2.0,0.0,5.649065271130123e-07,0.9999997603541032,2.396458967651121e-07,1.0
68108,nc73506395,36.6201667,-121.231,2021-01-03 04:33:15.280,2.5,2.0,0.0,5.649065271130123e-07,0.9999996580775476,3.4192245234146284e-07,1.0
68109,nc73506410,36.6005,-121.2076667,2021-01-03 05:21:59.970,3.4000000000000004,2.0,0.0,5.649065271130123e-07,0.999992288982798,7.7110172019539e-06,1.0
68112,nc73506425,36.6126667,-121.219,2021-01-03 06:05:32.870,2.6,2.0,0.0,5.649065271130123e-07,0.9999978173403741,2.1826596260469753e-06,1.0
68114,nc73506440,36.6218333,-121.2305,2021-01-03 06:45:00.060,2.1,2.0,0.0,5.649065271130123e-07,0.9999994509888576,5.490111425066192e-07,1.0
68120,nc73506480,36.4388333,-121.0125,2021-01-03 08:33:21.930,2.0,2.0,0.0,5.649065271130123e-07,0.9993394928458427,0.0006605071541573143,1.0
68121,nc73506495,36.6188333,-121.2321667,2021-01-03 09:16:50.450,2.6,2.0,0.0,5.649065271130123e-07,0.9999990501008723,9.498991277239643e-07,1.0
68139,nc73506705,36.6063333,-121.2091667,2021-01-04 00:38:30.810,2.2,2.0,0.0,5.649065271130123e-07,0.9999974843130154,2.5156869845572415e-06,1.0
68145,nc73506805,36.6198333,-121.2283333,2021-01-04 07:17:53.190,2.2,2.0,0.0,5.649065271130123e-07,0.9999980457755333,1.9542244667734557e-06,1.0
68154,nc73506885,36.6191667,-121.2273333,2021-01-04 13:07:47.410,2.2,2.0,0.0,5.649065271130123e-07,0.9999984907616226,1.5092383774489138e-06,1.0
68199,ci39511303,33.9838333,-116.6738333,2021-01-05 08:21:44.950,2.4000000000000004,2.0,0.0,5.649065271130123e-07,0.9947100604874636,0.005289939512536403,1.0
68201,nc73507165,36.6221667,-121.2338333,2021-01-05 10:15:42.830,2.8000000000000003,2.0,0.0,5.649065271130123e-07,0.999994234176214,5.765823786043226e-06,1.0
68254,ci39750584,34.246,-117.064,2021-01-07 07:58:26.430,2.2,2.0,0.0,5.649065271130123e-07,0.4301744856689688,0.5698255143310313,1.0
68284,ci39751616,34.228,-117.4523333,2021-01-08 17:08:44.710,2.1,2.0,0.0,5.649065271130123e-07,0.9997237010130744,0.0002762989869255991,1.0
68286,nc73508240,36.6415,-121.2568333,2021-01-08 17:41:11.900,2.1,2.0,0.0,5.649065271130123e-07,0.9999358891715231,6.41108284768977e-05,1.0
68323,ci39752456,34.0186667,-117.2076667,2021-01-09 19:40:57.960,2.4000000000000004,2.0,0.0,5.649065271130123e-07,0.9955311785463958,0.004468821453603977,1.0
68327,nc73508780,36.6196667,-121.2283333,2021-01-09 22:41:51.810,2.5,2.0,0.0,5.649065271130123e-07,0.9999950792969741,4.920703025939252e-06,1.0
68379,nc73509315,36.5485,-121.1355,2021-01-11 01:48:46.500,2.1,2.0,0.0,5.649065271130123e-07,0.9998252389855601,0.00017476101443982502,1.0
68411,ci39754240,34.0496667,-117.0955,2021-01-12 00:27:43.390,2.0,2.0,0.0,5.649065271130123e-07,0.7947387936837489,0.20526120631625105,1.0
68442,nc73510370,36.7693333,-121.4776667,2021-01-13 08:26:31.150,2.8000000000000003,2.0,0.0,5.649065271130123e-07,0.9895853859653089,0.010414614034691183,1.0
68455,nc73510580,36.4598333,-121.0378333,2021-01-13 20:53:31.320,2.0,2.0,0.0,5.649065271130123e-07,0.9997109457225913,0.0002890542774087085,1.0
68494,ci39757832,34.0915,-116.8521667,2021-01-15 06:05:48.010,2.0,2.0,0.0,5.649065271130123e-07,0.999809531718272,0.00019046828172793274,1.0
68607,ci39759224,33.7996667,-116.0676667,2021-01-16 22:29:01.660,2.3000000000000003,2.0,0.0,5.649065271130123e-07,0.9293422281951503,0.07065777180484961,1.0
68629,nc73512355,36.8673333,-121.6105,2021-01-17 04:01:27.110,4.2,2.0,0.0,5.649065271130123e-07,0.9991848931786588,0.0008151068213411661,1.0
68631,nc73512360,36.8788333,-121.6163333,2021-01-17 04:04:36.270,2.0,2.0,0.0,5.649065271130123e-07,0.9999988540683359,1.1459316639994551e-06,1.0
68632,nc73512365,36.8658333,-121.6086667,2021-01-17 04:06:03.950,3.0,2.0,0.0,5.649065271130123e-07,0.9999999320065708,6.799342937229408e-08,1.0
68633,nc73512375,36.8615,-121.6066667,2021-01-17 04:14:10.910,2.0,2.0,0.0,5.649065271130123e-07,0.9999996787375817,3.2126241820078116e-07,1.0
68688,nc73512880,37.3636667,-122.1376667,2021-01-18 09:01:37.610,2.2,2.0,0.0,5.649065271130123e-07,0.9989737238087621,0.0010262761912378088,1.0
68723,nc73513315,37.773,-122.5631667,2021-01-19 13:22:05.310,2.3000000000000003,2.0,0.0,5.649065271130123e-07,0.992128668677636,0.007871331322364004,1.0
68725,nc73513350,36.6741667,-121.09,2021-01-19 15:14:13.270,2.2,2.0,0.0,5.649065271130123e-07,0.8359135166972698,0.1640864833027302,1.0
68767,nc73513990,37.7543333,-122.5623333,2021-01-20 22:31:43.380,2.0,2.0,0.0,5.649065271130123e-07,0.9967764569499611,0.0032235430500388643,1.0
68768,nc73514015,36.9576667,-121.5801667,2021-01-20 23:36:16.740,2.1,2.0,0.0,5.649065271130123e-07,0.999100681679039,0.0008993183209609835,1.0
68776,nc73514050,36.6228333,-121.2311667,2021-01-21 00:52:26.060,2.2,2.0,0.0,5.649065271130123e-07,0.9999857434912486,1.4256508751461542e-05,1.0
68931,ci39767952,34.2473333,-117.7933333,2021-01-25 17:35:27.850,2.2,2.0,0.0,5.649065271130123e-07,0.07316843729480038,0.9268315627051995,1.0
69007,nc73517195,36.6568333,-121.2716667,2021-01-27 11:33:05.300,2.1,2.0,0.0,5.649065271130123e-07,0.9998929747670695,0.00010702523293061279,1.0
69058,nc73517865,36.6025,-121.215,2021-01-29 10:05:27.420,2.2,2.0,0.0,5.649065271130123e-07,0.9999492000739569,5.0799926042933924e-05,1.0
69073,nc73518130,35.9258333,-120.4763333,2021-01-29 17:32:06.810,2.0,2.0,0.0,5.649065271130123e-07,0.9996067415916802,0.0003932584083198508,1.0
69130,nc73518915,36.0991667,-120.6626667,2021-01-31 16:31:33.960,2.0,2.0,0.0,5.649065271130123e-07,0.9339447034636974,0.06605529653630259,1.0
69194,nc73519570,36.406,-120.9875,2021-02-02 06:57:13.300,2.2,2.0,0.0,5.649065271130123e-07,0.9971381286921686,0.002861871307831415,1.0
69230,nc73517771,36.6381667,-121.2511667,2021-02-03 04:37:41.080,2.4000000000000004,2.0,0.0,5.649065271130123e-07,0.9998221499764763,0.000177850023523656,1.0
69263,nc73518151,36.0233333,-120.6051667,2021-02-04 03:10:39.680,2.4000000000000004,2.0,0.0,5.649065271130123e-07,0.997376082628527,0.0026239173714730445,1.0
69276,nc73518456,37.2401667,-122.151,2021-02-04 20:41:53.210,2.2,2.0,0.0,5.649065271130123e-07,0.9637990779856462,0.03620092201435375,1.0
69299,nc73518801,36.4655,-121.0438333,2021-02-05 13:03:56.790,2.4000000000000004,2.0,0.0,5.649065271130123e-07,0.9997705887387855,0.00022941126121440523,1.0
69321,nc73519216,36.7156667,-121.361,2021-02-06 08:00:08.580,2.2,2.0,0.0,5.649065271130123e-07,0.9990528824349106,0.0009471175650893533,1.0
69335,nc73519516,36.0066667,-120.5775,2021-02-06 23:04:52.700,2.6,2.0,0.0,5.649065271130123e-07,0.999199211716079,0.0008007882839210507,1.0
69346,ci39543703,33.9191667,-116.738,2021-02-07 10:23:35.970,2.1,2.0,0.0,5.649065271130123e-07,0.9945261804784156,0.005473819521584447,1.0
69385,ci39544823,33.6811667,-116.0183333,2021-02-08 12:05:50.610,2.0,2.0,0.0,5.649065271130123e-07,0.9643898549168394,0.03561014508316064,1.0
69389,nc73520286,36.5508333,-121.084,2021-02-08 13:54:35.530,2.2,2.0,0.0,5.649065271130123e-07,0.9969533200318518,0.0030466799681482274,1.0
69422,nc73520601,36.6216667,-121.2301667,2021-02-09 07:04:44.060,2.1,2.0,0.0,5.649065271130123e-07,0.9999845754065916,1.5424593408475403e-05,1.0
69546,nc73522106,36.5748333,-121.1731667,2021-02-12 17:07:13.500,3.0,2.0,0.0,5.649065271130123e-07,0.9998003119744471,0.00019968802555298966,1.0
69547,nc73522111,36.5755,-121.1771667,2021-02-12 17:09:30.950,2.1,2.0,0.0,5.649065271130123e-07,0.9999998706750096,1.2932499046943926e-07,1.0
69589,ci39551679,35.0385,-119.1518333,2021-02-14 05:05:27.390,2.1,2.0,0.0,5.649065271130123e-07,0.891724694151737,0.10827530584826285,1.0
69595,ci39551791,34.1495,-116.724,2021-02-14 10:05:54.350,2.0,2.0,0.0,5.649065271130123e-07,0.9728215925988938,0.027178407401106143,1.0
69614,ci39552207,34.1625,-117.473,2021-02-15 00:50:43.640,2.1,2.0,0.0,5.649065271130123e-07,0.999317106175408,0.0006828938245918825,1.0
69684,nc73524311,35.8336667,-120.5561667,2021-02-17 14:36:32.140,2.7,2.0,0.0,5.649065271130123e-07,0.16280120542831367,0.8371987945716864,1.0
69780,nc73525576,40.2376667,-124.1883333,2021-02-20 21:08:04.780,2.4000000000000004,2.0,0.0,5.649065271130123e-07,0.9882049106890135,0.011795089310986632,1.0
69805,nc73526011,36.7998333,-121.314,2021-02-21 15:34:40.050,2.0,2.0,0.0,5.649065271130123e-07,0.9943291932299632,0.005670806770036797,1.0
69818,ci39797144,33.9976667,-116.8083333,2021-02-22 00:28:10.410,3.2,2.0,0.0,5.649065271130123e-07,0.99034838161273,0.00965161838727012,1.0
69822,nc73526151,37.0456667,-121.4781667,2021-02-22 01:38:13.840,3.8000000000000003,2.0,0.0,5.649065271130123e-07,0.9451720668562589,0.054827933143741056,1.0
69836,nc73526376,36.6775,-121.3013333,2021-02-22 12:43:41.960,2.0,2.0,0.0,5.649065271130123e-07,0.99984855599065,0.00015144400934986304,1.0
69848,nc73526566,35.987,-120.5388333,2021-02-22 22:01:13.710,2.0,2.0,0.0,5.649065271130123e-07,0.9947529623915746,0.005247037608425339,1.0
69880,nc73526911,36.4348333,-121.0083333,2021-02-23 22:53:44.540,2.1,2.0,0.0,5.649065271130123e-07,0.9989625208134782,0.001037479186521673,1.0
69925,nc73527446,36.5451667,-121.1366667,2021-02-25 00:08:48.510,2.2,2.0,0.0,5.649065271130123e-07,0.9998722164533865,0.00012778354661354636,1.0
69936,nc73527601,36.7086667,-121.3466667,2021-02-25 08:11:51.610,2.9000000000000004,2.0,0.0,5.649065271130123e-07,0.9995406202236391,0.00045937977636097507,1.0
69956,ci39801904,34.022,-116.7306667,2021-02-25 21:49:48.030,2.1,2.0,0.0,5.649065271130123e-07,0.9847548353279187,0.015245164672081498,1.0
69979,nc73528376,36.4965,-121.076,2021-02-26 11:54:57.860,2.5,2.0,0.0,5.649065271130123e-07,0.9998422813650052,0.0001577186349947438,1.0
70048,nc73529346,36.9543333,-121.631,2021-02-28 16:31:38.730,2.4000000000000004,2.0,0.0,5.649065271130123e-07,0.9761924738440597,0.023807526155940187,1.0
70071,ci39805264,34.1803333,-117.559,2021-03-01 06:17:09.090,2.9000000000000004,2.0,0.0,5.649065271130123e-07,0.9115453296303142,0.08845467036968573,1.0
70072,nc73529611,36.7005,-121.3745,2021-03-01 06:26:51.890,2.1,2.0,0.0,5.649065271130123e-07,0.9960453043360036,0.003954695663996282,1.0
70074,nc73529631,36.5886667,-121.0858333,2021-03-01 07:13:45.960,2.5,2.0,0.0,5.649065271130123e-07,0.9969573041494885,0.003042695850511486,1.0
70076,nc73529681,36.202,-120.7961667,2021-03-01 09:24:05.580,2.0,2.0,0.0,5.649065271130123e-07,0.984244633343801,0.015755366656199168,1.0
70108,nc73530176,36.5726667,-121.116,2021-03-02 02:33:03.050,2.2,2.0,0.0,5.649065271130123e-07,0.9987468322023842,0.0012531677976157435,1.0
70110,nc71122834,36.7158333,-121.3476667,2021-03-02 03:32:40.240,2.5,2.0,0.0,5.649065271130123e-07,0.9997479363830595,0.0002520636169404527,1.0
70111,us7000derz,36.6944,-121.3845,2021-03-02 03:32:40.461,2.1,2.0,0.0,5.649065271130123e-07,0.999994953619171,5.046380829004314e-06,1.0
70114,nc73530226,36.7028333,-121.3721667,2021-03-02 04:27:54.630,2.2,2.0,0.0,5.649065271130123e-07,0.9999807397253736,1.9260274626495924e-05,1.0
70125,ci39807144,34.4611667,-117.9656667,2021-03-02 17:44:30.500,2.6,2.0,0.0,5.649065271130123e-07,0.999309499967709,0.0006905000322908588,1.0
70131,ci39807424,33.892,-116.327,2021-03-02 23:02:14.610,2.1,2.0,0.0,5.649065271130123e-07,0.8512492877479569,0.14875071225204312,1.0
70177,ci39808872,33.7568333,-116.1133333,2021-03-04 13:42:42.950,2.0,2.0,0.0,5.649065271130123e-07,0.9108989061083838,0.08910109389161612,1.0
70222,ci39573215,34.2905,-117.0763333,2021-03-06 03:01:37.380,2.1,2.0,0.0,5.649065271130123e-07,0.9973373702970796,0.00266262970292042,1.0
70223,ci39573271,34.0113333,-117.2058333,2021-03-06 04:45:00.470,2.0,2.0,0.0,5.649065271130123e-07,0.9978343436351836,0.0021656563648163028,1.0
70235,ci39573831,34.1058333,-117.3175,2021-03-06 19:22:07.080,2.0,2.0,0.0,5.649065271130123e-07,0.9986096732720362,0.0013903267279638447,1.0
70249,nc73532411,36.8395,-121.36,2021-03-07 12:05:48.460,2.0,2.0,0.0,5.649065271130123e-07,0.8687906219046173,0.13120937809538272,1.0
70278,nc73532961,36.6183333,-121.2218333,2021-03-08 20:41:07.700,2.2,2.0,0.0,5.649065271130123e-07,0.9999453916471289,5.4608352870918517e-05,1.0
70296,ci39575567,34.0306667,-116.8608333,2021-03-09 12:42:47.680,2.4000000000000004,2.0,0.0,5.649065271130123e-07,0.9888077187583743,0.011192281241625898,1.0
70328,nc73533576,36.4691667,-121.0476667,2021-03-10 22:12:30.090,2.1,2.0,0.0,5.649065271130123e-07,0.9997879996579194,0.00021200034208062726,1.0
70352,nc73534031,36.5668333,-121.1578333,2021-03-12 01:24:34.210,2.2,2.0,0.0,5.649065271130123e-07,0.9998141053112699,0.0001858946887300999,1.0
70367,ci39578047,34.1098333,-117.3173333,2021-03-12 14:23:57.610,2.5,2.0,0.0,5.649065271130123e-07,0.9998378241545266,0.00016217584547345549,1.0
70383,nc73534526,36.5898333,-121.1898333,2021-03-13 03:22:18.730,2.5,2.0,0.0,5.649065271130123e-07,0.9998316592333555,0.000168340766644611,1.0
70384,nc73534536,36.5886667,-121.1876667,2021-03-13 03:56:22.980,2.4000000000000004,2.0,0.0,5.649065271130123e-07,0.9999992044059959,7.955940041571956e-07,1.0
70386,ci39578967,34.294,-117.0558333,2021-03-13 04:52:42.300,2.0,2.0,0.0,5.649065271130123e-07,0.991100013201383,0.00889998679861707,1.0
70423,nc73535286,36.5658333,-121.1495,2021-03-15 07:14:47.320,2.6,2.0,0.0,5.649065271130123e-07,0.9997915149541129,0.00020848504588707537,1.0
70424,nc73535291,36.5625,-121.148,2021-03-15 07:14:51.820,2.4000000000000004,2.0,0.0,5.649065271130123e-07,0.9999999812683376,1.8731662446024677e-08,1.0
70432,ci39581063,34.81,-118.9326667,2021-03-15 22:38:21.670,2.3000000000000003,2.0,0.0,5.649065271130123e-07,0.9676036877470447,0.03239631225295527,1.0
70484,nc73538540,36.794,-121.5261667,2021-03-17 18:24:57.360,2.3000000000000003,2.0,0.0,5.649065271130123e-07,0.9993983224502562,0.000601677549743777,1.0
70498,nc73538735,36.5613333,-121.1456667,2021-03-18 07:18:55.060,2.2,2.0,0.0,5.649065271130123e-07,0.9999726087818359,2.739121816429689e-05,1.0
70505,nc73538955,36.6045,-121.2086667,2021-03-18 18:56:45.650,3.4000000000000004,2.0,0.0,5.649065271130123e-07,0.9999649978506228,3.5002149377395396e-05,1.0
70507,nc73538990,36.6,-121.2016667,2021-03-18 19:48:24.840,2.5,2.0,0.0,5.649065271130123e-07,0.9999954297247942,4.570275205747235e-06,1.0
70597,ci39586591,34.0441667,-117.2516667,2021-03-21 19:04:50.930,2.6,2.0,0.0,5.649065271130123e-07,0.9986544218701797,0.001345578129820239,1.0
70609,nc73540470,36.999,-121.4641667,2021-03-22 06:09:50.980,2.3000000000000003,2.0,0.0,5.649065271130123e-07,0.995365320996562,0.004634679003438021,1.0
70610,nc73540490,36.5683333,-121.1583333,2021-03-22 07:09:22.220,2.0,2.0,0.0,5.649065271130123e-07,0.9999504664006755,4.953359932430242e-05,1.0
70611,nc73540500,37.0003333,-121.46,2021-03-22 07:55:30.120,2.0,2.0,0.0,5.649065271130123e-07,0.9999954267771183,4.573222881740315e-06,1.0
70612,nc73540510,36.0053333,-120.5725,2021-03-22 08:10:28.740,2.3000000000000003,2.0,0.0,5.649065271130123e-07,0.9997006034707868,0.0002993965292132189,1.0
70613,nc73540520,36.9993333,-121.4586667,2021-03-22 08:16:00.310,2.1,2.0,0.0,5.649065271130123e-07,0.9999994971828466,5.028171534094596e-07,1.0
70631,nc73538636,35.9715,-120.5233333,2021-03-22 23:55:15.040,2.7,2.0,0.0,5.649065271130123e-07,0.9986217316035643,0.0013782683964356543,1.0
70641,nc73538856,35.9711667,-120.5238333,2021-03-23 12:51:35.290,2.0,2.0,0.0,5.649065271130123e-07,0.9999953620147704,4.637985229726479e-06,1.0
70675,ci39589335,34.0063333,-117.1996667,2021-03-24 20:44:10.800,2.0,2.0,0.0,5.649065271130123e-07,0.998427313331942,0.0015726866680578675,1.0
70680,nc73539551,37.0035,-121.4615,2021-03-24 23:07:08.590,3.2,2.0,0.0,5.649065271130123e-07,0.9999629902935125,3.700970648740079e-05,1.0
70681,nc73539561,36.8706667,-121.3035,2021-03-24 23:29:46.680,2.8000000000000003,2.0,0.0,5.649065271130123e-07,0.9828232713599856,0.01717672864001442,1.0
70745,nc73540541,36.6195,-121.224,2021-03-27 08:49:36.720,2.6,2.0,0.0,5.649065271130123e-07,0.9999616353677664,3.836463223351434e-05,1.0
70772,ci39592911,33.7866667,-116.051,2021-03-28 12:25:57.870,2.0,2.0,0.0,5.649065271130123e-07,0.9939061800559388,0.006093819944061333,1.0
70803,nc73541616,36.3738333,-120.9658333,2021-03-30 06:25:52.440,2.1,2.0,0.0,5.649065271130123e-07,0.9868784019163389,0.013121598083661107,1.0
70874,nc73544470,36.797,-121.5231667,2021-03-31 13:44:03.800,3.3000000000000003,2.0,0.0,5.649065271130123e-07,0.999789083801251,0.00021091619874882923,1.0
70902,nc73544625,36.7925,-121.5258333,2021-04-01 01:14:41.540,2.5,2.0,0.0,5.649065271130123e-07,0.9999861678796889,1.383212031116302e-05,1.0
70939,nc73544980,36.0543333,-120.6173333,2021-04-02 04:54:30.430,2.3000000000000003,2.0,0.0,5.649065271130123e-07,0.9972517898413198,0.002748210158680157,1.0
70949,nc73545050,36.619,-121.2231667,2021-04-02 09:34:44.710,2.4000000000000004,2.0,0.0,5.649065271130123e-07,0.9999818672057045,1.8132794295581404e-05,1.0
70953,ci39835864,34.3076667,-117.1918333,2021-04-02 11:54:04.160,2.2,2.0,0.0,5.649065271130123e-07,0.3850447696359535,0.6149552303640465,1.0
70966,nc73545210,36.7968333,-121.527,2021-04-03 07:17:26.030,2.8000000000000003,2.0,0.0,5.649065271130123e-07,0.9999815725502699,1.842744973018565e-05,1.0
70981,nc73545355,36.7985,-121.535,2021-04-03 23:12:06.320,2.2,2.0,0.0,5.649065271130123e-07,0.9999584351481182,4.1564851881844224e-05,1.0
71006,ci39838568,33.9661667,-116.978,2021-04-04 21:14:44.870,3.3000000000000003,2.0,0.0,5.649065271130123e-07,0.9765006078568041,0.023499392143195928,1.0
71019,ci39838832,34.9725,-119.1171667,2021-04-05 07:19:42.700,2.0,2.0,0.0,5.649065271130123e-07,0.8692184620308372,0.1307815379691628,1.0
71028,nc73545745,36.7963333,-121.5186667,2021-04-05 11:16:08.690,2.1,2.0,0.0,5.649065271130123e-07,0.9999672949931648,3.27050068353241e-05,1.0
71077,nc73545815,36.6048333,-121.2081667,2021-04-05 18:14:44.720,2.1,2.0,0.0,5.649065271130123e-07,0.9999778782291446,2.212177085547453e-05,1.0
71082,nc73545840,36.5611667,-121.15,2021-04-05 20:34:08.510,2.0,2.0,0.0,5.649065271130123e-07,0.9999339647586329,6.603524136698075e-05,1.0
71086,nc73545850,36.6045,-121.2031667,2021-04-05 22:30:47.340,2.0,2.0,0.0,5.649065271130123e-07,0.9999894201440155,1.0579855984480396e-05,1.0
71116,nc73546090,36.483,-121.0555,2021-04-06 22:39:33.220,2.0,2.0,0.0,5.649065271130123e-07,0.9988268622572,0.0011731377427999542,1.0
71125,ci39841544,33.9231667,-116.715,2021-04-07 06:46:07.980,2.0,2.0,0.0,5.649065271130123e-07,0.9905922675564297,0.009407732443570342,1.0
71156,nc73546595,36.5513333,-121.1396667,2021-04-08 01:03:00.310,2.3000000000000003,2.0,0.0,5.649065271130123e-07,0.9997680210662336,0.0002319789337663749,1.0
71170,ci39843064,34.1673333,-117.3453333,2021-04-08 05:48:10.810,2.1,2.0,0.0,5.649065271130123e-07,0.917342053934171,0.08265794606582877,1.0
71171,ci39843072,34.1691667,-117.3475,2021-04-08 05:48:26.060,2.0,2.0,0.0,5.649065271130123e-07,0.9999999658879898,3.4112010023160215e-08,1.0
71205,ci39844112,33.9323333,-116.7873333,2021-04-09 00:33:47.080,3.1,2.0,0.0,5.649065271130123e-07,0.9635343177761173,0.036465682223882856,1.0
71206,nc73546990,40.2363333,-124.161,2021-04-09 00:39:31.190,2.5,2.0,0.0,5.649065271130123e-07,0.9961951985837236,0.00380480141627635,1.0
71243,ci39845512,34.1475,-116.4451667,2021-04-10 03:57:58.440,3.0,2.0,0.0,5.649065271130123e-07,0.8540921399855644,0.1459078600144355,1.0
71294,nc73548485,37.6263333,-122.5145,2021-04-12 03:47:05.020,2.1,2.0,0.0,5.649065271130123e-07,0.86632903607915,0.13367096392084996,1.0
71314,nc73548860,36.5725,-121.125,2021-04-13 06:19:41.080,2.1,2.0,0.0,5.649065271130123e-07,0.999302286976666,0.0006977130233339964,1.0
71331,ci39849144,33.8063333,-116.0878333,2021-04-13 21:35:03.940,3.5,2.0,0.0,5.649065271130123e-07,0.9550675323195028,0.04493246768049709,1.0
71332,ci39849168,33.8078333,-116.0885,2021-04-13 22:05:32.100,2.6,2.0,0.0,5.649065271130123e-07,0.9999996449906806,3.5500931941765794e-07,1.0
71333,nc73549060,36.5958333,-121.1973333,2021-04-13 22:11:45.580,2.1,2.0,0.0,5.649065271130123e-07,0.9998372841162446,0.0001627158837553377,1.0
71349,nc73549260,36.8608333,-121.5921667,2021-04-14 12:35:39.130,2.1,2.0,0.0,5.649065271130123e-07,0.9995363370180624,0.0004636629819375285,1.0
71351,nc73549305,36.8631667,-121.5938333,2021-04-14 15:52:50.820,2.4000000000000004,2.0,0.0,5.649065271130123e-07,0.9999947418113648,5.2581886352225895e-06,1.0
71429,nc73550705,36.7735,-121.4866667,2021-04-17 18:33:59.630,2.3000000000000003,2.0,0.0,5.649065271130123e-07,0.9978751602241599,0.002124839775840149,1.0
71449,nc73551030,36.9223333,-121.573,2021-04-18 16:42:25.880,2.2,2.0,0.0,5.649065271130123e-07,0.9946741441531143,0.005325855846885809,1.0
71465,nc73551490,37.6608333,-122.519,2021-04-19 14:54:33.290,2.3000000000000003,2.0,0.0,5.649065271130123e-07,0.9974394110119086,0.0025605889880912828,1.0
71482,nc73551840,36.5851667,-121.158,2021-04-20 02:18:11.770,2.2,2.0,0.0,5.649065271130123e-07,0.9984783136128872,0.0015216863871127333,1.0
71490,ci39857008,34.045,-117.21,2021-04-20 07:03:37.550,2.7,2.0,0.0,5.649065271130123e-07,0.9861575923711409,0.013842407628859202,1.0
71512,nc73552510,36.8303333,-121.566,2021-04-21 03:55:27.800,3.0,2.0,0.0,5.649065271130123e-07,0.9992384839185576,0.0007615160814422144,1.0
71614,nc73553895,36.2805,-120.8643333,2021-04-24 15:54:42.640,2.5,2.0,0.0,5.649065271130123e-07,0.9686481544832951,0.031351845516704814,1.0
71615,nc73553920,36.7705,-121.4913333,2021-04-24 17:57:56.250,2.3000000000000003,2.0,0.0,5.649065271130123e-07,0.9997537822415615,0.00024621775843832307,1.0
71616,nc73553930,36.7716667,-121.4945,2021-04-24 18:02:11.700,2.8000000000000003,2.0,0.0,5.649065271130123e-07,0.9999997358841132,2.641158867073515e-07,1.0
71631,ci39628175,33.8053333,-116.0778333,2021-04-25 05:31:58.580,2.5,2.0,0.0,5.649065271130123e-07,0.9996202515206665,0.0003797484793335569,1.0
71634,ci39628191,33.8028333,-116.0806667,2021-04-25 06:17:52.480,2.5,2.0,0.0,5.649065271130123e-07,0.9999980784457108,1.921554289356376e-06,1.0
71659,ci39628951,34.2275,-117.0763333,2021-04-26 02:25:20.490,2.1,2.0,0.0,5.649065271130123e-07,0.8664998385727288,0.1335001614272711,1.0
71704,nc73555250,36.6271667,-121.2731667,2021-04-27 12:45:08.710,2.1,2.0,0.0,5.649065271130123e-07,0.9964612791103401,0.003538720889659689,1.0
71710,ci39631447,33.8041667,-116.0793333,2021-04-27 16:49:57.270,2.0,2.0,0.0,5.649065271130123e-07,0.9999887273351125,1.127266488754358e-05,1.0
71711,nc73555290,35.9741667,-120.5278333,2021-04-27 17:47:22.280,2.8000000000000003,2.0,0.0,5.649065271130123e-07,0.99968712471329,0.0003128752867100198,1.0
71763,nc73555840,36.8273333,-121.4095,2021-04-29 01:41:01.990,2.0,2.0,0.0,5.649065271130123e-07,0.9848375094296635,0.015162490570336654,1.0
71784,ci39635871,34.1205,-117.475,2021-04-30 01:48:09.570,2.0,2.0,0.0,5.649065271130123e-07,0.9980614453932639,0.0019385546067360938,1.0
71786,nc73556330,36.5873333,-121.189,2021-04-30 03:00:55.410,2.5,2.0,0.0,5.649065271130123e-07,0.9999164230464966,8.357695350339241e-05,1.0
71798,nc73556430,36.8808333,-121.4028333,2021-04-30 09:46:28.240,2.0,2.0,0.0,5.649065271130123e-07,0.9972558607181069,0.0027441392818928923,1.0
71812,ci39637183,34.0446667,-117.0455,2021-04-30 21:35:43.520,2.6,2.0,0.0,5.649065271130123e-07,0.9642050143386613,0.0357949856613385,1.0
71815,nc73556650,36.2361667,-120.8061667,2021-04-30 23:41:32.300,2.1,2.0,0.0,5.649065271130123e-07,0.9978101142826393,0.002189885717360555,1.0
71816,nc73556655,36.6241667,-121.228,2021-04-30 23:53:56.490,2.4000000000000004,2.0,0.0,5.649065271130123e-07,0.9999291410316518,7.085896834815728e-05,1.0
71821,nc73556795,36.4061667,-120.988,2021-05-01 08:04:26.290,2.2,2.0,0.0,5.649065271130123e-07,0.9997284836964131,0.00027151630358685056,1.0
71914,nc73557915,36.6471667,-121.2601667,2021-05-04 05:04:45.760,2.3000000000000003,2.0,0.0,5.649065271130123e-07,0.9997901413386537,0.00020985866134629733,1.0
71915,nc73557920,36.6468333,-121.2578333,2021-05-04 05:05:33.140,2.1,2.0,0.0,5.649065271130123e-07,0.9999999520287622,4.7971237809467016e-08,1.0
71980,ci39642223,34.0363333,-116.6355,2021-05-05 22:14:56.980,2.8000000000000003,2.0,0.0,5.649065271130123e-07,0.9544679440424614,0.04553205595753872,1.0
71998,nc73558920,36.122,-120.698,2021-05-06 14:20:17.200,2.0,2.0,0.0,5.649065271130123e-07,0.9851704423698258,0.014829557630174371,1.0
72011,nc73559085,36.6536667,-121.2793333,2021-05-06 20:13:37.870,2.2,2.0,0.0,5.649065271130123e-07,0.9998934333024239,0.0001065666975761873,1.0
72016,ci39643535,34.2786667,-117.5025,2021-05-06 23:00:41.670,2.0,2.0,0.0,5.649065271130123e-07,0.7698257654606576,0.23017423453934238,1.0
72034,nc73559310,36.1218333,-120.699,2021-05-07 07:27:01.830,2.5,2.0,0.0,5.649065271130123e-07,0.999991680046598,8.319953402028315e-06,1.0
72093,nc73560070,37.7826667,-122.6778333,2021-05-09 04:06:26.910,2.3000000000000003,2.0,0.0,5.649065271130123e-07,0.3382503387988065,0.6617496612011935,1.0
72101,ci39645767,34.0265,-117.2335,2021-05-09 09:09:33.800,3.0,2.0,0.0,5.649065271130123e-07,0.9989803341075398,0.0010196658924600441,1.0
72162,ci39647855,34.0258333,-117.2291667,2021-05-11 11:48:11.270,2.1,2.0,0.0,5.649065271130123e-07,0.9999653671365041,3.463286349597592e-05,1.0
72188,ci39649319,34.6193333,-118.6443333,2021-05-12 08:07:27.700,2.1,2.0,0.0,5.649065271130123e-07,0.9992626394053421,0.0007373605946578777,1.0
72195,nc73561605,36.7141667,-121.3578333,2021-05-12 11:41:39.070,2.0,2.0,0.0,5.649065271130123e-07,0.9995208163885373,0.00047918361146264684,1.0
72222,ci39651111,34.1568333,-117.432,2021-05-13 12:33:57.400,2.0,2.0,0.0,5.649065271130123e-07,0.985846618741863,0.014153381258137136,1.0
72237,ci39652375,34.01,-116.8535,2021-05-14 02:33:53.080,2.1,2.0,0.0,5.649065271130123e-07,0.9594375471021763,0.040562452897823585,1.0
72296,nc73563250,40.1193333,-123.923,2021-05-16 13:26:28.980,2.9000000000000004,2.0,0.0,5.649065271130123e-07,0.11120310091922139,0.8887968990807786,1.0
72311,nc73563565,40.1201667,-123.9213333,2021-05-17 06:36:10.320,2.8000000000000003,2.0,0.0,5.649065271130123e-07,0.9999931600289143,6.839971085724451e-06,1.0
72378,nc73564445,36.5695,-121.1356667,2021-05-19 02:31:08.780,2.0,2.0,0.0,5.649065271130123e-07,0.9989804432903072,0.0010195567096928288,1.0
72434,nc73565220,36.031,-120.8205,2021-05-21 06:03:31.060,2.1,2.0,0.0,5.649065271130123e-07,0.07436644896560513,0.9256335510343949,1.0
72443,nc73565390,36.8311667,-121.5703333,2021-05-21 19:54:05.060,2.0,2.0,0.0,5.649065271130123e-07,0.9997651653320309,0.00023483466796917404,1.0
72458,nc73565600,35.9748333,-120.5273333,2021-05-22 06:01:19.520,2.0,2.0,0.0,5.649065271130123e-07,0.9999257809005662,7.421909943390836e-05,1.0
72540,ci39902872,33.8726667,-116.6871667,2021-05-24 22:54:22.010,2.0,2.0,0.0,5.649065271130123e-07,0.6103433026993563,0.3896566973006437,1.0
72565,nc73565141,36.9653333,-121.609,2021-05-25 18:55:57.180,2.4000000000000004,2.0,0.0,5.649065271130123e-07,0.9982730216386994,0.0017269783613005096,1.0
72621,ci39906600,34.151,-116.4461667,2021-05-27 17:16:57.690,2.2,2.0,0.0,5.649065271130123e-07,0.9996052797177001,0.00039472028229997435,1.0
72653,nc73566641,36.668,-121.2916667,2021-05-28 12:48:51.890,3.0,2.0,0.0,5.649065271130123e-07,0.999817959810144,0.0001820401898559668,1.0
72656,ci39908008,34.1491667,-116.4451667,2021-05-28 13:12:01.220,2.3000000000000003,2.0,0.0,5.649065271130123e-07,0.9999871756824648,1.2824317535185803e-05,1.0
72714,ci39909976,34.462,-117.9598333,2021-05-30 03:56:01.940,2.2,2.0,0.0,5.649065271130123e-07,0.9994537246384338,0.0005462753615663668,1.0
72719,nc73567536,37.6761667,-122.508,2021-05-30 09:23:05.910,2.2,2.0,0.0,5.649065271130123e-07,0.9983836046280117,0.0016163953719883907,1.0
72720,nc73567541,36.5948333,-121.1988333,2021-05-30 09:58:05.550,2.1,2.0,0.0,5.649065271130123e-07,0.999874051931439,0.00012594806856116995,1.0
72728,nc73567726,36.1876667,-120.7605,2021-05-30 21:10:06.920,2.0,2.0,0.0,5.649065271130123e-07,0.9996124818104135,0.0003875181895864512,1.0
72751,ci39911456,34.149,-116.4431667,2021-05-31 15:04:37.470,2.3000000000000003,2.0,0.0,5.649065271130123e-07,0.9999797785998539,2.0221400146077712e-05,1.0
72754,nc73568101,36.6763333,-121.3066667,2021-05-31 15:45:42.920,2.0,2.0,0.0,5.649065271130123e-07,0.9997967608994901,0.0002032391005098079,1.0
72826,nc73569196,36.5501667,-121.1141667,2021-06-03 04:34:42.450,3.6,2.0,0.0,5.649065271130123e-07,0.9969010784644766,0.003098921535523245,1.0
72843,ci39915912,33.9921667,-117.0828333,2021-06-03 15:52:48.420,2.1,2.0,0.0,5.649065271130123e-07,0.8008586546504155,0.19914134534958447,1.0
72859,ci39916960,33.9016667,-116.1048333,2021-06-04 12:18:09.310,2.5,2.0,0.0,5.649065271130123e-07,0.4987610600328744,0.5012389399671257,1.0
73275,ci39922152,33.1826667,-115.641,2021-06-06 01:52:32.010,2.1,2.0,0.0,5.649065271130123e-07,0.976229200396603,0.023770799603397057,1.0
73276,ci37510821,33.1835,-115.6501667,2021-06-06 01:52:35.430,2.2,2.0,0.0,5.649065271130123e-07,0.9999998512834921,1.4871650791984883e-07,1.0
73279,ci39922184,33.1866667,-115.6401667,2021-06-06 02:02:21.480,2.0,2.0,0.0,5.649065271130123e-07,0.9999990282224983,9.717775016716452e-07,1.0
73282,ci39922216,33.1838333,-115.6418333,2021-06-06 02:07:34.560,2.8000000000000003,2.0,0.0,5.649065271130123e-07,0.9999997976394301,2.0236056981234954e-07,1.0
73283,ci39922232,33.1905,-115.6393333,2021-06-06 02:11:07.700,2.4000000000000004,2.0,0.0,5.649065271130123e-07,0.9999995288651223,4.7113487758301523e-07,1.0
73285,ci39922248,33.1835,-115.643,2021-06-06 02:12:37.640,2.0,2.0,0.0,5.649065271130123e-07,0.9999999235143078,7.648569227382325e-08,1.0
73294,ci39922368,33.1841667,-115.6383333,2021-06-06 02:58:54.060,2.5,2.0,0.0,5.649065271130123e-07,0.9999994954282995,5.045717005114197e-07,1.0
73299,ci39922424,33.1896667,-115.6428333,2021-06-06 03:14:19.940,2.7,2.0,0.0,5.649065271130123e-07,0.999999211071572,7.889284280774121e-07,1.0
73322,ci39922688,33.184,-115.6373333,2021-06-06 04:24:37.980,2.1,2.0,0.0,5.649065271130123e-07,0.9999994288635237,5.711364764205555e-07,1.0
73335,ci39922792,33.1835,-115.642,2021-06-06 04:49:59.960,2.6,2.0,0.0,5.649065271130123e-07,0.9999996346117951,3.653882049442742e-07,1.0
73336,ci39922800,33.1946667,-115.638,2021-06-06 04:51:42.570,2.0,2.0,0.0,5.649065271130123e-07,0.9999984877195324,1.512280467720519e-06,1.0
73337,ci37511893,33.2286667,-115.6748333,2021-06-06 04:52:07.550,2.1,2.0,0.0,5.649065271130123e-07,0.9999232183102824,7.678168971765729e-05,1.0
73341,ci39922832,33.192,-115.6386667,2021-06-06 04:55:47.200,2.2,2.0,0.0,5.649065271130123e-07,0.9999997766981177,2.233018821387596e-07,1.0
73342,ci39922840,33.1826667,-115.6448333,2021-06-06 04:56:02.330,2.5,2.0,0.0,5.649065271130123e-07,0.9999998486224061,1.5137759383073786e-07,1.0
73345,ci37328588,33.2473333,-115.6576667,2021-06-06 04:59:19.810,2.0,2.0,0.0,5.649065271130123e-07,0.9999164791613774,8.352083862274152e-05,1.0
73347,ci39922880,33.1893333,-115.6388333,2021-06-06 05:02:27.170,2.3000000000000003,2.0,0.0,5.649065271130123e-07,0.9999998069708975,1.9302910241835796e-07,1.0
73380,ci39923120,33.1831667,-115.6403333,2021-06-06 05:51:15.620,2.3000000000000003,2.0,0.0,5.649065271130123e-07,0.9999997263902853,2.736097145296165e-07,1.0
73390,ci39923240,33.1816667,-115.6431667,2021-06-06 06:26:29.150,2.5,2.0,0.0,5.649065271130123e-07,0.9999996753638698,3.2463613015795033e-07,1.0
73397,ci39923304,33.1846667,-115.638,2021-06-06 06:33:56.690,2.4000000000000004,2.0,0.0,5.649065271130123e-07,0.9999997446050723,2.553949276040142e-07,1.0
73449,ci39923824,33.1886667,-115.6418333,2021-06-06 08:05:17.410,2.0,2.0,0.0,5.649065271130123e-07,0.9999993721060353,6.278939647168071e-07,1.0
73450,ci39923832,33.1855,-115.6395,2021-06-06 08:05:36.600,3.8000000000000003,2.0,0.0,5.649065271130123e-07,0.999999934808724,6.519127611421752e-08,1.0
73451,ci39923840,33.1861667,-115.6373333,2021-06-06 08:08:02.540,2.3000000000000003,2.0,0.0,5.649065271130123e-07,0.9999999583108351,4.1689164800596685e-08,1.0
73452,ci39923848,33.1853333,-115.6431667,2021-06-06 08:08:12.960,2.5,2.0,0.0,5.649065271130123e-07,0.9999999676941045,3.230589536457803e-08,1.0
73453,ci39923856,33.1881667,-115.639,2021-06-06 08:10:20.840,2.0,2.0,0.0,5.649065271130123e-07,0.9999999599888847,4.001111525223143e-08,1.0
73464,ci37513157,33.1855,-115.6475,2021-06-06 08:18:10.760,2.0,2.0,0.0,5.649065271130123e-07,0.9999997508879777,2.491120222953078e-07,1.0
73490,ci39924136,33.1938333,-115.639,2021-06-06 08:55:40.190,2.2,2.0,0.0,5.649065271130123e-07,0.9999993294026768,6.70597323176985e-07,1.0
73491,ci37513501,33.1853333,-115.6625,2021-06-06 08:55:48.760,2.2,2.0,0.0,5.649065271130123e-07,0.9999967754869289,3.2245130711628453e-06,1.0
73496,ci39924160,33.1876667,-115.6401667,2021-06-06 09:01:09.200,2.3000000000000003,2.0,0.0,5.649065271130123e-07,0.9999998542950655,1.4570493438057145e-07,1.0
73497,ci39924168,33.1925,-115.6353333,2021-06-06 09:01:29.610,2.4000000000000004,2.0,0.0,5.649065271130123e-07,0.9999998730680348,1.2693196545100353e-07,1.0
73504,ci39924216,33.1828333,-115.6403333,2021-06-06 09:11:07.210,2.0,2.0,0.0,5.649065271130123e-07,0.9999998252863365,1.7471366348865638e-07,1.0
73531,ci39924672,33.1841667,-115.6445,2021-06-06 10:34:27.080,2.0,2.0,0.0,5.649065271130123e-07,0.9999996723668572,3.2763314297544493e-07,1.0
73540,ci39924752,33.1858333,-115.641,2021-06-06 11:03:14.790,2.9000000000000004,2.0,0.0,5.649065271130123e-07,0.9999997869826968,2.1301730311049327e-07,1.0
73541,ci39924760,33.1865,-115.6363333,2021-06-06 11:03:20.960,3.1,2.0,0.0,5.649065271130123e-07,0.9999999795317542,2.0468245723029392e-08,1.0
73542,ci37349084,33.197,-115.64,2021-06-06 11:04:37.290,2.0,2.0,0.0,5.649065271130123e-07,0.999999522464218,4.77535782032177e-07,1.0
73543,ci39924776,33.185,-115.6413333,2021-06-06 11:05:03.570,2.6,2.0,0.0,5.649065271130123e-07,0.9999999700693792,2.993062054162348e-08,1.0
73544,ci37446364,33.2581667,-115.6721667,2021-06-06 11:05:16.320,2.3000000000000003,2.0,0.0,5.649065271130123e-07,0.9999079626585937,9.203734140628699e-05,1.0
73545,ci39924784,33.1985,-115.6406667,2021-06-06 11:06:34.310,2.2,2.0,0.0,5.649065271130123e-07,0.9999999128136838,8.718631625536669e-08,1.0
73547,ci39924792,33.1881667,-115.6416667,2021-06-06 11:08:13.250,2.3000000000000003,2.0,0.0,5.649065271130123e-07,0.9999999426192989,5.7380700979127987e-08,1.0
73552,ci39924864,33.19,-115.6413333,2021-06-06 11:19:09.500,2.4000000000000004,2.0,0.0,5.649065271130123e-07,0.9999998796413516,1.2035864842119025e-07,1.0
73557,ci39924944,33.1828333,-115.6405,2021-06-06 11:35:47.630,2.4000000000000004,2.0,0.0,5.649065271130123e-07,0.9999998606329867,1.3936701330467945e-07,1.0
73584,ci37349172,33.2075,-115.642,2021-06-06 13:33:20.800,2.4000000000000004,2.0,0.0,5.649065271130123e-07,0.9999846845443238,1.531545567631331e-05,1.0
73589,ci39925328,33.197,-115.6406667,2021-06-06 13:49:31.440,2.2,2.0,0.0,5.649065271130123e-07,0.9999993194948429,6.805051571835033e-07,1.0
73590,ci39925336,33.1941667,-115.6416667,2021-06-06 13:50:03.750,2.2,2.0,0.0,5.649065271130123e-07,0.9999999388126803,6.118731959773969e-08,1.0
73591,ci37476901,33.1976667,-115.638,2021-06-06 13:50:12.620,2.3000000000000003,2.0,0.0,5.649065271130123e-07,0.9999999705139642,2.9486035735267904e-08,1.0
73638,ci39926336,33.1846667,-115.6408333,2021-06-06 19:09:55.910,2.1,2.0,0.0,5.649065271130123e-07,0.9999996582149224,3.4178507765646427e-07,1.0
73645,ci39926568,35.0176667,-119.1485,2021-06-06 21:07:01.750,2.2,2.0,0.0,5.649065271130123e-07,0.8764587987694092,0.12354120123059086,1.0
73694,ci39927928,33.1865,-115.6415,2021-06-07 14:43:13.400,2.6,2.0,0.0,5.649065271130123e-07,0.999999212438923,7.875610770995903e-07,1.0
73695,ci37501341,33.1958333,-115.6416667,2021-06-07 14:44:42.700,2.0,2.0,0.0,5.649065271130123e-07,0.9999991480786825,8.519213175563542e-07,1.0
73696,ci39927936,33.1928333,-115.6405,2021-06-07 14:44:47.490,2.3000000000000003,2.0,0.0,5.649065271130123e-07,0.9999999767206008,2.327939921968116e-08,1.0
73697,ci39927944,33.2053333,-115.6378333,2021-06-07 14:45:13.160,2.4000000000000004,2.0,0.0,5.649065271130123e-07,0.9999993047939527,6.952060472491042e-07,1.0
73698,ci37328020,33.1916667,-115.6401667,2021-06-07 14:45:21.020,2.8000000000000003,2.0,0.0,5.649065271130123e-07,0.9999999781153701,2.1884629857045672e-08,1.0
73699,ci39927952,33.1843333,-115.6373333,2021-06-07 14:45:22.420,3.5,2.0,0.0,5.649065271130123e-07,0.9999999608286763,3.917132367553413e-08,1.0
73700,ci39927960,33.191,-115.6375,2021-06-07 14:47:44.620,2.2,2.0,0.0,5.649065271130123e-07,0.999999949723113,5.027688690778785e-08,1.0
73701,ci39927968,33.1878333,-115.6365,2021-06-07 14:48:24.340,2.2,2.0,0.0,5.649065271130123e-07,0.9999999601793226,3.982067740746832e-08,1.0
73715,ci39928104,33.1905,-115.6378333,2021-06-07 15:18:12.560,2.0,2.0,0.0,5.649065271130123e-07,0.9999998444741574,1.5552584260283993e-07,1.0
73719,ci39928136,33.1988333,-115.6333333,2021-06-07 15:32:08.560,2.0,2.0,0.0,5.649065271130123e-07,0.999998196979768,1.803020232107923e-06,1.0
73723,ci39928240,33.1838333,-115.6406667,2021-06-07 16:35:21.890,2.4000000000000004,2.0,0.0,5.649065271130123e-07,0.9999996288550901,3.7114491002211523e-07,1.0
73774,ci39928808,33.1841667,-115.639,2021-06-07 21:37:28.640,2.3000000000000003,2.0,0.0,5.649065271130123e-07,0.9999995110285056,4.889714945222293e-07,1.0
73794,ci39929032,33.1825,-115.6426667,2021-06-07 22:41:38.000,2.6,2.0,0.0,5.649065271130123e-07,0.9999993795626041,6.204373959134109e-07,1.0
73806,ci39929256,33.184,-115.6398333,2021-06-08 01:35:38.210,2.1,2.0,0.0,5.649065271130123e-07,0.9999995895397173,4.104602825902548e-07,1.0
73829,nc73571716,36.9675,-121.6188333,2021-06-08 22:03:16.650,2.5,2.0,0.0,5.649065271130123e-07,0.9988147082564185,0.0011852917435814447,1.0
73836,ci39930504,33.1906667,-115.6381667,2021-06-09 00:39:35.530,2.0,2.0,0.0,5.649065271130123e-07,0.9999986695097166,1.330490283463991e-06,1.0
73840,nc73571806,36.638,-121.1156667,2021-06-09 01:31:30.200,2.4000000000000004,2.0,0.0,5.649065271130123e-07,0.9747241246844532,0.025275875315546648,1.0
73861,ci39931608,33.2095,-115.6473333,2021-06-09 17:42:37.580,2.2,2.0,0.0,5.649065271130123e-07,0.9999403673067299,5.9632693270164984e-05,1.0
73874,nc73572136,36.5373333,-121.1218333,2021-06-10 01:38:19.100,2.5,2.0,0.0,5.649065271130123e-07,0.9996111912218251,0.00038880877817497355,1.0
73913,nc73572616,36.5466667,-121.1233333,2021-06-11 03:02:52.140,2.0,2.0,0.0,5.649065271130123e-07,0.9998569182094502,0.00014308179054990118,1.0
73932,nc73572721,36.5566667,-121.1523333,2021-06-11 10:39:53.510,2.1,2.0,0.0,5.649065271130123e-07,0.999688308285622,0.0003116917143780071,1.0
73933,nc73572726,36.9255,-121.6631667,2021-06-11 10:45:53.300,3.3000000000000003,2.0,0.0,5.649065271130123e-07,0.9976591504649118,0.002340849535088234,1.0
73934,nc73572741,36.9251667,-121.6583333,2021-06-11 11:23:34.150,2.3000000000000003,2.0,0.0,5.649065271130123e-07,0.999998862477695,1.1375223050524462e-06,1.0
73944,nc73572846,36.6215,-121.2256667,2021-06-11 19:13:32.450,2.1,2.0,0.0,5.649065271130123e-07,0.9999491692384193,5.083076158080375e-05,1.0
73951,nc73573026,36.8415,-121.3045,2021-06-12 03:48:31.750,2.2,2.0,0.0,5.649065271130123e-07,0.9696127330470786,0.030387266952921363,1.0
73959,ci39936064,33.2088333,-115.639,2021-06-12 04:20:40.120,2.0,2.0,0.0,5.649065271130123e-07,0.9999686403209092,3.1359679090754356e-05,1.0
73960,ci39936072,33.2065,-115.6403333,2021-06-12 04:20:46.950,2.4000000000000004,2.0,0.0,5.649065271130123e-07,0.9999999779073087,2.2092691261536942e-08,1.0
73961,ci39936096,33.2068333,-115.641,2021-06-12 04:22:23.600,2.7,2.0,0.0,5.649065271130123e-07,0.999999962987276,3.701272396559097e-08,1.0
73962,ci39936104,33.2085,-115.6396667,2021-06-12 04:24:01.320,2.4000000000000004,2.0,0.0,5.649065271130123e-07,0.999999968356214,3.164378593473412e-08,1.0
73963,ci37516357,33.213,-115.6358333,2021-06-12 04:24:40.280,2.0,2.0,0.0,5.649065271130123e-07,0.9999998585676505,1.4143234942870314e-07,1.0
73966,ci39936128,33.2081667,-115.6498333,2021-06-12 04:27:34.880,3.9000000000000004,2.0,0.0,5.649065271130123e-07,0.9999993494910748,6.50508925285879e-07,1.0
73967,ci39936136,33.2068333,-115.6465,2021-06-12 04:30:28.490,3.9000000000000004,2.0,0.0,5.649065271130123e-07,0.9999999362858747,6.371412520905337e-08,1.0
73968,ci39936144,33.2026667,-115.6435,2021-06-12 04:31:32.730,2.6,2.0,0.0,5.649065271130123e-07,0.9999999454214645,5.4578535670211063e-08,1.0
73969,ci37332452,33.2138333,-115.6448333,2021-06-12 04:32:09.390,2.3000000000000003,2.0,0.0,5.649065271130123e-07,0.999999885061623,1.1493837699388554e-07,1.0
73970,ci39936152,33.2131667,-115.6381667,2021-06-12 04:32:32.150,2.6,2.0,0.0,5.649065271130123e-07,0.9999999290117367,7.098826340703599e-08,1.0
73971,ci39936160,33.2103333,-115.6435,2021-06-12 04:32:54.230,2.4000000000000004,2.0,0.0,5.649065271130123e-07,0.9999999718983985,2.810160136824376e-08,1.0
73974,ci39936176,33.2023333,-115.649,2021-06-12 04:36:44.850,3.0,2.0,0.0,5.649065271130123e-07,0.9999998765186092,1.234813907114409e-07,1.0
73976,ci39936184,33.2165,-115.6468333,2021-06-12 04:38:00.820,2.8000000000000003,2.0,0.0,5.649065271130123e-07,0.9999998217206914,1.7827930854847383e-07,1.0
73977,ci37347052,33.2108333,-115.6415,2021-06-12 04:38:19.760,2.9000000000000004,2.0,0.0,5.649065271130123e-07,0.999999957883096,4.211690407980226e-08,1.0
73978,ci39936192,33.2066667,-115.647,2021-06-12 04:39:46.510,4.3,2.0,0.0,5.649065271130123e-07,0.9999999615935611,3.840643899624297e-08,1.0
73979,ci39936208,33.2033333,-115.652,2021-06-12 04:40:23.030,3.8000000000000003,2.0,0.0,5.649065271130123e-07,0.9999999721840835,2.7815916235005267e-08,1.0
73980,ci39936216,33.2033333,-115.6575,2021-06-12 04:41:20.120,3.0,2.0,0.0,5.649065271130123e-07,0.999999953051289,4.694871107049281e-08,1.0
73981,ci39936232,33.1956667,-115.6543333,2021-06-12 04:41:37.860,3.6,2.0,0.0,5.649065271130123e-07,0.9999999148691747,8.513082530228717e-08,1.0
73982,ew1623472898,33.2354,-115.6436,2021-06-12 04:41:38.511,4.1000000000000005,2.0,0.0,5.649065271130123e-07,0.9999987816683568,1.218331643262686e-06,1.0
73983,ci39936240,33.2058333,-115.64,2021-06-12 04:44:21.700,2.3000000000000003,2.0,0.0,5.649065271130123e-07,0.9999999477241022,5.2275897908276395e-08,1.0
73984,ci39936248,33.2055,-115.6538333,2021-06-12 04:44:34.410,2.4000000000000004,2.0,0.0,5.649065271130123e-07,0.9999999634682614,3.6531738750045486e-08,1.0
73985,ci39936256,33.2051667,-115.6505,2021-06-12 04:47:14.400,2.2,2.0,0.0,5.649065271130123e-07,0.9999999699696748,3.003032518287882e-08,1.0
73986,ci39936264,33.2028333,-115.6443333,2021-06-12 04:47:46.020,2.4000000000000004,2.0,0.0,5.649065271130123e-07,0.9999999572478369,4.275216310203579e-08,1.0
73988,ci39936280,33.2003333,-115.6555,2021-06-12 04:48:44.560,3.4000000000000004,2.0,0.0,5.649065271130123e-07,0.9999999342463056,6.575369433117856e-08,1.0
73990,ci39936288,33.206,-115.656,2021-06-12 04:49:38.280,4.1000000000000005,2.0,0.0,5.649065271130123e-07,0.9999999624798197,3.7520180385675573e-08,1.0
73991,ci39936304,33.2001667,-115.6478333,2021-06-12 04:51:41.020,2.5,2.0,0.0,5.649065271130123e-07,0.9999999477890004,5.2210999662588505e-08,1.0
73992,ci39936312,33.2083333,-115.6496667,2021-06-12 04:51:52.110,2.6,2.0,0.0,5.649065271130123e-07,0.9999999711966547,2.8803345172935912e-08,1.0
73993,ci37476581,33.2181667,-115.6803333,2021-06-12 04:52:06.230,2.9000000000000004,2.0,0.0,5.649065271130123e-07,0.9999980006453324,1.999354667584471e-06,1.0
73994,ci39936320,33.1986667,-115.6333333,2021-06-12 04:53:50.730,2.0,2.0,0.0,5.649065271130123e-07,0.999999515029792,4.849702079747579e-07,1.0
73995,ci39936328,33.1961667,-115.6496667,2021-06-12 04:54:12.150,2.9000000000000004,2.0,0.0,5.649065271130123e-07,0.999999914351202,8.56487981423805e-08,1.0
73996,ci39936336,33.2148333,-115.6498333,2021-06-12 04:54:37.060,2.6,2.0,0.0,5.649065271130123e-07,0.9999998810384786,1.1896152137605878e-07,1.0
73997,ci39936344,33.2051667,-115.6426667,2021-06-12 04:55:47.010,2.5,2.0,0.0,5.649065271130123e-07,0.9999999548503464,4.514965363927614e-08,1.0
73998,ci37476589,33.202,-115.6513333,2021-06-12 04:56:11.250,2.2,2.0,0.0,5.649065271130123e-07,0.9999999692160318,3.078396806334171e-08,1.0
73999,ci37476597,33.2215,-115.6316667,2021-06-12 04:56:21.680,2.0,2.0,0.0,5.649065271130123e-07,0.9999991901351455,8.098648545190054e-07,1.0
74005,ci39936376,33.2036667,-115.6451667,2021-06-12 04:59:46.900,2.3000000000000003,2.0,0.0,5.649065271130123e-07,0.9999999630588584,3.694114160006334e-08,1.0
74006,ci37347020,33.2115,-115.628,2021-06-12 05:00:07.830,2.2,2.0,0.0,5.649065271130123e-07,0.9999993952621387,6.047378612903486e-07,1.0
74007,ci39936384,33.2081667,-115.6461667,2021-06-12 05:00:29.710,2.5,2.0,0.0,5.649065271130123e-07,0.9999999671474622,3.285253776594492e-08,1.0
74008,ci39936392,33.1968333,-115.6588333,2021-06-12 05:01:11.770,2.9000000000000004,2.0,0.0,5.649065271130123e-07,0.9999998604241446,1.3957585560006793e-07,1.0
74012,ci39936432,33.2045,-115.6541667,2021-06-12 05:11:16.510,2.0,2.0,0.0,5.649065271130123e-07,0.9999999452766158,5.4723384249603645e-08,1.0
74015,ci39936464,33.2115,-115.6473333,2021-06-12 05:14:44.510,2.3000000000000003,2.0,0.0,5.649065271130123e-07,0.9999999056833028,9.431669733694434e-08,1.0
74016,ci39936472,33.2416667,-115.6351667,2021-06-12 05:15:32.010,2.3000000000000003,2.0,0.0,5.649065271130123e-07,0.9999972636940422,2.736305957922702e-06,1.0
74022,ci39936520,33.2148333,-115.6461667,2021-06-12 05:20:20.890,2.1,2.0,0.0,5.649065271130123e-07,0.9999998857171601,1.1428283993255452e-07,1.0
74025,ci39936568,33.2051667,-115.651,2021-06-12 05:29:00.770,2.0,2.0,0.0,5.649065271130123e-07,0.9999999353515033,6.464849681297307e-08,1.0
74026,ci39936560,33.1986667,-115.654,2021-06-12 05:29:03.220,2.8000000000000003,2.0,0.0,5.649065271130123e-07,0.9999999423921286,5.7607871317526404e-08,1.0
74033,ci39936648,33.205,-115.6605,2021-06-12 05:55:20.790,3.8000000000000003,2.0,0.0,5.649065271130123e-07,0.9999997041473085,2.9585269146495424e-07,1.0
74043,ci39936768,33.2205,-115.647,2021-06-12 06:42:11.950,2.1,2.0,0.0,5.649065271130123e-07,0.999998836566138,1.1634338620187764e-06,1.0
74046,ci39936816,33.2013333,-115.6551667,2021-06-12 06:56:24.350,2.0,2.0,0.0,5.649065271130123e-07,0.9999998137481733,1.8625182661669872e-07,1.0
74047,ci39936824,33.2115,-115.6495,2021-06-12 06:57:28.190,2.1,2.0,0.0,5.649065271130123e-07,0.9999997708789761,2.2912102399643445e-07,1.0
74060,ci39937032,33.2028333,-115.6401667,2021-06-12 08:25:07.770,3.0,2.0,0.0,5.649065271130123e-07,0.999999494109148,5.058908519673726e-07,1.0
74066,ci39937216,33.2051667,-115.6543333,2021-06-12 10:58:47.200,2.2,2.0,0.0,5.649065271130123e-07,0.9999996745626912,3.254373087481494e-07,1.0
74072,ci39937456,33.1908333,-115.6453333,2021-06-12 14:04:20.530,2.7,2.0,0.0,5.649065271130123e-07,0.9999967912771511,3.2087228490073697e-06,1.0
74073,ci39937464,33.1901667,-115.6418333,2021-06-12 14:05:50.140,2.4000000000000004,2.0,0.0,5.649065271130123e-07,0.9999999028972036,9.710279631814779e-08,1.0
74076,ci39937512,33.1926667,-115.6436667,2021-06-12 14:16:39.500,2.9000000000000004,2.0,0.0,5.649065271130123e-07,0.9999998004008442,1.9959915569853885e-07,1.0
74081,ci39937552,33.1926667,-115.6416667,2021-06-12 14:26:42.270,2.5,2.0,0.0,5.649065271130123e-07,0.9999998667988873,1.3320111273238096e-07,1.0
74083,ci39937568,33.1905,-115.642,2021-06-12 14:29:01.230,2.5,2.0,0.0,5.649065271130123e-07,0.9999999395307809,6.046921902350197e-08,1.0
74086,ci39937584,33.189,-115.6388333,2021-06-12 14:32:50.830,2.3000000000000003,2.0,0.0,5.649065271130123e-07,0.9999998763874158,1.236125842368674e-07,1.0
74087,ci37476645,33.1983333,-115.6353333,2021-06-12 14:33:11.620,2.0,2.0,0.0,5.649065271130123e-07,0.999999637868692,3.6213130801660053e-07,1.0
74088,ci39937592,33.1938333,-115.637,2021-06-12 14:33:15.080,2.3000000000000003,2.0,0.0,5.649065271130123e-07,0.999999969259845,3.074015485361489e-08,1.0
74097,ci39937712,33.1861667,-115.6401667,2021-06-12 15:25:41.030,2.1,2.0,0.0,5.649065271130123e-07,0.9999994829114375,5.170885625603211e-07,1.0
74098,ci39937720,33.1906667,-115.6383333,2021-06-12 15:30:31.720,2.3000000000000003,2.0,0.0,5.649065271130123e-07,0.9999997788277426,2.2117225731576438e-07,1.0
74099,ci39937728,33.1895,-115.6425,2021-06-12 15:31:11.080,2.4000000000000004,2.0,0.0,5.649065271130123e-07,0.9999999365497383,6.345026164566572e-08,1.0
74104,nc73573326,36.429,-120.9676667,2021-06-12 17:16:16.370,2.5,2.0,0.0,5.649065271130123e-07,0.9497389697071238,0.05026103029287622,1.0
74117,ci39938112,33.2111667,-115.6463333,2021-06-12 21:46:13.300,2.0,2.0,0.0,5.649065271130123e-07,0.9999991037748647,8.962251354080881e-07,1.0
74118,ci37439812,33.2138333,-115.6448333,2021-06-12 21:46:47.550,2.1,2.0,0.0,5.649065271130123e-07,0.999999925354202,7.464579810594764e-08,1.0
74128,nc73573506,35.9723333,-120.536,2021-06-13 01:12:42.700,2.4000000000000004,2.0,0.0,5.649065271130123e-07,0.9994363440239833,0.0005636559760167447,1.0
74131,ci39702743,33.2151667,-115.6345,2021-06-13 01:48:18.570,2.0,2.0,0.0,5.649065271130123e-07,0.9999954878651687,4.512134831399683e-06,1.0
74203,nc73577055,36.5528333,-121.147,2021-06-15 06:16:23.230,2.0,2.0,0.0,5.649065271130123e-07,0.9998315900356551,0.00016840996434467422,1.0
74210,ci39706783,34.0101667,-116.9923333,2021-06-15 07:46:12.710,2.0,2.0,0.0,5.649065271130123e-07,0.9573482415013861,0.042651758498613954,1.0
74219,nc73577205,36.6068333,-121.2176667,2021-06-15 14:56:26.910,2.0,2.0,0.0,5.649065271130123e-07,0.9999146227389668,8.537726103323023e-05,1.0
74231,nc73577390,36.6741667,-121.2823333,2021-06-15 23:07:59.850,3.0,2.0,0.0,5.649065271130123e-07,0.9993155773689035,0.0006844226310964231,1.0
74239,nc73577565,36.8235,-121.5613333,2021-06-16 07:48:39.260,2.6,2.0,0.0,5.649065271130123e-07,0.9994809436024845,0.0005190563975156256,1.0
74302,nc73578685,36.5716667,-121.161,2021-06-18 17:40:09.800,2.9000000000000004,2.0,0.0,5.649065271130123e-07,0.9997070582517192,0.0002929417482807896,1.0
74349,nc73579330,36.9398333,-121.4361667,2021-06-20 13:49:19.720,2.1,2.0,0.0,5.649065271130123e-07,0.9974896000327687,0.0025103999672313904,1.0
74373,ci39714703,34.1868333,-117.372,2021-06-21 20:36:18.610,2.2,2.0,0.0,5.649065271130123e-07,0.9110942327949065,0.08890576720509354,1.0
74384,ci39714991,34.0246667,-117.1413333,2021-06-22 07:49:57.950,2.3000000000000003,2.0,0.0,5.649065271130123e-07,0.9473086928828021,0.05269130711719786,1.0
74393,nc73578241,36.5596667,-121.1186667,2021-06-22 20:30:38.530,2.1,2.0,0.0,5.649065271130123e-07,0.9993309896094773,0.0006690103905226716,1.0
74401,nc73578411,36.5816667,-121.1725,2021-06-23 07:02:28.500,2.1,2.0,0.0,5.649065271130123e-07,0.9997756832935077,0.00022431670649220912,1.0
74411,nc73578501,37.4078333,-122.2116667,2021-06-23 14:45:50.560,2.0,2.0,0.0,5.649065271130123e-07,0.9819921208567397,0.018007879143260276,1.0
74414,nc73578611,36.3016667,-120.8808333,2021-06-23 18:47:22.740,2.2,2.0,0.0,5.649065271130123e-07,0.9975087796503447,0.0024912203496552923,1.0
74415,ci39716639,34.1468333,-116.4441667,2021-06-23 20:06:07.180,3.6,2.0,0.0,5.649065271130123e-07,0.9999359013216592,6.409867834081923e-05,1.0
74435,nc73578876,40.0735,-124.0106667,2021-06-24 12:03:27.350,2.2,2.0,0.0,5.649065271130123e-07,0.5356337437299663,0.46436625627003364,1.0
74448,nc73579151,36.5745,-121.1708333,2021-06-24 22:40:08.320,2.6,2.0,0.0,5.649065271130123e-07,0.9999110932996129,8.890670038715224e-05,1.0
74449,ci39718135,34.36,-117.612,2021-06-24 23:11:56.640,2.8000000000000003,2.0,0.0,5.649065271130123e-07,0.7098009447339461,0.29019905526605405,1.0
74463,nc73579481,36.5743333,-121.1683333,2021-06-25 17:57:52.790,2.2,2.0,0.0,5.649065271130123e-07,0.9999902432015781,9.75679842185635e-06,1.0
74472,nc73579636,36.7033333,-121.34,2021-06-26 01:29:14.840,2.1,2.0,0.0,5.649065271130123e-07,0.9997129436443632,0.0002870563556367043,1.0
74502,nc73580231,36.4648333,-121.0368333,2021-06-27 23:45:56.030,2.8000000000000003,2.0,0.0,5.649065271130123e-07,0.9994239764239516,0.000576023576048446,1.0
74521,nc73580571,36.5368333,-121.1206667,2021-06-28 21:40:05.060,2.2,2.0,0.0,5.649065271130123e-07,0.9999260781046467,7.392189535343091e-05,1.0
74563,nc73581376,35.9351667,-120.4871667,2021-06-30 14:33:38.840,2.3000000000000003,2.0,0.0,5.649065271130123e-07,0.9975865600132909,0.0024134399867089817,1.0
74579,nc73581631,36.5886667,-121.1841667,2021-07-01 03:35:59.490,2.6,2.0,0.0,5.649065271130123e-07,0.9998688551551338,0.00013114484486626931,1.0
74580,nc73581636,36.5893333,-121.1863333,2021-07-01 03:39:04.390,2.2,2.0,0.0,5.649065271130123e-07,0.9999998903268408,1.0967315932380954e-07,1.0
74581,nc73581641,36.589,-121.1828333,2021-07-01 03:53:12.270,2.8000000000000003,2.0,0.0,5.649065271130123e-07,0.999999785359465,2.1464053492264154e-07,1.0
74619,ci39727503,34.1303333,-117.4846667,2021-07-02 22:25:39.950,2.2,2.0,0.0,5.649065271130123e-07,0.987334348401514,0.012665651598485964,1.0
74627,nc73582466,35.952,-120.5,2021-07-03 06:36:18.090,3.1,2.0,0.0,5.649065271130123e-07,0.9962061877889947,0.0037938122110052867,1.0
74628,ci39727887,34.1333333,-117.48,2021-07-03 08:22:25.550,3.4000000000000004,2.0,0.0,5.649065271130123e-07,0.9999647460182859,3.52539817142244e-05,1.0
74630,ci39727919,34.2511667,-117.0985,2021-07-03 09:47:11.730,3.0,2.0,0.0,5.649065271130123e-07,0.8463265471801507,0.15367345281984943,1.0
74633,nc73582536,35.9495,-120.4993333,2021-07-03 10:41:39.600,3.1,2.0,0.0,5.649065271130123e-07,0.9999969261623388,3.073837661174463e-06,1.0
74634,ci39728159,34.2501667,-117.1011667,2021-07-03 14:38:48.100,2.0,2.0,0.0,5.649065271130123e-07,0.9999964802963606,3.5197036394242607e-06,1.0
74637,nc73582671,36.8171667,-121.5455,2021-07-03 20:51:57.130,2.0,2.0,0.0,5.649065271130123e-07,0.9989996097946516,0.001000390205348307,1.0
74676,nc73583386,36.6075,-121.2093333,2021-07-05 14:32:14.890,2.5,2.0,0.0,5.649065271130123e-07,0.9999503579765938,4.9642023406125315e-05,1.0
74717,nc73584431,36.5768333,-121.1716667,2021-07-08 00:16:13.180,2.3000000000000003,2.0,0.0,5.649065271130123e-07,0.9999541793487804,4.58206512195881e-05,1.0
75293,nc73587456,36.8848333,-121.4153333,2021-07-11 17:37:46.560,2.7,2.0,0.0,5.649065271130123e-07,0.9971330415635749,0.0028669584364249684,1.0
75336,nc73587836,36.8823333,-121.4135,2021-07-12 06:05:55.180,2.2,2.0,0.0,5.649065271130123e-07,0.9999892002523116,1.079974768833006e-05,1.0
75398,ci39737719,34.2493333,-117.0988333,2021-07-12 19:11:36.370,2.4000000000000004,2.0,0.0,5.649065271130123e-07,0.9999652334378519,3.476656214811964e-05,1.0
75427,nc73588786,36.228,-120.807,2021-07-13 04:44:18.920,2.8000000000000003,2.0,0.0,5.649065271130123e-07,0.9969009646893198,0.003099035310680111,1.0
75496,ci39973728,34.0271667,-116.6095,2021-07-14 00:13:50.520,2.1,2.0,0.0,5.649065271130123e-07,0.9731902272269853,0.026809772773014575,1.0
75822,nc73594306,36.642,-121.2593333,2021-07-18 00:08:28.940,2.6,2.0,0.0,5.649065271130123e-07,0.9998690349293623,0.00013096507063770847,1.0
75927,nc73595921,35.7733333,-120.325,2021-07-20 06:16:49.430,2.4000000000000004,2.0,0.0,5.649065271130123e-07,0.9444904502313503,0.05550954976864965,1.0
75965,nc73596441,36.7776667,-121.5268333,2021-07-21 01:29:16.060,2.9000000000000004,2.0,0.0,5.649065271130123e-07,0.9938505364166053,0.006149463583394874,1.0
76030,ci39749071,34.222,-117.5816667,2021-07-22 02:48:57.440,2.0,2.0,0.0,5.649065271130123e-07,0.9911245451073973,0.008875454892602753,1.0
76111,nc73598301,35.9725,-120.5275,2021-07-23 18:34:30.600,2.6,2.0,0.0,5.649065271130123e-07,0.9998704318335702,0.00012956816642983158,1.0
76181,nc73599371,37.7938333,-122.571,2021-07-25 16:11:37.490,2.1,2.0,0.0,5.649065271130123e-07,0.9558164796437948,0.04418352035620513,1.0
76250,nc73600451,36.8928333,-121.6148333,2021-07-27 18:12:25.610,2.3000000000000003,2.0,0.0,5.649065271130123e-07,0.9984860470491841,0.0015139529508158191,1.0
76260,nc73600601,36.988,-121.6566667,2021-07-27 22:42:51.520,2.0,2.0,0.0,5.649065271130123e-07,0.9889045328170835,0.011095467182916577,1.0
76277,nc73600841,38.5555,-123.0123333,2021-07-28 10:51:09.240,3.0,2.0,0.0,5.649065271130123e-07,0.9677226447551469,0.0322773552448531,1.0
76283,ci39755863,33.7813333,-116.1255,2021-07-28 14:47:49.420,2.6,2.0,0.0,5.649065271130123e-07,0.9879745215297855,0.012025478470214504,1.0
76284,nc73600926,35.78,-120.3323333,2021-07-28 15:07:31.230,3.4000000000000004,2.0,0.0,5.649065271130123e-07,0.9991624622987881,0.0008375377012119268,1.0
76310,nc73601461,36.0216667,-120.5833333,2021-07-29 03:29:14.400,2.3000000000000003,2.0,0.0,5.649065271130123e-07,0.9991496760985548,0.0008503239014452243,1.0
76328,nc73601666,36.7055,-121.1888333,2021-07-29 07:40:11.350,2.3000000000000003,2.0,0.0,5.649065271130123e-07,0.8992307315194767,0.10076926848052328,1.0
76339,nc73601786,36.5833333,-121.1815,2021-07-29 15:35:58.240,2.2,2.0,0.0,5.649065271130123e-07,0.999889203344174,0.0001107966558260791,1.0
76375,ci39758079,34.0713333,-116.9031667,2021-07-30 07:30:44.640,2.0,2.0,0.0,5.649065271130123e-07,0.8236507171214095,0.1763492828785905,1.0
76417,ci39759175,34.0356667,-117.212,2021-07-31 00:59:29.340,3.0,2.0,0.0,5.649065271130123e-07,0.9965604835055913,0.003439516494408544,1.0
76459,nc73603486,35.7806667,-120.333,2021-07-31 19:09:38.270,2.7,2.0,0.0,5.649065271130123e-07,0.9999860603850655,1.393961493450187e-05,1.0
76462,ci39760167,34.002,-117.193,2021-07-31 21:31:14.280,2.0,2.0,0.0,5.649065271130123e-07,0.9966745472819386,0.0033254527180612754,1.0
76469,nc73603626,36.3115,-120.8518333,2021-08-01 01:41:51.650,2.3000000000000003,2.0,0.0,5.649065271130123e-07,0.9779550380715322,0.022044961928467808,1.0
76472,nc73603671,36.866,-121.4151667,2021-08-01 03:52:49.190,2.8000000000000003,2.0,0.0,5.649065271130123e-07,0.9950307273075538,0.004969272692446299,1.0
76488,nc73603886,36.8638333,-121.4133333,2021-08-01 14:50:04.890,3.0,2.0,0.0,5.649065271130123e-07,0.9999919397553869,8.060244612997498e-06,1.0
76509,nc73604311,36.6203333,-121.2255,2021-08-02 13:52:14.830,2.2,2.0,0.0,5.649065271130123e-07,0.9999540219382569,4.5978061742961776e-05,1.0
76637,nc73605906,36.5616667,-121.1526667,2021-08-05 00:50:23.810,2.1,2.0,0.0,5.649065271130123e-07,0.9998320314497127,0.0001679685502873189,1.0
76688,nc73606711,36.6125,-121.2238333,2021-08-06 21:59:28.570,2.0,2.0,0.0,5.649065271130123e-07,0.9998883771580186,0.00011162284198154062,1.0
76690,nc73606791,37.0721667,-121.5096667,2021-08-07 00:57:06.250,2.2,2.0,0.0,5.649065271130123e-07,0.9320225183312524,0.0679774816687476,1.0
76693,nc73606811,36.8856667,-121.4146667,2021-08-07 02:23:53.080,2.8000000000000003,2.0,0.0,5.649065271130123e-07,0.9999221583484296,7.784165157049115e-05,1.0
76728,nc73607371,37.2605,-122.0011667,2021-08-08 10:24:58.000,2.2,2.0,0.0,5.649065271130123e-07,0.2364968415723688,0.7635031584276312,1.0
76736,nc73607441,37.351,-122.203,2021-08-08 16:07:20.950,2.4000000000000004,2.0,0.0,5.649065271130123e-07,0.9347633754482468,0.06523662455175308,1.0
76764,ci39768239,33.1946667,-115.6115,2021-08-09 14:01:12.970,2.0,2.0,0.0,5.649065271130123e-07,0.9993102301236687,0.0006897698763312573,1.0
76797,nc73608291,36.1943333,-120.7646667,2021-08-10 15:27:39.780,2.0,2.0,0.0,5.649065271130123e-07,0.9993874855979632,0.0006125144020368491,1.0
76839,nc73609036,38.2515,-122.9205,2021-08-12 02:59:16.360,2.3000000000000003,2.0,0.0,5.649065271130123e-07,0.0,1.0,1.0
76862,ci39772319,34.084,-117.4911667,2021-08-13 03:15:07.620,2.5,2.0,0.0,5.649065271130123e-07,0.9593799670131715,0.040620032986828356,1.0
76884,ci39772927,34.0091667,-117.1855,2021-08-13 18:57:33.110,2.4000000000000004,2.0,0.0,5.649065271130123e-07,0.9987551121111398,0.0012448878888601063,1.0
76891,nc73609906,36.6183333,-121.1706667,2021-08-14 03:47:21.310,2.5,2.0,0.0,5.649065271130123e-07,0.9962390003735124,0.0037609996264874605,1.0
76892,nc73609911,36.6195,-121.1713333,2021-08-14 03:54:24.950,2.0,2.0,0.0,5.649065271130123e-07,0.999999827565581,1.724344188568449e-07,1.0
76893,nc73609916,36.6195,-121.1725,2021-08-14 03:59:28.130,2.2,2.0,0.0,5.649065271130123e-07,0.999999896586562,1.0341343807479234e-07,1.0
76894,nc73609926,36.6211667,-121.1786667,2021-08-14 05:12:28.870,2.7,2.0,0.0,5.649065271130123e-07,0.9999960447095781,3.955290421906277e-06,1.0
76917,nc73610271,36.519,-121.1055,2021-08-15 08:36:52.640,2.0,2.0,0.0,5.649065271130123e-07,0.9981451606791688,0.0018548393208310814,1.0
76931,nc73610526,35.9791667,-120.5321667,2021-08-16 00:27:31.080,2.1,2.0,0.0,5.649065271130123e-07,0.9994563332472478,0.0005436667527522095,1.0
76938,nc73610586,35.884,-120.428,2021-08-16 05:03:11.910,2.6,2.0,0.0,5.649065271130123e-07,0.8874484620147739,0.11255153798522602,1.0
76952,ci39774951,34.14,-116.443,2021-08-16 18:59:38.390,3.1,2.0,0.0,5.649065271130123e-07,0.9993213033649249,0.0006786966350751287,1.0
76960,ci39775271,33.9776667,-116.9651667,2021-08-17 04:28:36.440,2.3000000000000003,2.0,0.0,5.649065271130123e-07,0.9861884341376709,0.013811565862329308,1.0
76961,nc73610866,36.6078333,-121.2078333,2021-08-17 06:06:43.800,2.4000000000000004,2.0,0.0,5.649065271130123e-07,0.9999469138035448,5.3086196455121356e-05,1.0
76982,nc73611326,36.7311667,-121.3935,2021-08-17 21:14:22.800,2.9000000000000004,2.0,0.0,5.649065271130123e-07,0.9921583598920443,0.007841640107955693,1.0
77027,ci40014768,34.0333333,-116.7481667,2021-08-19 02:39:51.450,2.2,2.0,0.0,5.649065271130123e-07,0.9639497982341697,0.036050201765830334,1.0
77042,nc73611911,38.313,-123.0568333,2021-08-19 10:12:06.140,2.1,2.0,0.0,5.649065271130123e-07,0.0,1.0,1.0
77111,nc73613006,36.772,-121.374,2021-08-21 19:54:46.550,3.1,2.0,0.0,5.649065271130123e-07,0.9749307680036123,0.02506923199638764,1.0
77141,ci40017696,34.057,-116.316,2021-08-22 03:39:51.350,2.0,2.0,0.0,5.649065271130123e-07,0.6307916280585113,0.3692083719414886,1.0
77276,ci40022280,33.9555,-116.9481667,2021-08-26 01:43:14.380,2.3000000000000003,2.0,0.0,5.649065271130123e-07,0.9794181847832664,0.020581815216733693,1.0
77362,nc73616421,36.6206667,-121.2255,2021-08-27 13:45:51.670,2.0,2.0,0.0,5.649065271130123e-07,0.9999646007665148,3.539923348512604e-05,1.0
77386,nc73616676,36.5395,-121.1321667,2021-08-27 22:50:11.600,2.1,2.0,0.0,5.649065271130123e-07,0.9994488217742008,0.0005511782257992853,1.0
77509,ci40027728,35.0301667,-119.0943333,2021-08-31 01:59:51.170,2.7,2.0,0.0,5.649065271130123e-07,0.6532423405579706,0.3467576594420294,1.0
77526,nc73618401,36.5781667,-121.1828333,2021-08-31 16:09:56.600,4.0,2.0,0.0,5.649065271130123e-07,0.999721260641572,0.0002787393584280818,1.0
77562,ci40029104,33.8088333,-116.0791667,2021-09-01 13:00:43.730,2.1,2.0,0.0,5.649065271130123e-07,0.999433251565028,0.0005667484349719572,1.0
77563,nc73618766,36.4731667,-121.068,2021-09-01 13:14:28.460,2.1,2.0,0.0,5.649065271130123e-07,0.9959931302428828,0.00400686975711699,1.0
77568,ci40029304,34.0535,-117.2263333,2021-09-01 16:41:39.750,2.0,2.0,0.0,5.649065271130123e-07,0.9941980863047222,0.005801913695277872,1.0
77584,ci40029872,33.2298333,-115.563,2021-09-02 09:05:37.530,2.1,2.0,0.0,5.649065271130123e-07,0.9615629748314528,0.038437025168547224,1.0
77585,ci40029880,33.23,-115.5601667,2021-09-02 09:06:41.420,2.1,2.0,0.0,5.649065271130123e-07,0.9999999141592212,8.584077878220336e-08,1.0
77586,ci40029888,33.2281667,-115.567,2021-09-02 09:08:55.520,2.2,2.0,0.0,5.649065271130123e-07,0.9999997156134783,2.8438652171917105e-07,1.0
77662,nc73620071,36.967,-121.6151667,2021-09-04 16:15:13.950,2.2,2.0,0.0,5.649065271130123e-07,0.9995324989598261,0.00046750104017400355,1.0
77708,ci40034296,34.1073333,-116.4033333,2021-09-06 09:18:19.720,2.0,2.0,0.0,5.649065271130123e-07,0.9702681630323231,0.02973183696767698,1.0
77768,ci40036480,34.0166667,-117.2273333,2021-09-08 10:22:53.590,2.6,2.0,0.0,5.649065271130123e-07,0.9992543723023027,0.0007456276976972528,1.0
77784,nc73622436,36.6578333,-121.2806667,2021-09-09 01:31:24.870,2.5,2.0,0.0,5.649065271130123e-07,0.9998635121944188,0.0001364878055811778,1.0
77796,ci40037896,34.1378333,-117.4456667,2021-09-09 15:01:24.820,2.6,2.0,0.0,5.649065271130123e-07,0.966915911265103,0.03308408873489697,1.0
77833,nc73623146,36.6446667,-121.2578333,2021-09-10 14:59:09.000,2.2,2.0,0.0,5.649065271130123e-07,0.9998989740092681,0.00010102599073200744,1.0
77839,nc73623266,36.891,-121.61,2021-09-10 21:47:14.710,2.0,2.0,0.0,5.649065271130123e-07,0.9993123229962025,0.0006876770037974661,1.0
77845,nc73623361,36.5855,-121.188,2021-09-11 00:57:31.600,2.1,2.0,0.0,5.649065271130123e-07,0.9999152707426563,8.472925734376169e-05,1.0
77848,nc73623416,36.6048333,-121.1395,2021-09-11 03:01:11.810,2.0,2.0,0.0,5.649065271130123e-07,0.9974133540114795,0.002586645988520535,1.0
77886,nc73624041,36.6341667,-121.253,2021-09-12 15:04:30.800,2.0,2.0,0.0,5.649065271130123e-07,0.9998059073860955,0.00019409261390441427,1.0
77930,ci39807671,33.9533333,-116.9481667,2021-09-14 02:29:06.720,2.2,2.0,0.0,5.649065271130123e-07,0.9998453544207303,0.00015464557926967023,1.0
77933,nc73624666,36.2965,-120.5926667,2021-09-14 07:38:52.100,3.8000000000000003,2.0,0.0,5.649065271130123e-07,0.13554555950363165,0.8644544404963684,1.0
77949,ci39808671,34.2418333,-117.4888333,2021-09-14 21:36:26.190,2.9000000000000004,2.0,0.0,5.649065271130123e-07,0.9450274033231096,0.05497259667689027,1.0
77960,ci39809303,34.4411667,-117.9455,2021-09-15 10:01:32.040,2.3000000000000003,2.0,0.0,5.649065271130123e-07,0.9599242150973909,0.04007578490260907,1.0
77964,nc73625111,35.8598333,-120.4038333,2021-09-15 12:51:06.400,2.3000000000000003,2.0,0.0,5.649065271130123e-07,0.9986495491624133,0.001350450837586682,1.0
77987,nc73625371,36.0445,-120.6135,2021-09-16 02:45:42.970,2.8000000000000003,2.0,0.0,5.649065271130123e-07,0.9993968760916508,0.0006031239083492257,1.0
78009,ci39811367,34.1893333,-116.8138333,2021-09-17 01:52:36.690,2.2,2.0,0.0,5.649065271130123e-07,0.6310709351039857,0.36892906489601435,1.0
78013,nc73625771,36.5835,-121.1836667,2021-09-17 03:18:28.630,2.0,2.0,0.0,5.649065271130123e-07,0.9999515628510605,4.8437148939527877e-05,1.0
78028,ci39811703,33.9826667,-116.9701667,2021-09-17 13:02:26.480,2.7,2.0,0.0,5.649065271130123e-07,0.9984138404390486,0.001586159560951419,1.0
78035,nc73626026,36.8933333,-121.6116667,2021-09-17 16:10:55.740,2.2,2.0,0.0,5.649065271130123e-07,0.9999139063153126,8.609368468735189e-05,1.0
78044,nc73626196,36.2436667,-120.8266667,2021-09-18 01:22:24.320,2.1,2.0,0.0,5.649065271130123e-07,0.9971376092387949,0.002862390761205092,1.0
78055,nc73626351,36.9376667,-121.323,2021-09-18 11:31:21.300,2.0,2.0,0.0,5.649065271130123e-07,0.6440003781671718,0.3559996218328282,1.0
78063,nc73626466,36.4788333,-121.0503333,2021-09-18 16:35:34.740,2.0,2.0,0.0,5.649065271130123e-07,0.9988366692845947,0.001163330715405238,1.0
78081,nc73626691,36.9381667,-121.3261667,2021-09-19 05:56:36.430,2.1,2.0,0.0,5.649065271130123e-07,0.9999800346719698,1.9965328030183507e-05,1.0
78259,nc73628881,35.9691667,-120.5223333,2021-09-24 15:04:10.220,2.2,2.0,0.0,5.649065271130123e-07,0.9997458575180769,0.000254142481923132,1.0
78284,ci39818887,34.2046667,-117.5706667,2021-09-25 15:24:53.270,2.0,2.0,0.0,5.649065271130123e-07,0.9857546738696791,0.014245326130321012,1.0
78286,ci39818919,34.2038333,-117.5713333,2021-09-25 15:49:48.270,2.3000000000000003,2.0,0.0,5.649065271130123e-07,0.999999482685614,5.17314386029356e-07,1.0
78305,nc73629686,40.2491667,-124.1636667,2021-09-26 08:51:30.240,3.6,2.0,0.0,5.649065271130123e-07,0.9936997269376509,0.0063002730623492355,1.0
78310,ci39819679,33.8858333,-116.9156667,2021-09-26 16:31:46.820,2.0,2.0,0.0,5.649065271130123e-07,0.8003877338377885,0.19961226616221153,1.0
78318,nc73629866,36.7235,-121.367,2021-09-26 19:35:08.780,2.1,2.0,0.0,5.649065271130123e-07,0.9974378983720169,0.0025621016279830555,1.0
78344,nc73630191,40.2585,-124.1636667,2021-09-27 22:27:55.090,2.7,2.0,0.0,5.649065271130123e-07,0.9998618213683383,0.00013817863166180644,1.0
78378,nc73630596,35.7593333,-120.31,2021-09-28 19:41:18.800,3.2,2.0,0.0,5.649065271130123e-07,0.9752239186531733,0.02477608134682672,1.0
78404,ci40059224,34.1008333,-116.8953333,2021-09-29 12:04:24.030,2.2,2.0,0.0,5.649065271130123e-07,0.8974455085279165,0.10255449147208358,1.0
78416,nc73631076,36.664,-121.2876667,2021-09-29 18:30:08.690,2.0,2.0,0.0,5.649065271130123e-07,0.9998041943967236,0.00019580560327633672,1.0
78423,nc73631171,36.5788333,-121.1843333,2021-09-29 22:20:35.910,2.8000000000000003,2.0,0.0,5.649065271130123e-07,0.9999498394498904,5.0160550109823655e-05,1.0
78424,nc73631176,36.5851667,-121.1828333,2021-09-29 23:07:07.620,2.0,2.0,0.0,5.649065271130123e-07,0.999994914014708,5.085985291999664e-06,1.0
78454,ci40060160,34.1386667,-116.4441667,2021-10-01 03:46:56.750,3.1,2.0,0.0,5.649065271130123e-07,0.9998565916344169,0.0001434083655832388,1.0
78488,nc73632091,36.6643333,-121.2826667,2021-10-02 00:11:53.070,2.0,2.0,0.0,5.649065271130123e-07,0.9999257757630309,7.422423696905785e-05,1.0
78542,nc73632851,36.4946667,-121.0755,2021-10-03 12:06:32.720,2.2,2.0,0.0,5.649065271130123e-07,0.9997242128804633,0.00027578711953648975,1.0
78568,nc73633396,36.5891667,-121.2886667,2021-10-04 23:07:48.800,3.7,2.0,0.0,5.649065271130123e-07,0.957838902854429,0.042161097145571,1.0
78579,nc73633446,36.496,-121.0763333,2021-10-05 00:51:38.340,2.0,2.0,0.0,5.649065271130123e-07,0.9999839914683368,1.6008531663095588e-05,1.0
78580,nc73633451,36.487,-121.0993333,2021-10-05 00:51:49.200,2.4000000000000004,2.0,0.0,5.649065271130123e-07,0.9999943710846353,5.628915364681576e-06,1.0
78622,ci40063464,33.7835,-116.0545,2021-10-05 15:32:23.540,2.9000000000000004,2.0,0.0,5.649065271130123e-07,0.9980625338062182,0.0019374661937817037,1.0
78634,nc73633906,36.6753333,-121.3061667,2021-10-05 20:13:07.260,2.2,2.0,0.0,5.649065271130123e-07,0.9997982798186328,0.00020172018136717558,1.0
78731,nc73637640,36.7878333,-121.5255,2021-10-09 22:40:32.290,2.1,2.0,0.0,5.649065271130123e-07,0.9990597444428091,0.0009402555571908648,1.0
78739,ci40066856,34.1008333,-116.9528333,2021-10-10 07:38:24.320,2.1,2.0,0.0,5.649065271130123e-07,0.8990145208956786,0.10098547910432132,1.0
78876,nc73639995,36.358,-120.9353333,2021-10-15 21:07:48.590,2.1,2.0,0.0,5.649065271130123e-07,0.9523387128818857,0.047661287118114265,1.0
78892,nc73640175,36.7251667,-121.4146667,2021-10-16 07:53:58.290,2.0,2.0,0.0,5.649065271130123e-07,0.9904904789147907,0.009509521085209326,1.0
78916,nc73640590,36.6798333,-121.3048333,2021-10-17 12:24:54.960,2.0,2.0,0.0,5.649065271130123e-07,0.9998801146434938,0.00011988535650615829,1.0
78933,ci39836167,33.9891667,-117.181,2021-10-17 20:17:14.280,2.4000000000000004,2.0,0.0,5.649065271130123e-07,0.9888146486409995,0.011185351359000449,1.0
78948,nc73641065,36.5805,-121.1808333,2021-10-18 08:13:53.720,2.2,2.0,0.0,5.649065271130123e-07,0.9999517955931261,4.8204406873905344e-05,1.0
78953,nc73641125,36.8146667,-121.5498333,2021-10-18 10:14:20.510,2.9000000000000004,2.0,0.0,5.649065271130123e-07,0.9987080042349941,0.0012919957650060043,1.0
78956,ci39836727,33.9688333,-117.233,2021-10-18 17:45:37.680,2.2,2.0,0.0,5.649065271130123e-07,0.9770338163300623,0.022966183669937676,1.0
78973,nc73641455,36.5966667,-121.1273333,2021-10-19 13:56:34.810,2.2,2.0,0.0,5.649065271130123e-07,0.994817082867442,0.005182917132558079,1.0
78998,nc73641845,36.6796667,-121.3088333,2021-10-20 08:52:50.670,2.7,2.0,0.0,5.649065271130123e-07,0.9999483714060946,5.16285939053193e-05,1.0
78999,nc73641850,36.6708333,-121.3173333,2021-10-20 08:57:15.880,3.7,2.0,0.0,5.649065271130123e-07,0.9999953873599196,4.612640080434026e-06,1.0
79009,nc73641935,36.6791667,-121.3051667,2021-10-20 14:07:02.380,2.5,2.0,0.0,5.649065271130123e-07,0.9999957604646876,4.239535312345783e-06,1.0
79048,nc73642530,36.4601667,-121.0541667,2021-10-21 22:07:54.470,2.0,2.0,0.0,5.649065271130123e-07,0.9974088812395124,0.002591118760487573,1.0
79098,nc73643550,36.9551667,-121.5913333,2021-10-23 16:28:35.790,2.3000000000000003,2.0,0.0,5.649065271130123e-07,0.9982218653487134,0.0017781346512866754,1.0
79104,ci39840927,34.1101667,-117.3183333,2021-10-23 21:24:47.440,2.1,2.0,0.0,5.649065271130123e-07,0.9995879179798105,0.00041208202018966567,1.0
79121,nc73643960,36.8743333,-121.3431667,2021-10-24 06:17:16.270,2.0,2.0,0.0,5.649065271130123e-07,0.9749201700917556,0.0250798299082443,1.0
79153,nc73644370,36.5791667,-121.1766667,2021-10-25 11:07:11.980,2.1,2.0,0.0,5.649065271130123e-07,0.9999420755070805,5.7924492919532824e-05,1.0
79163,nc73644485,36.5843333,-121.179,2021-10-25 16:21:32.600,2.2,2.0,0.0,5.649065271130123e-07,0.9999802801934561,1.9719806544025996e-05,1.0
79164,ci39841839,34.1841667,-116.7375,2021-10-25 19:00:16.470,2.2,2.0,0.0,5.649065271130123e-07,0.6767415869515753,0.3232584130484248,1.0
79167,nc73644530,36.5843333,-121.1835,2021-10-25 19:50:40.370,2.1,2.0,0.0,5.649065271130123e-07,0.9999936471019932,6.352898006739659e-06,1.0
79191,ci39842055,34.0335,-116.9793333,2021-10-26 07:08:41.690,2.5,2.0,0.0,5.649065271130123e-07,0.9725092805066988,0.027490719493301122,1.0
79205,ci39842199,33.7708333,-116.1198333,2021-10-26 18:24:07.940,2.4000000000000004,2.0,0.0,5.649065271130123e-07,0.9901942812981892,0.009805718701810849,1.0
79233,nc73645465,36.6771667,-121.3083333,2021-10-27 12:31:30.110,2.0,2.0,0.0,5.649065271130123e-07,0.9999742141588174,2.578584118260282e-05,1.0
79236,nc73645595,36.5845,-121.1945,2021-10-27 18:48:07.890,2.0,2.0,0.0,5.649065271130123e-07,0.9998388330451593,0.0001611669548406021,1.0
79252,ci39843455,34.029,-117.2386667,2021-10-28 23:01:59.620,2.0,2.0,0.0,5.649065271130123e-07,0.9989536651335779,0.0010463348664220455,1.0
79280,nc73646340,35.7098333,-120.2583333,2021-10-29 21:23:37.500,2.2,2.0,0.0,5.649065271130123e-07,0.6995289295119527,0.30047107048804733,1.0
79289,nc73646385,36.4945,-121.0738333,2021-10-30 00:35:52.520,2.3000000000000003,2.0,0.0,5.649065271130123e-07,0.9999256709226647,7.432907733522001e-05,1.0
79297,nc73646510,36.6793333,-121.3061667,2021-10-30 08:29:46.850,2.0,2.0,0.0,5.649065271130123e-07,0.9999857830037997,1.4216996200350042e-05,1.0
79330,nc73646960,36.5528333,-121.1443333,2021-10-31 10:28:55.440,2.3000000000000003,2.0,0.0,5.649065271130123e-07,0.9997103572063168,0.00028964279368313603,1.0
79359,nc73647695,36.4668333,-121.0465,2021-11-02 03:51:58.860,2.3000000000000003,2.0,0.0,5.649065271130123e-07,0.9997580490607882,0.0002419509392116367,1.0
79360,nc73647715,36.4631667,-121.0721667,2021-11-02 05:16:38.510,2.2,2.0,0.0,5.649065271130123e-07,0.9996302398565529,0.0003697601434472122,1.0
79435,nc73648865,36.7695,-121.5095,2021-11-05 05:59:32.760,2.0,2.0,0.0,5.649065271130123e-07,0.9948734281974771,0.00512657180252289,1.0
79442,nc73649095,36.6908333,-121.3336667,2021-11-05 12:32:34.420,2.0,2.0,0.0,5.649065271130123e-07,0.9989048641358815,0.0010951358641184507,1.0
79470,nc73649635,36.6728333,-121.3006667,2021-11-06 19:03:21.040,2.1,2.0,0.0,5.649065271130123e-07,0.9998686214112883,0.00013137858871179546,1.0
79472,nc73649645,36.4565,-121.0408333,2021-11-06 20:18:21.760,2.3000000000000003,2.0,0.0,5.649065271130123e-07,0.9994563319978818,0.000543668002118466,1.0
79477,nc73649745,36.8965,-121.4056667,2021-11-07 03:46:15.760,2.4000000000000004,2.0,0.0,5.649065271130123e-07,0.9925050063297648,0.007494993670235253,1.0
79506,nc73650505,36.4771667,-121.0523333,2021-11-08 21:36:12.900,2.4000000000000004,2.0,0.0,5.649065271130123e-07,0.9997532392282011,0.00024676077179855205,1.0
79530,nc73650900,36.2415,-120.8143333,2021-11-10 02:21:08.170,2.2,2.0,0.0,5.649065271130123e-07,0.9986364442934027,0.0013635557065971987,1.0
79535,nc73650950,36.7023333,-121.3423333,2021-11-10 05:17:30.110,2.3000000000000003,2.0,0.0,5.649065271130123e-07,0.9996743879670829,0.0003256120329171327,1.0
79553,nc73651380,36.6985,-121.2018333,2021-11-11 03:25:48.480,2.3000000000000003,2.0,0.0,5.649065271130123e-07,0.9810914038273963,0.01890859617260375,1.0
79607,nc73652555,36.8021667,-121.5358333,2021-11-14 06:20:43.730,2.1,2.0,0.0,5.649065271130123e-07,0.9996593716498096,0.00034062835019055607,1.0
79623,nc73652930,35.9445,-120.4905,2021-11-15 09:28:29.470,3.2,2.0,0.0,5.649065271130123e-07,0.9991742142746238,0.0008257857253762153,1.0
79631,nc73653115,36.6943333,-121.3296667,2021-11-15 17:11:48.010,2.3000000000000003,2.0,0.0,5.649065271130123e-07,0.9997708613577267,0.00022913864227314408,1.0
79635,ci40097992,34.2235,-117.4528333,2021-11-15 20:38:06.430,2.1,2.0,0.0,5.649065271130123e-07,0.9967675026941049,0.0032324973058951052,1.0
79726,nc73654820,36.7535,-121.3535,2021-11-19 06:12:45.550,2.2,2.0,0.0,5.649065271130123e-07,0.9981151830979283,0.0018848169020715838,1.0
79749,nc73655080,38.2061667,-122.9591667,2021-11-19 22:22:25.430,2.4000000000000004,2.0,0.0,5.649065271130123e-07,0.28422630762855955,0.7157736923714405,1.0
79751,ci39864743,33.9943333,-116.7871667,2021-11-20 01:39:18.760,3.2,2.0,0.0,5.649065271130123e-07,0.9777865610375878,0.022213438962412183,1.0
79763,ci39865071,34.794,-118.949,2021-11-20 06:00:10.000,2.2,2.0,0.0,5.649065271130123e-07,0.7924009460539198,0.20759905394608025,1.0
79784,nc73655780,37.2123333,-121.7281667,2021-11-21 04:00:08.640,2.2,2.0,0.0,5.649065271130123e-07,0.010494548012236175,0.9895054519877639,1.0
79799,nc73655960,36.4598333,-121.0405,2021-11-21 19:26:56.070,2.1,2.0,0.0,5.649065271130123e-07,0.9998539823705861,0.00014601762941390958,1.0
79811,nc73656305,36.5393333,-121.1243333,2021-11-22 12:57:52.660,2.0,2.0,0.0,5.649065271130123e-07,0.9996899434897027,0.0003100565102972538,1.0
79814,nc73656350,36.5588333,-121.1423333,2021-11-22 15:13:11.560,2.3000000000000003,2.0,0.0,5.649065271130123e-07,0.9996967797389241,0.0003032202610759451,1.0
79815,nc73656365,36.5571667,-121.1438333,2021-11-22 15:36:04.570,2.0,2.0,0.0,5.649065271130123e-07,0.9999993487834791,6.512165209994175e-07,1.0
79819,nc73656410,36.5591667,-121.1456667,2021-11-22 18:32:09.700,2.0,2.0,0.0,5.649065271130123e-07,0.9999976816700011,2.318329998768042e-06,1.0
79826,nc73656545,36.685,-121.3226667,2021-11-23 01:03:06.640,2.6,2.0,0.0,5.649065271130123e-07,0.9996040819976492,0.0003959180023508292,1.0
79829,nc73656560,36.687,-121.3188333,2021-11-23 01:40:27.490,2.9000000000000004,2.0,0.0,5.649065271130123e-07,0.9999982880120968,1.7119879032709073e-06,1.0
79831,nc73656570,36.8435,-121.5781667,2021-11-23 01:57:22.820,2.1,2.0,0.0,5.649065271130123e-07,0.9997186526766279,0.00028134732337217896,1.0
79855,nc73657230,36.5693333,-121.1448333,2021-11-24 14:18:51.720,2.0,2.0,0.0,5.649065271130123e-07,0.9997548113947725,0.00024518860522741655,1.0
79862,nc73657405,36.7405,-121.4583333,2021-11-25 00:10:51.660,2.0,2.0,0.0,5.649065271130123e-07,0.9970375158884837,0.002962484111516211,1.0
79871,nc73657500,40.2498333,-124.162,2021-11-25 09:18:15.220,2.3000000000000003,2.0,0.0,5.649065271130123e-07,0.9998618519834681,0.00013814801653205946,1.0
79872,nc73657510,40.243,-124.1473333,2021-11-25 10:10:05.530,2.6,2.0,0.0,5.649065271130123e-07,0.9999305078490169,6.949215098308944e-05,1.0
79922,ci39871631,34.2285,-116.7508333,2021-11-27 14:12:30.130,2.6,2.0,0.0,5.649065271130123e-07,0.9978125060869297,0.0021874939130703047,1.0
79933,ci39872327,34.0375,-117.0871667,2021-11-28 00:20:11.160,2.0,2.0,0.0,5.649065271130123e-07,0.9179382936999061,0.0820617063000938,1.0
80011,nc73658581,36.702,-121.3383333,2021-12-02 00:27:44.310,2.3000000000000003,2.0,0.0,5.649065271130123e-07,0.9998732183161269,0.0001267816838732681,1.0
80021,nc73658931,36.894,-121.6136667,2021-12-02 18:34:35.400,2.5,2.0,0.0,5.649065271130123e-07,0.9998098739584796,0.00019012604152024852,1.0
80034,nc73659211,36.5985,-121.206,2021-12-03 14:03:36.830,2.3000000000000003,2.0,0.0,5.649065271130123e-07,0.9997996690776996,0.00020033092230040158,1.0
80103,ci39879543,34.1843333,-116.7376667,2021-12-05 10:58:54.320,2.0,2.0,0.0,5.649065271130123e-07,0.9998467836714184,0.00015321632858160094,1.0
80104,ci39879567,34.0138333,-117.2148333,2021-12-05 11:10:33.750,2.7,2.0,0.0,5.649065271130123e-07,0.9976915386908467,0.002308461309153336,1.0
80146,ci39882375,34.2005,-117.5068333,2021-12-08 10:28:04.820,3.6,2.0,0.0,5.649065271130123e-07,0.9612482253511428,0.038751774648857075,1.0
80158,nc73661611,40.2513333,-124.16,2021-12-09 04:28:33.800,2.7,2.0,0.0,5.649065271130123e-07,0.9999147718638091,8.522813619095802e-05,1.0
80200,nc73662336,36.6838333,-121.3311667,2021-12-10 23:02:26.510,2.2,2.0,0.0,5.649065271130123e-07,0.9996046384614519,0.00039536153854825135,1.0
80238,nc73663271,36.6846667,-121.3133333,2021-12-13 14:00:35.480,2.5,2.0,0.0,5.649065271130123e-07,0.9998808296838769,0.00011917031612322115,1.0
80248,nc73663366,37.4368333,-122.441,2021-12-13 21:48:15.540,2.2,2.0,0.0,5.649065271130123e-07,0.0021510546914292566,0.9978489453085707,1.0
80275,nc73663811,36.535,-121.1196667,2021-12-15 01:56:26.530,2.4000000000000004,2.0,0.0,5.649065271130123e-07,0.9997275511288892,0.0002724488711106625,1.0
80276,nc73663816,36.7525,-121.3503333,2021-12-15 02:16:27.290,2.0,2.0,0.0,5.649065271130123e-07,0.9997408867102688,0.00025911328973089997,1.0
80278,nc73663836,39.1,-123.5736667,2021-12-15 02:39:39.700,2.0,2.0,0.0,5.649065271130123e-07,0.8277838394091723,0.17221616059082764,1.0
80279,nc73663871,36.8858333,-121.419,2021-12-15 04:16:57.300,2.0,2.0,0.0,5.649065271130123e-07,0.9995671469947425,0.0004328530052575932,1.0
80313,ci40129040,33.7515,-115.916,2021-12-16 22:36:59.270,2.0,2.0,0.0,5.649065271130123e-07,0.9993950396972157,0.0006049603027843819,1.0
80315,ci40129088,33.7476667,-115.9213333,2021-12-17 01:08:01.640,2.0,2.0,0.0,5.649065271130123e-07,0.9999803446266863,1.9655373313704704e-05,1.0
80327,ci40129536,33.265,-115.6398333,2021-12-17 16:35:32.680,2.0,2.0,0.0,5.649065271130123e-07,0.9853743270444829,0.0146256729555171,1.0
80329,ci40129648,33.7525,-115.917,2021-12-17 18:59:35.610,2.2,2.0,0.0,5.649065271130123e-07,0.9999899638757135,1.0036124286475038e-05,1.0
80334,ci40130000,34.0015,-116.9965,2021-12-18 02:28:30.860,2.2,2.0,0.0,5.649065271130123e-07,0.9857273965962143,0.014272603403785774,1.0
80353,ci40130624,34.0473333,-117.0453333,2021-12-18 19:16:20.020,2.9000000000000004,2.0,0.0,5.649065271130123e-07,0.9987598125235294,0.0012401874764707277,1.0
80379,nc73666026,37.6268333,-122.487,2021-12-20 06:02:34.420,2.0,2.0,0.0,5.649065271130123e-07,0.9612223780738746,0.03877762192612541,1.0
80584,ci39894799,34.2655,-117.4681667,2021-12-23 12:16:27.930,2.4000000000000004,2.0,0.0,5.649065271130123e-07,0.9692311385929588,0.030768861407041197,1.0
80666,nc73668536,36.4725,-121.048,2021-12-26 01:51:19.020,2.2,2.0,0.0,5.649065271130123e-07,0.9997063436691042,0.0002936563308958203,1.0
80673,nc73668566,36.5941667,-121.1905,2021-12-26 07:19:46.530,3.2,2.0,0.0,5.649065271130123e-07,0.999692094212492,0.0003079057875079337,1.0
80674,nc73668571,36.5878333,-121.1886667,2021-12-26 07:53:02.590,2.0,2.0,0.0,5.649065271130123e-07,0.9999968991889153,3.100811084745317e-06,1.0
80705,nc73668761,36.562,-121.1711667,2021-12-27 17:09:16.420,2.7,2.0,0.0,5.649065271130123e-07,0.9987048638482784,0.0012951361517215783,1.0
80726,ci39897879,34.1285,-117.4836667,2021-12-28 16:19:00.270,2.6,2.0,0.0,5.649065271130123e-07,0.9993725592054306,0.0006274407945693957,1.0
80727,ci39897903,33.8395,-116.1983333,2021-12-28 16:30:18.740,2.9000000000000004,2.0,0.0,5.649065271130123e-07,0.854020399609884,0.145979600390116,1.0
